id,title,titleKana,year,genre,director,cast,foldType,addedAt,panel1_url,panel1_label,panel1_orient,panel2_url,panel2_label,panel2_orient,panel3_url,panel3_label,panel3_orient,panel4_url,panel4_label,panel4_orient,isAdmin
Jan-57,トップガン マーヴェリック(シネマコンサート),ト,2025,,,,single,,https://res.cloudinary.com/hf9tv6vn/image/upload/57-1A.jpg,表面,portrait ,,,,,,,,,,FALSE
Feb-57,おばあちゃんと僕の約束,オ,2024,,パット・ブーンニティパット,プッティポン・アッサラッタナクン/ウシャ・セアムクン/サリンラット・トーマット/サンヤ・クナコーン/ポンサトーン・ジョンウィラート/トンタワン・タンティウェーチャクン,single,,https://res.cloudinary.com/hf9tv6vn/image/upload/57-2A.jpg,表面,portrait ,https://res.cloudinary.com/hf9tv6vn/image/upload/57-2B.jpg,裏面,portrait,,,,,,,
Mar-57,マーヴィーラン 伝説の勇者,マ,2023,,マドーン・アシュヴィン,シヴァカールティケーヤン/アディティ・シャンカル/サリダー/ミシュキン/モニシャー・ブレシー/ヨーギ・バーブ/スニール,single,,https://res.cloudinary.com/hf9tv6vn/image/upload/57-3A.jpg,表面,portrait ,https://res.cloudinary.com/hf9tv6vn/image/upload/57-3B.jpg,裏面,portrait,,,,,,,
Apr-57,ランド・オブ・バッド,ラ,2024,,ウィリアム・ユーバンク,リアム・ヘムズワース/ラッセル・クロウ/ルーク・ヘムズワース,single,,https://res.cloudinary.com/hf9tv6vn/image/upload/57-4A.jpg,表面,portrait ,https://res.cloudinary.com/hf9tv6vn/image/upload/57-4B.jpg,裏面,portrait,,,,,,,
May-57,ベスト・キッド レジェンズ,ベ,2025,,ジョナサン・エントウィッスル,ベン・ウォン/ジャッキー・チェン/ラルフ・マッチオ,single,,https://res.cloudinary.com/hf9tv6vn/image/upload/57-5A.jpg,表面,portrait ,https://res.cloudinary.com/hf9tv6vn/image/upload/57-5B.jpg,裏面,landscape,,,,,,,
Jun-57,ヒックとドラゴン,ヒ,2025,,ディーン・デュボア,メイソン・テムズ/ニコ・パーカー/ニック・フロスト/ジェラルド・バトラー,single,,https://res.cloudinary.com/hf9tv6vn/image/upload/57-6A.jpg,表面,portrait ,https://res.cloudinary.com/hf9tv6vn/image/upload/57-6B.jpg,裏面,portrait,,,,,,,
Jul-57,バレリーナ:The World of John Wick,バ,2025,,レン・ワイズマン,アナ・デ・アルマス/アンジェリカ・ヒューストン/ガブリエル・バーン/ランス・レディック/ノーマン・リーダス/イアン・マクシェーン/キアヌ・リーブス,bifold,,https://res.cloudinary.com/hf9tv6vn/image/upload/57-7A.jpg,表面,portrait ,https://res.cloudinary.com/hf9tv6vn/image/upload/57-7B.jpg,裏面,portrait,https://res.cloudinary.com/hf9tv6vn/image/upload/57-7C.jpg,中面,landscape,,,,
Aug-57,ファンタスティック4:ファースト・ステップ,フ,2025,,マット・シャックマン,ペドロ・パスカル/ヴァネッサ・カービー/エボン・モス＝バクラック/ジョセフ・クイン/ジュリア・ガーナー/サラ・ナイルズ/マーク・ゲイティス/ナターシャ・リオン/ポール・ウォルター・ハウザー/ラルフ・アイネソン,single,,https://res.cloudinary.com/hf9tv6vn/image/upload/57-8A.jpg,表面,portrait ,https://res.cloudinary.com/hf9tv6vn/image/upload/57-8B.jpg,裏面,portrait,,,,,,,
Sep-57,ブラックドッグ,ブ,2025,,グアン・フー,エディ・ポン/ジャ・ジャンク―/トン・リーヤー/チャン・イー/ジョウ・ユー,single,,https://res.cloudinary.com/hf9tv6vn/image/upload/57-9A.jpg,表面,portrait ,https://res.cloudinary.com/hf9tv6vn/image/upload/57-9B.jpg,裏面,portrait,,,,,,,
Oct-57,ラスト・ブレス,ラ,2025,,アレックス・パーキンソン,ウディ・ハレルソン/シム・リウ/フィン・コール/クリフ・カーティス,single,,https://res.cloudinary.com/hf9tv6vn/image/upload/57-10A.jpg,表面,portrait ,https://res.cloudinary.com/hf9tv6vn/image/upload/57-10B.jpg,裏面,portrait,,,,,,,
Nov-57,テレビの中に入りたい,テ,2024,,ジェーン・シェーンブルン,ジャスティス・スミス/ジャック・ヘヴン/イアン・フォアマン/ヘレナ・ハワード/フレッド・ダースト/リンジー・ジョーダン,bifold,,https://res.cloudinary.com/hf9tv6vn/image/upload/57-11A.jpg,表面,portrait ,https://res.cloudinary.com/hf9tv6vn/image/upload/57-11B.jpg,裏面,portrait,https://res.cloudinary.com/hf9tv6vn/image/upload/57-11C.jpg,中面,landscape,,,,
Dec-57,ザ・ザ・コルダのフェニキア計画,ザ,2025,,ウェス・アンダーソン,ベニチオ・デル・トロ/ミア・スレアプレトン/マイケル・セラ/リズ・アーメッド/トム・ハンクス/ ブライアン・クランストン/マチュー・アマルリック/リチャード・アイオアディ/ジェフリー・ライト/ スカーレット・ヨハンソン/ベネディクト・カンバーバッチ/ルパート・フレンド/ホープ・デイビス,single,,https://res.cloudinary.com/hf9tv6vn/image/upload/57-12A.jpg,表面,portrait ,https://res.cloudinary.com/hf9tv6vn/image/upload/57-12B.jpg,裏面,portrait,,,,,,,
57-13,パルテノペ　ナポリの宝石,パ,2025,,パオロ・ソレンティーノ,セレステ・ダッラ・ポルタ/ステファニア・サンドレッリ/ゲイリー・オールドマン/シルヴィオ・オルランド/ルイーザ・ラニエリ/ペッペ・ランツェッタ/イザベラ・フェラーリ,single,,https://res.cloudinary.com/hf9tv6vn/image/upload/57-13A.jpg,表面,portrait ,https://res.cloudinary.com/hf9tv6vn/image/upload/57-13B.jpg,裏面,portrait,,,,,,,
57-14,タンゴの後で,タ,2025,,ジェシカ・パルー,アナマリア・ヴァルトロメイ/ マット・ディロン/ ジュゼッペ・マッジョ/ イヴァン・アタル/ マリー・ジラン,single,,https://res.cloudinary.com/hf9tv6vn/image/upload/57-14A.jpg,表面,portrait ,https://res.cloudinary.com/hf9tv6vn/image/upload/57-14B.jpg,裏面,portrait,,,,,,,
57-15,リモノフ,リ,2025,,キリル・セレブレンニコフ,ベン・ウィショー/ヴィクトリア・ミロシニチェンコ/トマス・アラナ,single,,https://res.cloudinary.com/hf9tv6vn/image/upload/57-15A.jpg,表面,portrait ,https://res.cloudinary.com/hf9tv6vn/image/upload/57-15B.jpg,裏面,portrait,,,,,,,
57-16,ハンサム・ガイズ,ハ,2025,,ナム・ドンヒョプ,イ・ソンミン/イ・ヒジュン/コン・スンヨン/パク・ジファン/イ・ギュヒョン,single,,https://res.cloudinary.com/hf9tv6vn/image/upload/57-16A.jpg,表面,portrait ,https://res.cloudinary.com/hf9tv6vn/image/upload/57-16B.jpg,裏面,portrait,,,,,,,
57-17,さよならはスローボールで,サ,2025,,カーソン・ランド,キース・ウィリアム・リチャーズ/ビル・“スペースマン”・リー/クリフ・ブレイク/ フレデリック・ワイズマン,single,,https://res.cloudinary.com/hf9tv6vn/image/upload/57-17A.jpg,表面,portrait ,https://res.cloudinary.com/hf9tv6vn/image/upload/57-17B.jpg,裏面,portrait,,,,,,,
57-18,Mr.ノーバディー２,M,2025,,ティモ・ジャヤント,ボブ・オデンカーク/コニー・ニールセン/ジョン・オーティス,single,,https://res.cloudinary.com/hf9tv6vn/image/upload/57-18A.jpg,表面,portrait ,https://res.cloudinary.com/hf9tv6vn/image/upload/57-18B.jpg,裏面,portrait,,,,,,,
57-19,ボーイ・キルズ・ワールド　爆拳壊界流転掌列伝,ボ,2025,,モーリッツ・モール,ビル・スカルスガルド/ジェシカ・ローテ/ミシェル・ドッカリー/ブレット・ゲルマン/イザイア・ムスタファ/ヤヤン・ルヒアン,single,,https://res.cloudinary.com/hf9tv6vn/image/upload/57-19A.jpg,表面,portrait ,https://res.cloudinary.com/hf9tv6vn/image/upload/57-19B.jpg,裏面,portrait,,,,,,,
57-20,プレデター：バッドランド,プ,2025,,ダン・トラクテンバーグ,エル・ファニング /ディミトリウス・シュスター＝コロアマタンギ,single,,https://res.cloudinary.com/hf9tv6vn/image/upload/57-20A.jpg,表面,portrait ,https://res.cloudinary.com/hf9tv6vn/image/upload/57-20B.jpg,裏面,portrait,,,,,,,
57-21,プレデター：バッドランド,プ,2025,,ダン・トラクテンバーグ,エル・ファニング /ディミトリウス・シュスター＝コロアマタンギ,single,,https://res.cloudinary.com/hf9tv6vn/image/upload/57-21A.jpg,表面,portrait ,https://res.cloudinary.com/hf9tv6vn/image/upload/57-21B.jpg,裏面,portrait,,,,,,,
57-22,死霊館　最後の儀式,シ,2025,,マイケル・チャベス,ヴェラ・ファーミガ/パトリック・ウィルソン,single,,https://res.cloudinary.com/hf9tv6vn/image/upload/57-22A.jpg,表面,portrait ,https://res.cloudinary.com/hf9tv6vn/image/upload/57-22B.jpg,裏面,portrait,,,,,,,
57-23,トロン：アレス,ト,2025,,ヨアヒム・ローニング,ジャレッド・レト/グレタ・リー/エヴァン・ピーターズ/ジョディ・ターナー＝スミス/ジリアン・アンダーソン/ジェフ・ブリッジス,single,,https://res.cloudinary.com/hf9tv6vn/image/upload/57-23A.jpg,表面,portrait ,https://res.cloudinary.com/hf9tv6vn/image/upload/57-23B.jpg,裏面,landscape,,,,,,,
57-24,ワン・バトル・アフター・アナザー,ワ,2025,,ポール・トーマス・アンダーソン,レオナルド・ディカプリオ/レジーナ・ホール/ショーン・ペン/アラナ・ハイム/テヤナ・テイラー/ウッド・ハリス/ベニチオ・デル・トロ/チェイス・インフィニティ,single,,https://res.cloudinary.com/hf9tv6vn/image/upload/57-24A.jpg,表面,portrait ,https://res.cloudinary.com/hf9tv6vn/image/upload/57-24B.jpg,裏面,landscape,,,,,,,
57-25,トゥギャザー,ト,2025,,マイケル・シャンクス,アリソン・ブリー/デイヴ・フランコ,single,,https://res.cloudinary.com/hf9tv6vn/image/upload/57-25A.jpg,表面,portrait ,https://res.cloudinary.com/hf9tv6vn/image/upload/57-25B.jpg,裏面,portrait,,,,,,,
57-26,アバター：ファイヤー・アンド・アッシュ,ア,2025,,ジェームズ・キャメロン,サム・ワーシントン/ゾーイ・サルダナ/シガーニー・ウィーバー,single,,https://res.cloudinary.com/hf9tv6vn/image/upload/57-26A.jpg,表面,portrait ,https://res.cloudinary.com/hf9tv6vn/image/upload/57-26B.jpg,裏面,portrait,,,,,,,
57-27,アバター／アバター：ウェイ・オブ・ウォーター,ア,2025,,ジェームズ・キャメロン,,bifold,,https://res.cloudinary.com/hf9tv6vn/image/upload/57-27A.jpg,表面,portrait ,https://res.cloudinary.com/hf9tv6vn/image/upload/57-27B.jpg,裏面,portrait,https://res.cloudinary.com/hf9tv6vn/image/upload/57-27C.jpg,中面,landscape,,,,
57-28,シークレット・メロディ,シ,2025,,ソ・ユミン,ド・ギョンス(EXO)/ウォン・ジナ/シン・イェウン/ペ・ソンウ/カン・マルグム,single,,https://res.cloudinary.com/hf9tv6vn/image/upload/57-28A.jpg,表面,portrait ,https://res.cloudinary.com/hf9tv6vn/image/upload/57-28B.jpg,裏面,portrait,,,,,,,
57-29,ザ・モンキー,ザ,2025,,オズグッド・パーキンス,テオ・ジェームズ/タチアナ・マズラニー/クリスチャン・コンヴェリー/コリン・オブライエン/アダム・スコット/イライジャ・ウッド,single,,https://res.cloudinary.com/hf9tv6vn/image/upload/57-29A.jpg,表面,portrait ,https://res.cloudinary.com/hf9tv6vn/image/upload/57-29B.jpg,裏面,portrait,,,,,,,
57-30,ブラックバック,ブ,2025,,スティーブン・ソダーバーグ,"ケイト・ブランシェット, マイケル・ファスベンダー, マリサ・アベラ, トム・バーク, ナオミ・ハリス, レゲ＝ジャン・ペイジ, ピアース・ブロスナン",single,,https://res.cloudinary.com/hf9tv6vn/image/upload/57-30A.jpg,表面,portrait ,https://res.cloudinary.com/hf9tv6vn/image/upload/57-30B.jpg,裏面,portrait,,,,,,,
57-31,グランドツアー,グ,2025,,ミゲル・ゴメス,"ゴンサロ・ワディントン,クリスティーナ・アルファイアテ,クラウディオ・ダ・シルヴァ",single,,https://res.cloudinary.com/hf9tv6vn/image/upload/57-31A.jpg,表面,portrait ,https://res.cloudinary.com/hf9tv6vn/image/upload/57-31B.jpg,裏面,portrait,,,,,,,
57-32,スピリットワールド,ス,2025,,エリック・クー,カトリーヌ・ドヌーヴ/竹野内豊/ 堺正章/風吹ジュン/でんでん/鈴木慶一/五島舞耶/吉田晴登,single,,https://res.cloudinary.com/hf9tv6vn/image/upload/57-32A.jpg,表面,portrait ,https://res.cloudinary.com/hf9tv6vn/image/upload/57-32B.jpg,裏面,portrait,,,,,,,
57-33,旅の終わりのたからもの,タ,2026,,ユリア・フォン・ハインツ,レナ・ダナム/スティーヴン・フライ,single,,https://res.cloudinary.com/hf9tv6vn/image/upload/57-33A.jpg,表面,portrait ,https://res.cloudinary.com/hf9tv6vn/image/upload/57-33B.jpg,裏面,portrait,,,,,,,
57-34,殺し屋のプロット,コ,2025,,マイケル・キートン,マイケル・キートン/ジェームズ・マースデン/マーシャ・ゲイ・ハーデン/アル・パチーノ,single,,https://res.cloudinary.com/hf9tv6vn/image/upload/57-34A.jpg,表面,portrait ,https://res.cloudinary.com/hf9tv6vn/image/upload/57-34B.jpg,裏面,portrait,,,,,,,
57-35,＜北欧の至宝＞マッツ・ミケルセン生誕60周年祭,マ,2025,,,マッツ・ミケルセン,bifold,,https://res.cloudinary.com/hf9tv6vn/image/upload/57-35A.jpg,表面,portrait ,https://res.cloudinary.com/hf9tv6vn/image/upload/57-35B.jpg,裏面,portrait,https://res.cloudinary.com/hf9tv6vn/image/upload/57-35C.jpg,中面,landscape,,,,
57-36,殺人配信,サ,2025,,チョ・ジャンホ,カン・ハヌル/ ハ・ソユン/ カン・ハギョン/ ハ・ヒョンス,single,2026/9/12,https://res.cloudinary.com/hf9tv6vn/image/upload/57-36A.jpg,表面,portrait ,https://res.cloudinary.com/hf9tv6vn/image/upload/57-36B.jpg,裏面,portrait,,,,,,,
57-37,ネバーランド・ナイトメア,ネ,2025,,スコット・チェンバース,ミーガン・プラシート/マーティン・ポートロック,single,2026/9/12,https://res.cloudinary.com/hf9tv6vn/image/upload/57-37A.jpg,表面,portrait ,https://res.cloudinary.com/hf9tv6vn/image/upload/57-37B.jpg,裏面,portrait,,,,,,,
57-38,スプリングスティーン 孤独のハイウェイ,ス,2025,,スコット・クーパー,ジェレミー・アレン・ホワイト/ジェレミー・ストロング/ポール・ウォルター・ハウザー/スティーヴン・グレアム/オデッサ・ヤング,single,2026/9/12,https://res.cloudinary.com/hf9tv6vn/image/upload/57-38A.jpg,表面,portrait ,https://res.cloudinary.com/hf9tv6vn/image/upload/57-38B.jpg,裏面,portrait,,,,,,,
57-39,スプリングスティーン 孤独のハイウェイ,ス,2025,,スコット・クーパー,ジェレミー・アレン・ホワイト/ジェレミー・ストロング/ポール・ウォルター・ハウザー/スティーヴン・グレアム/オデッサ・ヤング,single,2026/9/12,https://res.cloudinary.com/hf9tv6vn/image/upload/57-39A.jpg,表面,portrait ,https://res.cloudinary.com/hf9tv6vn/image/upload/57-39B.jpg,裏面,landscape,,,,,,,
57-40,ウィキッド 永遠の約束,ウ,2025,,ジョン・M・チュウ,シンシア・エリヴォ/アリアナ・グランデ/ミシェル・ヨー/ジェフ・ゴールドブラム,single,2026/9/12,https://res.cloudinary.com/hf9tv6vn/image/upload/57-40A.jpg,表面,portrait ,https://res.cloudinary.com/hf9tv6vn/image/upload/57-40B.jpg,裏面,portrait,,,,,,,
57-41,ウィキッド 永遠の約束,ウ,2025,,ジョン・M・チュウ,シンシア・エリヴォ/アリアナ・グランデ/ミシェル・ヨー/ジェフ・ゴールドブラム,bifold,2026/9/12,https://res.cloudinary.com/hf9tv6vn/image/upload/57-41A.jpg,表面,portrait ,https://res.cloudinary.com/hf9tv6vn/image/upload/57-41B.jpg,裏面,portrait,https://res.cloudinary.com/hf9tv6vn/image/upload/57-41C.jpg,中面,landscape,,,,
57-42,シェルビー・オークス,シ,2024,,クリス・スタックマン,カミール・サリバン/サラ・ダーン/ブレンダン・セクストン3世/ロビン・バートレット,single,2026/9/12,https://res.cloudinary.com/hf9tv6vn/image/upload/57-42A.jpg,表面,portrait ,https://res.cloudinary.com/hf9tv6vn/image/upload/57-42B.jpg,裏面,portrait,,,,,,,
57-43,ビューティフル・ジャーニー ふたりの時空旅行,ビ,2025,,コゴナダ,マーゴット・ロビー/コリン・ファレル/ケヴィン・クライン/フィービー・ウォーラー＝ブリッジ,single,2026/9/12,https://res.cloudinary.com/hf9tv6vn/image/upload/57-43A.jpg,表面,portrait ,https://res.cloudinary.com/hf9tv6vn/image/upload/57-43B.jpg,裏面,landscape,,,,,,,
57-44,KILL 超覚醒,K,2023,,ニキル・ナゲシュ・バート,ラクシャ/ラガヴ・ジュヤル/アシーシュ・ヴィディヤルティ/ハルシュ・チャヤ/ターニャ・マニクタラ/アビシェーク・チャウハン,single,2026/9/12,https://res.cloudinary.com/hf9tv6vn/image/upload/57-44A.jpg,表面,portrait ,https://res.cloudinary.com/hf9tv6vn/image/upload/57-44B.jpg,裏面,portrait,,,,,,,
57-45,フランケンシュタイン,フ,2025,,ギレルモ・デル・トロ,オスカー・アイザック/ジェイコブ・エロルディ/ミア・ゴス/クリストフ・ヴァルツ,single,2026/9/12,https://res.cloudinary.com/hf9tv6vn/image/upload/57-45A.jpg,表面,portrait ,https://res.cloudinary.com/hf9tv6vn/image/upload/57-45B.jpg,裏面,portrait,,,,,,,
57-46,バック・トゥ・ザ・フューチャー40TH ANNIVERSARY,バ,2025,,ロバート・ゼメキス,マイケル・J・フォックス/クリストファー・ロイド/トーマス・F・ウィルソン/リー・トンプソン/クリスピン・グローヴァー/クローディア・ウェルズ,single,2026/9/12,https://res.cloudinary.com/hf9tv6vn/image/upload/57-46A.jpg,表面,portrait ,https://res.cloudinary.com/hf9tv6vn/image/upload/57-46B.jpg,裏面,portrait,,,,,,,
57-47,エディントンへようこそ,エ,2025,,アリ・アスター,ホアキン・フェニックス/ペドロ・パスカル/ルーク・グライムス/ディードル・オコンネル/マイケル・ウォード/オースティン・バトラー/エマ・ストーン,single,2026/9/12,https://res.cloudinary.com/hf9tv6vn/image/upload/57-47A.jpg,表面,portrait ,https://res.cloudinary.com/hf9tv6vn/image/upload/57-47B.jpg,裏面,portrait,,,,,,,
57-48,ズートピア2,ズ,2025,,ジャレド・ブッシュ/バイロン・ハワード,ジニファー・グッドウィン/ジェイソン・ベイトマン/キー・ホイ・クァン/フォーチュン・フィームスター/アンディ・サムバーグ/デヴィッド・ストラザーン/シャキーラ/イドリス・エルバ/パトリック・ウォーバートン/キンタ・ブランソン/ダニー・トレホ/アラン・テュディック/ネイト・トレンス/ドン・レイク/ボニー・ハント/ジェニー・スレイト,single,2026/9/12,https://res.cloudinary.com/hf9tv6vn/image/upload/57-48A.jpg,表面,portrait ,https://res.cloudinary.com/hf9tv6vn/image/upload/57-48B.jpg,裏面,portrait,,,,,,,
57-49,ズートピア2,ズ,2025,,ジャレド・ブッシュ/バイロン・ハワード,ジニファー・グッドウィン/ジェイソン・ベイトマン/キー・ホイ・クァン/フォーチュン・フィームスター/アンディ・サムバーグ/デヴィッド・ストラザーン/シャキーラ/イドリス・エルバ/パトリック・ウォーバートン/キンタ・ブランソン/ダニー・トレホ/アラン・テュディック/ネイト・トレンス/ドン・レイク/ボニー・ハント/ジェニー・スレイト,single,2026/9/12,https://res.cloudinary.com/hf9tv6vn/image/upload/57-49A.jpg,表面,portrait ,https://res.cloudinary.com/hf9tv6vn/image/upload/57-49B.jpg,裏面,portrait,,,,,,,
57-50,ウォーフェア 戦地最前線,ウ,2025,,アレックス・ガーランド/レイ・メンドーサ,ディファラオ・ウン＝ア＝タイ/ウィル・ポールター/ジョセフ・クイン/コスモ・ジャーヴィス/キット・コナー/チャールズ・メルトン,bifold,2026/9/12,https://res.cloudinary.com/hf9tv6vn/image/upload/57-50A.jpg,表面,portrait ,https://res.cloudinary.com/hf9tv6vn/image/upload/57-50B.jpg,裏面,portrait,https://res.cloudinary.com/hf9tv6vn/image/upload/57-50C.jpg,中面,landscape,,,,
57-51,落下の王国,ラ,2006,,ターセム・シン,リー・ペイス/カティンカ・アンタルー/ジャスティン・ワデル/ダニエル・カルタジローン,single,2026/9/12,https://res.cloudinary.com/hf9tv6vn/image/upload/57-51A.jpg,表面,portrait ,https://res.cloudinary.com/hf9tv6vn/image/upload/57-51B.jpg,裏面,portrait,,,,,,,
57-52,ランニング・マン,ラ,2025,,エドガー・ライト,グレン・パウエル/ジョシュ・ブローリン/コールマン・ドミンゴ,single,2026/9/12,https://res.cloudinary.com/hf9tv6vn/image/upload/57-52A.jpg,表面,portrait ,https://res.cloudinary.com/hf9tv6vn/image/upload/57-52B.jpg,裏面,portrait,,,,,,,
57-53,ランニング・マン,ラ,2025,,エドガー・ライト,グレン・パウエル/ジョシュ・ブローリン/コールマン・ドミンゴ,single,2026/9/12,https://res.cloudinary.com/hf9tv6vn/image/upload/57-53A.jpg,表面,portrait ,https://res.cloudinary.com/hf9tv6vn/image/upload/57-53B.jpg,裏面,portrait,,,,,,,
57-54,12月の君へ,1,2025,,ユン・スイク,ハン・ソヒ/ハン・ヘイン,single,2026/9/12,https://res.cloudinary.com/hf9tv6vn/image/upload/57-54A.jpg,表面,portrait ,https://res.cloudinary.com/hf9tv6vn/image/upload/57-54B.jpg,裏面,portrait,,,,,,,
57-55,12月の君へ,1,2025,,ユン・スイク,ハン・ソヒ/ハン・ヘイン,single,2026/9/12,https://res.cloudinary.com/hf9tv6vn/image/upload/57-55A.jpg,表面,portrait ,https://res.cloudinary.com/hf9tv6vn/image/upload/57-55B.jpg,裏面,portrait,,,,,,,
57-56,シド・アンド・ナンシー,シ,2025,,アレックス・コックス,ゲイリー・オールドマン/クロエ・ウェッブ,single,2026/9/12,https://res.cloudinary.com/hf9tv6vn/image/upload/57-56A.jpg,表面,portrait ,https://res.cloudinary.com/hf9tv6vn/image/upload/57-56B.jpg,裏面,portrait,,,,,,,
57-57,ボディビルダー,ボ,2023,,イライジャ・バイナム,ジョナサン・メジャース/ヘイリー・ベネット/テイラー・ペイジ/ハリソン・ペイジ/ハリエット・サンソム・ハリス/マイク・オハーン,single,2026/9/12,https://res.cloudinary.com/hf9tv6vn/image/upload/57-57A.jpg,表面,portrait ,https://res.cloudinary.com/hf9tv6vn/image/upload/57-57B.jpg,裏面,portrait,,,,,,,
57-58,続・地獄の素泊まり（ヘル・レイザー四作品）,ゾ,2025,,,,single,2026/9/12,https://res.cloudinary.com/hf9tv6vn/image/upload/57-58A.jpg,表面,portrait ,,,,,,,,,,
57-59,ハムネット,ハ,2025,,クロエ・ジャオ,ジェシー・バックリー/ポール・メスカル/エミリー・ワトソン/ジョー・アルウィン,single,2026/9/12,https://res.cloudinary.com/hf9tv6vn/image/upload/57-59A.jpg,表面,portrait ,https://res.cloudinary.com/hf9tv6vn/image/upload/57-59B.jpg,裏面,portrait,,,,,,,
57-60,スマッシング・マシーン,ス,2025,,ベニー・サフディ,ドウェイン・ジョンソン/エミリー・ブラント,single,2026/9/12,https://res.cloudinary.com/hf9tv6vn/image/upload/57-60A.jpg,表面,portrait ,https://res.cloudinary.com/hf9tv6vn/image/upload/57-60B.jpg,裏面,portrait,,,,,,,
57-61,グランド・イリュージョン/ダイヤモンド・ミッション,グ,2025,,ルーベン・フライシャー,ジェシー・アイゼンバーグ/ウディ・ハレルソン/デイヴ・フランコ/アイラ・フィッシャー/ジャスティス・スミス/ドミニク・セッサ/アリアナ・グリーンブラット/リジー・キャプラン/ロザムンド・パイク/モーガン・フリーマン,single,2026/9/12,https://res.cloudinary.com/hf9tv6vn/image/upload/57-61A.jpg,表面,portrait ,https://res.cloudinary.com/hf9tv6vn/image/upload/57-61B.jpg,裏面,portrait,,,,,,,
57-62,プラダを着た悪魔2,プ,2026,,デヴィッド・フランケル,メリル・ストリープ/アン・ハサウェイ/エミリー・ブラント/ジャスティン・セロー/ルーシー・リュー/ケネス・ブラナー/スタンリー・トゥッチ,single,2026/9/12,https://res.cloudinary.com/hf9tv6vn/image/upload/57-62A.jpg,表面,portrait ,https://res.cloudinary.com/hf9tv6vn/image/upload/57-62B.jpg,裏面,portrait,,,,,,,
57-63,プラダを着た悪魔2,プ,2026,,デヴィッド・フランケル,メリル・ストリープ/アン・ハサウェイ/エミリー・ブラント/ジャスティン・セロー/ルーシー・リュー/ケネス・ブラナー/スタンリー・トゥッチ,single,2026/9/12,https://res.cloudinary.com/hf9tv6vn/image/upload/57-63A.jpg,表面,portrait ,https://res.cloudinary.com/hf9tv6vn/image/upload/57-63B.jpg,裏面,landscape,,,,,,,
57-64,唐人街探偵1900,ト,2025,,チェン・スーチェン/ダイ・モー,ワン・バオチャン/リウ・ハオラン/チョウ・ユンファ/バイクー/ジョン・キューザック,single,2026/9/12,https://res.cloudinary.com/hf9tv6vn/image/upload/57-64A.jpg,表面,portrait ,https://res.cloudinary.com/hf9tv6vn/image/upload/57-64B.jpg,裏面,portrait,,,,,,,
57-65,ダーティハンター,ダ,2026,,ピーター・コリンソン,ピーター・フォンダ/ウィリアム・ホールデン,single,2026/9/12,https://res.cloudinary.com/hf9tv6vn/image/upload/57-65A.jpg,表面,portrait ,https://res.cloudinary.com/hf9tv6vn/image/upload/57-65B.jpg,裏面,portrait,,,,,,,
57-66,V/H/S/85,V,2023,,マイク・P・ネルソン/ジジ・サウル・ゲレーロ/ナターシャ・ケルマニ/スコット・デリクソン/デイヴィッド・ブルックナー,,single,2006/9/13,https://res.cloudinary.com/hf9tv6vn/image/upload/57-66A.jpg,表面,portrait ,https://res.cloudinary.com/hf9tv6vn/image/upload/57-66B.jpg,裏面,portrait,,,,,,,
57-67,ダーク・スター,ダ,2025,,ジョン・カーペンター,ブライアン・ナレル/ダン・オバノン,single,,https://res.cloudinary.com/hf9tv6vn/image/upload/57-67A.jpg,表面,portrait ,https://res.cloudinary.com/hf9tv6vn/image/upload/57-67B.jpg,裏面,portrait,,,,,,,
57-68,大命中！MEは何しにアマゾンへ？,ダ,2024,,キム・チャンジュ,リュ・スンリョン/チン・ソンギュ/イゴール･ペドロゾ/ルアン･ブルム/ＪＢ･オリベイラ/ヨム・ヘラン/コ・ギョンピョ,single,,https://res.cloudinary.com/hf9tv6vn/image/upload/57-68A.jpg,表面,portrait ,https://res.cloudinary.com/hf9tv6vn/image/upload/57-68B.jpg,裏面,portrait,,,,,,,
57-69,ガスト・アップ,ガ,2023,,ジョージ・アンポンサ,ステファン・オドゥボラ/タズ・スカイラー/スティーヴ・トゥーサント/クレイグ・ミドルバーグ/イェレナ・ガヴリロヴィッチ/メイ・ミュラー,single,,https://res.cloudinary.com/hf9tv6vn/image/upload/57-69A.jpg,表面,portrait ,https://res.cloudinary.com/hf9tv6vn/image/upload/57-69B.jpg,裏面,portrait,,,,,,,
57-70,28年後... 白骨の神殿,2,2026,,ニア・ダコスタ,レイフ・ファインズ/ジャック・オコンネル/アルフィー・ウィリアムズ/エリン・ケリーマン/チ・ルイス＝パリー/キリアン・マーフィー,single,,https://res.cloudinary.com/hf9tv6vn/image/upload/57-70A.jpg,表面,portrait ,https://res.cloudinary.com/hf9tv6vn/image/upload/57-70B.jpg,裏面,portrait,,,,,,,
57-71,ナタ 魔童の大暴れ,ナ,2025,,餃子,呂艶婷/囧森瑟夫/瀚墨/陳浩/緑綺/張珈銘/楊衛/王德順,bifold,,https://res.cloudinary.com/hf9tv6vn/image/upload/57-71A.jpg,表面,portrait ,https://res.cloudinary.com/hf9tv6vn/image/upload/57-71B.jpg,裏面,portrait,https://res.cloudinary.com/hf9tv6vn/image/upload/57-71C.jpg,中面,landscape,,,,
57-72,センチメンタル・バリュー,セ,2025,,ヨアキム・トリアー,レナーテ・レインスヴェ/ステラン・スカルスガルド/インガ・イブスドッテル・リッレオース/エル・ファニング,single,,https://res.cloudinary.com/hf9tv6vn/image/upload/57-72A.jpg,表面,portrait ,https://res.cloudinary.com/hf9tv6vn/image/upload/57-72B.jpg,裏面,portrait,,,,,,,
57-73,アバター：ファイヤー・アンド・アッシュ,ア,2025,,ジェームズ・キャメロン,サム・ワーシントン/ゾーイ・サルダナ/シガーニー・ウィーバー,single,,https://res.cloudinary.com/hf9tv6vn/image/upload/57-73A.jpg,表面,portrait ,https://res.cloudinary.com/hf9tv6vn/image/upload/57-73B.jpg,裏面,portrait,,,,,,,
57-74,ツーリストファミリー,ツ,2025,,アビシャン・ジーヴィント,シャシクマール/シムラン/ミドゥン・ジェイ・シャンカル/カマレーシュ・ジャガン,single,,https://res.cloudinary.com/hf9tv6vn/image/upload/57-74A.jpg,表面,portrait ,https://res.cloudinary.com/hf9tv6vn/image/upload/57-74B.jpg,裏面,portrait,,,,,,,
57-75,ファイブ・ナイツ・アット・フレディーズ,フ,2023,,エマ・タミ,ジョシュ・ハッチャーソン/エリザベス・レイル/パイパー・ルビオ/メアリー・スチュアート・マスターソン/マシュー・リラード/キャット・コナー・スターリング,single,,https://res.cloudinary.com/hf9tv6vn/image/upload/57-75A.jpg,表面,portrait ,https://res.cloudinary.com/hf9tv6vn/image/upload/57-75B.jpg,裏面,landscape,,,,,,,
57-76,WAR/バトル・オブ・フェイト,W,2025,,アヤーン・ムカルジー,リティク・ローシャン/N・T・ラーマ・ラオ・ジュニア/キアラ・アドヴァニ/アーシュトーシュ・ラーナー/アニル・カプール,single,,https://res.cloudinary.com/hf9tv6vn/image/upload/57-76A.jpg,表面,portrait ,https://res.cloudinary.com/hf9tv6vn/image/upload/57-76B.jpg,裏面,portrait,,,,,,,
57-77,アグリーシスター 可愛いあの娘は醜いわたし,ア,2025,,エミリア・ブリックフェルト,リア・マイレン/アーネ・ダール・トルプ/テア・ソフィー・ロック・ネス,single,,https://res.cloudinary.com/hf9tv6vn/image/upload/57-77A.jpg,表面,portrait ,https://res.cloudinary.com/hf9tv6vn/image/upload/57-77B.jpg,裏面,portrait,,,,,,,
57-78,おくびょう鳥が歌うほうへ,オ,2025,,ノラ・フィングシャイト,シアーシャ・ローナン/パーパ・エッシードゥ/ナビル・エルーアハビ/イズカ・ホイル/ローレン・ライル/サスキア・リーヴス/スティーヴン・ディレイン,single,,https://res.cloudinary.com/hf9tv6vn/image/upload/57-78A.jpg,表面,portrait ,https://res.cloudinary.com/hf9tv6vn/image/upload/57-78B.jpg,裏面,portrait,,,,,,,
57-79,バーフバリ エピック4K,バ,2025,,S・S・ラージャマウリ,プラバース/ラーナー・ダッグバーティ/アヌシュカ・シェッティ,single,,https://res.cloudinary.com/hf9tv6vn/image/upload/57-79A.jpg,表面,portrait ,https://res.cloudinary.com/hf9tv6vn/image/upload/57-79B.jpg,裏面,portrait,,,,,,,
57-80,悪魔祓い株式会社,ア,2025,,イム・デヒ,マ・ドンソク/ソヒョン/イ・デヴィッド/キョン・スジン/チョン・ジソ,single,,https://res.cloudinary.com/hf9tv6vn/image/upload/57-80A.jpg,表面,portrait ,https://res.cloudinary.com/hf9tv6vn/image/upload/57-80B.jpg,裏面,portrait,,,,,,,
57-81,ロストランズ 闇を狩る者,ロ,2025,,ポール・W・S・アンダーソン,ミラ・ジョヴォヴィッチ/デイヴ・バウティスタ,single,,https://res.cloudinary.com/hf9tv6vn/image/upload/57-81A.jpg,表面,portrait ,https://res.cloudinary.com/hf9tv6vn/image/upload/57-81B.jpg,裏面,portrait,,,,,,,
57-82,ワーキングマン,ワ,2025,,デヴィッド・エアー,ジェイソン・ステイサム/ジェイソン・フレミング/マイケル・ペーニャ/デヴィッド・ハーバー,single,,https://res.cloudinary.com/hf9tv6vn/image/upload/57-82A.jpg,表面,portrait ,https://res.cloudinary.com/hf9tv6vn/image/upload/57-82B.jpg,裏面,portrait,,,,,,,
57-83,コート・スティーリング,コ,2025,,ダーレン・アロノフスキー,オースティン・バトラー/レジーナ・キング/ゾーイ・クラヴィッツ/マット・スミス/リーヴ・シュライバー/ヴィンセント・ドノフリオ/ベニート・マルティネス・オカシオ/グリフィン・ダン/キャロル・ケイン,single,,https://res.cloudinary.com/hf9tv6vn/image/upload/57-83A.jpg,表面,portrait ,https://res.cloudinary.com/hf9tv6vn/image/upload/57-83B.jpg,裏面,portrait,,,,,,,
57-84,射鵰英雄伝,シ,2025,,ツイ・ハーク,シャオ・ジャン/ジュアン・ダーフェイ/レオン・カーフェイ/バヤルト/アールーナー/エイダ・チョイ/フー・ジュン/ウー・シンクオ,single,,https://res.cloudinary.com/hf9tv6vn/image/upload/57-84A.jpg,表面,landscape,https://res.cloudinary.com/hf9tv6vn/image/upload/57-84B.jpg,裏面,landscape,,,,,,,
57-85,プリンス　サイン・オブ・ザ・タイムズ,プ,2025,,プリンス,プリンス,single,,https://res.cloudinary.com/hf9tv6vn/image/upload/57-85A.jpg,表面,portrait ,https://res.cloudinary.com/hf9tv6vn/image/upload/57-85B.jpg,裏面,portrait,,,,,,,
57-86,YADANG ヤダン,Y,2025,,ファン・ビョングク,カン・ハヌル/ユ・ヘジン/パク・ヘジュン/リュ・ギョンス/チェ・ウォンビン,single,,https://res.cloudinary.com/hf9tv6vn/image/upload/57-86A.jpg,表面,portrait ,https://res.cloudinary.com/hf9tv6vn/image/upload/57-86B.jpg,裏面,portrait,,,,,,,
57-87,シャオ・メイ　ローマ大決戦,シ,2025,,ガブリエーレ・マイネッティ,リウ・ヤーシー/エンリコ・ボレッロ/マルコ・ジャリーニ/サブリナ・フェリッリ/ルカ・ジンガレッティ,single,,https://res.cloudinary.com/hf9tv6vn/image/upload/57-87A.jpg,表面,portrait ,https://res.cloudinary.com/hf9tv6vn/image/upload/57-87B.jpg,裏面,portrait,,,,,,,
57-88,アウトローズ,ア,2025,,クリスチャン・グーデガスト,ジェラルド・バトラー/オシェア・ジャクソン・Jr,single,,https://res.cloudinary.com/hf9tv6vn/image/upload/57-88A.jpg,表面,portrait ,https://res.cloudinary.com/hf9tv6vn/image/upload/57-88B.jpg,裏面,portrait,,,,,,,
57-89,HELP/復讐島,H,2026,,サム・ライミ,レイチェル・マクアダムス/ディラン・オブライエン,single,,https://res.cloudinary.com/hf9tv6vn/image/upload/57-89A.jpg,表面,portrait ,https://res.cloudinary.com/hf9tv6vn/image/upload/57-89B.jpg,裏面,landscape,,,,,,,
57-90,パンダプラン,パ,2024,,チャン・ルアン,ジャッキー・チェン/ウェイ・シャン/シー・ツェ/ハン・イェンボー,single,,https://res.cloudinary.com/hf9tv6vn/image/upload/57-90A.jpg,表面,portrait ,https://res.cloudinary.com/hf9tv6vn/image/upload/57-90B.jpg,裏面,portrait,,,,,,,
57-91,SWAN LAKE starring KizunaAI,S,2025,,,,single,,https://res.cloudinary.com/hf9tv6vn/image/upload/57-91A.jpg,表面,portrait ,https://res.cloudinary.com/hf9tv6vn/image/upload/57-91B.jpg,裏面,portrait,,,,,,,
57-92,おさるのベン,オ,2026,,ヨハネス・ロバーツ,トロイ・コッツァー／ジョニー・セコイヤ／ギア・ハンター／ビクトリア・ワイアント／ジェシカ・アレクサンダー／ベンジャミン・チェン／チャーリー・マン／ティエン・シモン,single,,https://res.cloudinary.com/hf9tv6vn/image/upload/57-92A.jpg,表面,portrait ,https://res.cloudinary.com/hf9tv6vn/image/upload/57-92B.jpg,裏面,portrait,,,,,,,
57-93,ダウントン・アビー　グランドフィナーレ,ダ,2025,,サイモン・カーティス,ヒュー・ボネヴィル/ローラ・カーマイケル/ジム・カーター/ラケル・キャシディ/ ポール・コプリー/ブレンダン・コイル/ミシェル・ドッカリー/ケヴィン・ドイル/ マイケル・フォックス/ジョアンヌ・フロガット/ポール・ジアマッティ/ ハリー・ハッデン＝パトン/ロブ・ジェームズ＝コリアー/アレン・リーチ/ フィリス・ローガン/エリザベス・マクガヴァン/ソフィー・マクシェラ/レスリー・ニコル/ ダグラス・リース/ペネロープ・ウィルトン,single,,https://res.cloudinary.com/hf9tv6vn/image/upload/57-93A.jpg,表面,portrait ,https://res.cloudinary.com/hf9tv6vn/image/upload/57-93B.jpg,裏面,portrait,,,,,,,
57-94,MERCY/マーシー AI裁判,M,2026,,ティムール・ベクマンベトフ,クリス・プラット/レベッカ・ファーガソン/カーリー・レイス/アナベル・ウォーリス/クリス・サリヴァン/カイリー・ロジャーズ,single,,https://res.cloudinary.com/hf9tv6vn/image/upload/57-94A.jpg,表面,portrait ,https://res.cloudinary.com/hf9tv6vn/image/upload/57-94B.jpg,裏面,portrait,,,,,,,
57-95,スペルマゲドン 精なる大冒険,ス,2025,,トミー・ウィルコラ/ラスムス・A・シーヴァートセン,,single,,https://res.cloudinary.com/hf9tv6vn/image/upload/57-95A.jpg,表面,portrait ,https://res.cloudinary.com/hf9tv6vn/image/upload/57-95B.jpg,裏面,landscape,,,,,,,
57-96,私がビーバーになる時,ワ,2026,,ダニエル・チョン,パイパー・カーダ/ボビー・モイニハン/ジョン・ハム/キャシー・ナジミー/デイヴ・フランコ,single,,https://res.cloudinary.com/hf9tv6vn/image/upload/57-96A.jpg,表面,portrait ,https://res.cloudinary.com/hf9tv6vn/image/upload/57-96B.jpg,裏面,portrait,,,,,,,
57-97,レンタル・ファミリー,レ,2025,,HIKARI,ブレンダン・フレイザー/平岳大/山本真理/シャノン・マヒナ・ゴーマン/柄本明,single,,https://res.cloudinary.com/hf9tv6vn/image/upload/57-97A.jpg,表面,portrait ,https://res.cloudinary.com/hf9tv6vn/image/upload/57-97B.jpg,裏面,portrait,,,,,,,
57-98,ジョージ・マイケル　栄光の輝きと心の闇,ジ,2025,,サイモン・ネイピア＝ベル,ジョージ・マイケル/アンドリュー・リッジリー/スティーヴィー・ワンダー/スティーヴン・フライ/サナンダ・マイトレイヤ/ルーファス・ウェインライト/ディック・レイフィー,single,,https://res.cloudinary.com/hf9tv6vn/image/upload/57-98A.jpg,表面,portrait ,https://res.cloudinary.com/hf9tv6vn/image/upload/57-98B.jpg,裏面,portrait,,,,,,,
57-99,トゥギャザー,ト,2025,,マイケル・シャンクス,アリソン・ブリー/デイヴ・フランコ,single,,https://res.cloudinary.com/hf9tv6vn/image/upload/57-99A.jpg,表面,portrait ,https://res.cloudinary.com/hf9tv6vn/image/upload/57-99B.jpg,裏面,portrait,,,,,,,
57-100,LOST LAND ロストランド,L,2025,,藤元明緒,ムハマド・ショフィック・リア・フッディン/ソミーラ・リア・フッディン,single,,https://res.cloudinary.com/hf9tv6vn/image/upload/57-100A.jpg,表面,portrait ,https://res.cloudinary.com/hf9tv6vn/image/upload/57-100B.jpg,裏面,portrait,,,,,,,
57-101,しあわせな選択,し,2025,,パク・チャヌク,イ・ビョンホン,single,,https://res.cloudinary.com/hf9tv6vn/image/upload/57-101A.jpg,表面,portrait ,https://res.cloudinary.com/hf9tv6vn/image/upload/57-101B.jpg,裏面,portrait,,,,,,,
57-102,カリギュラ 究極版,カ,2024,,ティント・ブラス/ジャンカルロ・ルイ,マルコム・マクダウェル/テレサ・アン・サヴォイ/ヘレン・ミレン/ピーター・オトゥール/ジョン・ギールグッド,bifold,,https://res.cloudinary.com/hf9tv6vn/image/upload/57-102A.jpg,表面,portrait ,https://res.cloudinary.com/hf9tv6vn/image/upload/57-102B.jpg,裏面,portrait,https://res.cloudinary.com/hf9tv6vn/image/upload/57-102C.jpg,中面,landscape,,,,
57-103,ただ/やるべきことを,タ,2023,,パク・ホンジュン,チャン・ソンボム/ソ・ソッキュ/キム・ドヨン/キム・ヨンウン/チャン・リウ/イ・ノア/カン・ジュサン/キム・ナムヒ,single,,https://res.cloudinary.com/hf9tv6vn/image/upload/57-103A.jpg,表面,portrait ,https://res.cloudinary.com/hf9tv6vn/image/upload/57-103B.jpg,裏面,portrait,,,,,,,
57-104,ブラック・ボックス・ダイアリーズ,ブ,2025,,伊藤詩織,伊藤詩織,single,,https://res.cloudinary.com/hf9tv6vn/image/upload/57-104A.jpg,表面,portrait ,https://res.cloudinary.com/hf9tv6vn/image/upload/57-104B.jpg,裏面,landscape,,,,,,,
57-105,猫たちと7000マイルの旅,ネ,2025,,マイ・ホン,ケイティ・マクヒュー/ウマイル・カーン/ラナ・マルカウィ,single,,https://res.cloudinary.com/hf9tv6vn/image/upload/57-105A.jpg,表面,portrait ,https://res.cloudinary.com/hf9tv6vn/image/upload/57-105B.jpg,裏面,portrait,,,,,,,
57-106,ブーニン　天才ピアニストの沈黙と再生,ブ,2026,,中嶋梓,スタニスラフ・ブーニン/中島ブーニン榮子,single,,https://res.cloudinary.com/hf9tv6vn/image/upload/57-106A.jpg,表面,portrait ,https://res.cloudinary.com/hf9tv6vn/image/upload/57-106B.jpg,裏面,portrait,,,,,,,
57-107,シラート,シ,2025,,オリベル・ラシェ,セルジ・ロペス/ブルーノ・ヌニェス・アルホナ/リチャード・ベラミー/ステファニア・ガッダ/ジョシュア・リアム・ヘンダーソン/トニン・ジャンビエ/ジェイド・オウキド,single,,https://res.cloudinary.com/hf9tv6vn/image/upload/57-107A.jpg,表面,portrait ,https://res.cloudinary.com/hf9tv6vn/image/upload/57-107B.jpg,裏面,portrait,,,,,,,
57-108,メラニア,メ,2026,,ブレット・ラトナー,メラニア・トランプ,single,,https://res.cloudinary.com/hf9tv6vn/image/upload/57-108A.jpg,表面,portrait ,https://res.cloudinary.com/hf9tv6vn/image/upload/57-108B.jpg,裏面,portrait,,,,,,,
57-109,クライム101,ク,2026,,バート・レイトン,クリス・ヘムズワース/マーク・ラファロ/バリー・コーガン/モニカ・バルバロ/コーリー・ホーキンズ/ジェニファー・ジェイソン・リー/ニック・ノルティ/ハル・ベリー,single,,https://res.cloudinary.com/hf9tv6vn/image/upload/57-109A.jpg,表面,portrait ,https://res.cloudinary.com/hf9tv6vn/image/upload/57-109B.jpg,裏面,landscape,,,,,,,
57-110,全知的な読者の視点から,ゼ,2025,,キム・ビョンウ,アン・ヒョソプ/イ・ミンホ/チェ・スビン/シン・スンホ/ナナ/ジス/クォン・ウンソン,single,,https://res.cloudinary.com/hf9tv6vn/image/upload/57-110A.jpg,表面,portrait ,https://res.cloudinary.com/hf9tv6vn/image/upload/57-110B.jpg,裏面,portrait,,,,,,,
57-111,シンプル・アクシデント/偶然,シ,2025,,ジャファール・パナヒ,ワヒド・モバッセリ/マリアム・アフシャリ/エブラヒム・アジジ/ハディス・パクバテン/マジッド・パナヒ/モハマッド・アリ・エリヤスメール/デルマズ・ナジャフィ/アフサネ・ナジュムアバディ/ジョルジュ・ハシェムザデー,single,,https://res.cloudinary.com/hf9tv6vn/image/upload/57-111A.jpg,表面,portrait ,https://res.cloudinary.com/hf9tv6vn/image/upload/57-111B.jpg,裏面,portrait,,,,,,,
57-112,モアナと伝説の海,モ,2026,,トーマス・カイル,キャサリン・ラガアイア/ドウェイン・ジョンソン/ジョン・トゥイ/フランキー・アダムス/レナ・オーウェン,single,,https://res.cloudinary.com/hf9tv6vn/image/upload/57-112A.jpg,表面,portrait ,https://res.cloudinary.com/hf9tv6vn/image/upload/57-112B.jpg,裏面,landscape,,,,,,,
57-113,モアナと伝説の海,モ,2026,,トーマス・カイル,キャサリン・ラガアイア/ドウェイン・ジョンソン/ジョン・トゥイ/フランキー・アダムス/レナ・オーウェン,single,,https://res.cloudinary.com/hf9tv6vn/image/upload/57-113A.jpg,表面,portrait ,https://res.cloudinary.com/hf9tv6vn/image/upload/57-113B.jpg,裏面,portrait,,,,,,,
57-114,マーティ・シュプリーム 世界をつかめ,マ,2025,,ジョシュ・サフディ,ティモシー・シャラメ/グウィネス・パルトロウ/オデッサ・アザイオン/ケヴィン・オライリー/タイラー・オコンマ/アベル・フェラーラ/フラン・ドレシャー,single,,https://res.cloudinary.com/hf9tv6vn/image/upload/57-114A.jpg,表面,portrait ,https://res.cloudinary.com/hf9tv6vn/image/upload/57-114B.jpg,裏面,portrait,,,,,,,
57-115,ザ・ブライド!,ザ,2026,,マギー・ギレンホール,ジェシー・バックリー/クリスチャン・ベール/ピーター・サースガード/アネット・ベニング/ジェイク・ジレンホール/ペネロペ・クルス,single,,https://res.cloudinary.com/hf9tv6vn/image/upload/57-115A.jpg,表面,portrait ,https://res.cloudinary.com/hf9tv6vn/image/upload/57-115B.jpg,裏面,portrait,,,,,,,
57-116,プロジェクト・ヘイル・メアリー,プ,2026,,フィル・ロード&クリス・ミラー,ライアン・ゴズリング/ザンドラ・ヒュラー/ライオネル・ボイス/ケン・レオン/ミラーナ・ヴァイントゥルーブ,single,,https://res.cloudinary.com/hf9tv6vn/image/upload/57-116A.jpg,表面,portrait ,https://res.cloudinary.com/hf9tv6vn/image/upload/57-116B.jpg,裏面,landscape,,,,,,,
57-117,私がビーバーになる時,ワ,2026,,ダニエル・チョン,パイパー・カーダ/ボビー・モイニハン/ジョン・ハム/キャシー・ナジミー/デイヴ・フランコ,single,,https://res.cloudinary.com/hf9tv6vn/image/upload/57-117A.jpg,表面,portrait ,https://res.cloudinary.com/hf9tv6vn/image/upload/57-117B.jpg,裏面,portrait,,,,,,,
57-118,ブルームーン,ブ,2025,,リチャード・リンクレイター,イーサン・ホーク/マーガレット・クアリー/ボビー・カナヴェイル/アンドリュー・スコット,single,,https://res.cloudinary.com/hf9tv6vn/image/upload/57-118A.jpg,表面,portrait ,https://res.cloudinary.com/hf9tv6vn/image/upload/57-118B.jpg,裏面,portrait,,,,,,,
57-119,サンキュー/チャック,サ,2025,,マイク・フラナガン,トム・ヒドルストン/キウェテル・イジョフォー/カレン・ギラン/ジェイコブ・トレンブレイ/マーク・ハミル,single,,https://res.cloudinary.com/hf9tv6vn/image/upload/57-119A.jpg,表面,portrait ,https://res.cloudinary.com/hf9tv6vn/image/upload/57-119B.jpg,裏面,portrait,,,,,,,
57-120,スター・ウォーズ/マンダロリアン・アンド・グローグー,ス,2026,,ジョン・ファヴロー,ペドロ・パスカル/シガニー・ウィーバー/ジェレミー・アレン・ホワイト,single,,https://res.cloudinary.com/hf9tv6vn/image/upload/57-120A.jpg,表面,portrait ,https://res.cloudinary.com/hf9tv6vn/image/upload/57-120B.jpg,裏面,landscape,,,,,,,
57-121,スター・ウォーズ/マンダロリアン・アンド・グローグー,ス,2026,,ジョン・ファヴロー,ペドロ・パスカル/シガニー・ウィーバー/ジェレミー・アレン・ホワイト,single,,https://res.cloudinary.com/hf9tv6vn/image/upload/57-121A.jpg,表面,portrait ,https://res.cloudinary.com/hf9tv6vn/image/upload/57-121B.jpg,裏面,landscape,,,,,,,
57-122,1975年のケルン・コンサート,1,2025,,イド・フルーク,マラ・エムデ/ジョン・マガロ/マイケル・チャーナス/アレクサンダー・シェアー,single,,https://res.cloudinary.com/hf9tv6vn/image/upload/57-122A.jpg,表面,portrait ,https://res.cloudinary.com/hf9tv6vn/image/upload/57-122B.jpg,裏面,portrait,,,,,,,
57-123,冬のソナタ　日本特別版,フ,2026,,ユン・ソクホ,ペ・ヨンジュン/チェ・ジウ/パク・ヨンハ/パク・ソルミ,single,,https://res.cloudinary.com/hf9tv6vn/image/upload/57-123A.jpg,表面,portrait ,https://res.cloudinary.com/hf9tv6vn/image/upload/57-123B.jpg,裏面,portrait,,,,,,,
57-124,ソング・サング・ブルー,ソ,2025,,クレイグ・ブリュワー,ヒュー・ジャックマン/ケイト・ハドソン/マイケル・インペリオリ/エラ・アンダーソン/キング・プリンセス/ムスタファ・シャキール,single,,https://res.cloudinary.com/hf9tv6vn/image/upload/57-124A.jpg,表面,portrait ,https://res.cloudinary.com/hf9tv6vn/image/upload/57-124B.jpg,裏面,portrait,,,,,,,
57-125,フェザーズ　その家に巣食うもの,フ,2025,,ディラン・サザーン,ベネディクト・カンバーバッチ,single,,https://res.cloudinary.com/hf9tv6vn/image/upload/57-125A.jpg,表面,portrait ,https://res.cloudinary.com/hf9tv6vn/image/upload/57-125B.jpg,裏面,portrait,,,,,,,
57-126,ハウス・オブ・ザ・デビル,ハ,2009,,タイ・ウェスト,ジョスリン・ドナヒュー/トム・ヌーナン/メアリー・ウォロノフ/グレタ・ガーウィグ/ＡＪ・ボーウェン/ディー・ウォーレス,single,,https://res.cloudinary.com/hf9tv6vn/image/upload/57-126A.jpg,表面,portrait ,https://res.cloudinary.com/hf9tv6vn/image/upload/57-126B.jpg,裏面,portrait,,,,,,,
57-127,そして彼女たちは,ソ,2025,,ジャン=ピエール/リュック・ダルデンヌ,バベット・ヴェルベーク/エルザ・ウーベン/ジャナイナ・アロワ・フォカン/リュシー・ラリュエル/サミア・イルミ,single,,https://res.cloudinary.com/hf9tv6vn/image/upload/57-127A.jpg,表面,portrait ,https://res.cloudinary.com/hf9tv6vn/image/upload/57-127B.jpg,裏面,portrait,,,,,,,
57-128,落下音,ラ,2025,,マーシャ・シリンスキー,ハンナ・ヘクト/レア・ドリンダ/レナ・ウルゼンドフスキー/レニ・ガイゼラー/スザンヌ・ヴエスト/ルイーゼ・ヘイヤー/クラウディア・ガイスラー＝バーディング/リュカ・プリゾ,single,,https://res.cloudinary.com/hf9tv6vn/image/upload/57-128A.jpg,表面,portrait ,https://res.cloudinary.com/hf9tv6vn/image/upload/57-128B.jpg,裏面,portrait,,,,,,,
57-129,MALUM 悪しき神,M,2023,,アンソニー・ディブラシ,ジェシカ・スーラ/エリック・オルソン/チェイニー・モロー/キャンディス・コーク/ナタリー・ビクトリア,single,,https://res.cloudinary.com/hf9tv6vn/image/upload/57-129A.jpg,表面,portrait ,https://res.cloudinary.com/hf9tv6vn/image/upload/57-129B.jpg,裏面,portrait,,,,,,,
57-130,ひつじ探偵団,ヒ,2026,,カイル・バルダ,ヒュー・ジャックマン,single,,https://res.cloudinary.com/hf9tv6vn/image/upload/57-130A.jpg,表面,portrait ,https://res.cloudinary.com/hf9tv6vn/image/upload/57-130B.jpg,裏面,landscape,,,,,,,
57-131,プラダを着た悪魔2,プ,2026,,デヴィッド・フランケル,メリル・ストリープ/アン・ハサウェイ/エミリー・ブラント/ジャスティン・セロー/ルーシー・リュー/ケネス・ブラナー/スタンリー・トゥッチ,single,,https://res.cloudinary.com/hf9tv6vn/image/upload/57-131A.jpg,表面,portrait ,https://res.cloudinary.com/hf9tv6vn/image/upload/57-131B.jpg,裏面,landscape,,,,,,,
57-132,マスターズ・オブ・ユニバース,マ,2026,,トラヴィス・ナイト,ニコラス・ガリツィン/カミラ・メンデス/ジャレッド・レト/イドリス・エルバ,single,,https://res.cloudinary.com/hf9tv6vn/image/upload/57-132A.jpg,表面,portrait ,https://res.cloudinary.com/hf9tv6vn/image/upload/57-132B.jpg,裏面,portrait,,,,,,,
57-133,マスターズ・オブ・ユニバース,マ,2026,,トラヴィス・ナイト,ニコラス・ガリツィン/カミラ・メンデス/ジャレッド・レト/イドリス・エルバ,single,,https://res.cloudinary.com/hf9tv6vn/image/upload/57-133A.jpg,表面,portrait ,https://res.cloudinary.com/hf9tv6vn/image/upload/57-133B.jpg,裏面,portrait,,,,,,,
57-134,トムとジェリー 時をこえる魔法の羅針盤,ト,2025,,張剛,,single,,https://res.cloudinary.com/hf9tv6vn/image/upload/57-134A.jpg,表面,portrait ,https://res.cloudinary.com/hf9tv6vn/image/upload/57-134B.jpg,裏面,landscape,,,,,,,
57-135,デンジャラス・アニマルズ 絶望海域,デ,2025,,ショーン・バーン,ハッシー・ハリソン/ジェイ・コートニー,single,,https://res.cloudinary.com/hf9tv6vn/image/upload/57-135A.jpg,表面,portrait ,https://res.cloudinary.com/hf9tv6vn/image/upload/57-135B.jpg,裏面,portrait,,,,,,,
57-136,ディスクロージャー・デイ,デ,2026,,スティーヴン・スピルバーグ,エミリー・ブラント/ジョシュ・オコナー/コリン・ファース/イヴ・ヒューソン/コールマン・ドミンゴ,single,,https://res.cloudinary.com/hf9tv6vn/image/upload/57-136A.jpg,表面,portrait ,https://res.cloudinary.com/hf9tv6vn/image/upload/57-136B.jpg,裏面,portrait,,,,,,,
57-137,ディスクロージャー・デイ,デ,2026,,スティーヴン・スピルバーグ,エミリー・ブラント/ジョシュ・オコナー/コリン・ファース/イヴ・ヒューソン/コールマン・ドミンゴ,single,,https://res.cloudinary.com/hf9tv6vn/image/upload/57-137A.jpg,表面,portrait ,https://res.cloudinary.com/hf9tv6vn/image/upload/57-137B.jpg,裏面,portrait,,,,,,,
57-138,トイ・ストーリー5,ト,2026,,アンドリュー・スタントン,トム・ハンクス/ティム・アレン/ジョーン・キューザック/コナン・オブライエン/スカーレット・スピアーズ/グレタ・リー/シェルビー・ラバラ/マイカル＝ミシェル・ハリス/クレイグ・ロビンソン,single,,https://res.cloudinary.com/hf9tv6vn/image/upload/57-138A.jpg,表面,portrait ,https://res.cloudinary.com/hf9tv6vn/image/upload/57-138B.jpg,裏面,portrait,,,,,,,
57-139,トイ・ストーリー5,ト,2026,,アンドリュー・スタントン,トム・ハンクス/ティム・アレン/ジョーン・キューザック/コナン・オブライエン/スカーレット・スピアーズ/グレタ・リー/シェルビー・ラバラ/マイカル＝ミシェル・ハリス/クレイグ・ロビンソン,single,,https://res.cloudinary.com/hf9tv6vn/image/upload/57-139A.jpg,表面,portrait ,https://res.cloudinary.com/hf9tv6vn/image/upload/57-139B.jpg,裏面,portrait,,,,,,,
57-140,ママと神さまとシルヴィ・バルタン,マ,2024,,ケン・スコット,レイラ・ベクティ/ジョナタン・コエン/ジョセフィーヌ・ジャピ/シルヴィ・バルタン,single,,https://res.cloudinary.com/hf9tv6vn/image/upload/57-140A.jpg,表面,portrait ,https://res.cloudinary.com/hf9tv6vn/image/upload/57-140B.jpg,裏面,portrait,,,,,,,
57-141,カーンターラ 神の降臨,カ,2022,,リシャブ・シェッティ,リシャブ・シェッティ/サプタミ・ガウダ/キショール/アチユト・クマール,single,,https://res.cloudinary.com/hf9tv6vn/image/upload/57-141A.jpg,表面,portrait ,https://res.cloudinary.com/hf9tv6vn/image/upload/57-141B.jpg,裏面,portrait,,,,,,,
57-142,Michael/マイケル,M,2026,,アントワーン・フークア,ジャファー・ジャクソン/ニア・ロング/ジュリアーノ・ヴァルディ/キーリン・ダレル・ジョーンズ/ローラ・ハリアー/ジェシカ・スーラ/マイク・マイヤーズ/マイルズ・テラー/コールマン・ドミンゴ,single,,https://res.cloudinary.com/hf9tv6vn/image/upload/57-142A.jpg,表面,portrait ,https://res.cloudinary.com/hf9tv6vn/image/upload/57-142B.jpg,裏面,landscape,,,,,,,
57-143,Michael/マイケル,M,2026,,アントワーン・フークア,ジャファー・ジャクソン/ニア・ロング/ジュリアーノ・ヴァルディ/キーリン・ダレル・ジョーンズ/ローラ・ハリアー/ジェシカ・スーラ/マイク・マイヤーズ/マイルズ・テラー/コールマン・ドミンゴ,bifold,,https://res.cloudinary.com/hf9tv6vn/image/upload/57-143A.jpg,表面,portrait ,https://res.cloudinary.com/hf9tv6vn/image/upload/57-143B.jpg,裏面,portrait,https://res.cloudinary.com/hf9tv6vn/image/upload/57-143C.jpg,中面,landscape,,,,
57-144,ロングウォーク,ロ,2025,,フランシス・ローレンス,クーパー・ホフマン/デビッド・ジョンソン/ギャレット・ウエアリング/マーク・ハミル,single,,https://res.cloudinary.com/hf9tv6vn/image/upload/57-144A.jpg,表面,portrait ,https://res.cloudinary.com/hf9tv6vn/image/upload/57-144B.jpg,裏面,portrait,,,,,,,
57-145,モータルコンバット/ネクストラウンド,モ,2026,,サイモン・マッコイド,カール・アーバン/アデライン・ルドルフ/ジェシカ・マクナミー/ジョシュ・ローソン/ルディ・リン/メカッド・ブルックス/タティ・ガブリエル/ルイス・タン/マックス・ファン/デイモン・ヘリマン/チン・ハン/浅野忠信/ジョー・タスリム/真田広之,single,,https://res.cloudinary.com/hf9tv6vn/image/upload/57-145A.jpg,表面,portrait ,https://res.cloudinary.com/hf9tv6vn/image/upload/57-145B.jpg,裏面,landscape,,,,,,,
57-146,ミニオンズ＆モンスターズ,ミ,2026,,ピエール・コフィン,アリソン・ジャネイ/クリストフ・ヴァルツ/ジェフ・ブリッジス/ジェシー・アイゼンバーグ/ゾーイ・ドゥイッチ/ボビー・モイニハン/フィル・ラマール/トレイ・パーカー/ピエール・コフィン,single,,https://res.cloudinary.com/hf9tv6vn/image/upload/57-146A.jpg,表面,portrait ,https://res.cloudinary.com/hf9tv6vn/image/upload/57-146B.jpg,裏面,portrait,,,,,,,
57-147,ミニオンズ＆モンスターズ,ミ,2026,,ピエール・コフィン,アリソン・ジャネイ/クリストフ・ヴァルツ/ジェフ・ブリッジス/ジェシー・アイゼンバーグ/ゾーイ・ドゥイッチ/ボビー・モイニハン/フィル・ラマール/トレイ・パーカー/ピエール・コフィン,bifold,,https://res.cloudinary.com/hf9tv6vn/image/upload/57-147A.jpg,表面,portrait ,https://res.cloudinary.com/hf9tv6vn/image/upload/57-147B.jpg,裏面,portrait,https://res.cloudinary.com/hf9tv6vn/image/upload/57-147C.jpg,中面,landscape,,,,
57-148,オークストリートの異変,オ,2026,,デヴィッド・ロバート・ミッチェル,アン・ハサウェイ/ユアン・マクレガー/メイジー・ステラ/クリスチャン・コンヴェリー,single,,https://res.cloudinary.com/hf9tv6vn/image/upload/57-148A.jpg,表面,portrait ,https://res.cloudinary.com/hf9tv6vn/image/upload/57-148B.jpg,裏面,landscape,,,,,,,
57-149,オークストリートの異変,オ,2026,,デヴィッド・ロバート・ミッチェル,アン・ハサウェイ/ユアン・マクレガー/メイジー・ステラ/クリスチャン・コンヴェリー,bifold,,https://res.cloudinary.com/hf9tv6vn/image/upload/57-149A.jpg,表面,portrait ,https://res.cloudinary.com/hf9tv6vn/image/upload/57-149B.jpg,裏面,portrait,https://res.cloudinary.com/hf9tv6vn/image/upload/57-149C.jpg,中面,landscape,,,,
57-150,ブリング・ハー・バック,ブ,2025,,ダニー・フィリッポウ/マイケル・フィリッポウ,ビリー・バラット/ソラ・ウォン/サリー・ホーキンス/ジョナ・レン・フィリップス,single,,https://res.cloudinary.com/hf9tv6vn/image/upload/57-150A.jpg,表面,portrait ,https://res.cloudinary.com/hf9tv6vn/image/upload/57-150B.jpg,裏面,portrait,,,,,,,
57-151,大統領のケーキ,ダ,2025,,ハサン・ハーディ,バニーン・アハマド・ナーイフ/サッジャード・モハンマド・カーセム/ワヒーダ・サーベト/ラヒーム・アルハジ,single,,https://res.cloudinary.com/hf9tv6vn/image/upload/57-151A.jpg,表面,portrait ,https://res.cloudinary.com/hf9tv6vn/image/upload/57-151B.jpg,裏面,portrait,,,,,,,
57-152,ヌーヴェルヴァーグ,ヌ,2025,,リチャード・リンクレイター,ギヨーム・マルベック/ゾーイ・ドゥイッチ/オーブリー・デュラン,single,,https://res.cloudinary.com/hf9tv6vn/image/upload/57-152A.jpg,表面,portrait ,https://res.cloudinary.com/hf9tv6vn/image/upload/57-152B.jpg,裏面,portrait,,,,,,,
57-153,ヌーヴェルヴァーグ,ヌ,2025,,リチャード・リンクレイター,ギヨーム・マルベック/ゾーイ・ドゥイッチ/オーブリー・デュラン,single,,https://res.cloudinary.com/hf9tv6vn/image/upload/57-153A.jpg,表面,portrait ,https://res.cloudinary.com/hf9tv6vn/image/upload/57-153B.jpg,裏面,portrait,,,,,,,
57-154,DIE MY LOVE/ダイ・マイ・ラブ,D,2025,,リン・ラムジー,ジェニファー・ローレンス/ロバート・パティンソン/ラキース・スタンフィールド/ニック・ノルティ/シシー・スペイセク,single,,https://res.cloudinary.com/hf9tv6vn/image/upload/57-154A.jpg,表面,portrait ,https://res.cloudinary.com/hf9tv6vn/image/upload/57-154B.jpg,裏面,portrait,,,,,,,
57-155,レッド・ソニア／反逆の剣,レ,2025,,M・J・バセット,マチルダ・ルッツ/ロバート・シーアン/ウォーリス・デイ/ルーク・パスクァリーノ,single,,https://res.cloudinary.com/hf9tv6vn/image/upload/57-155A.jpg,表面,portrait ,https://res.cloudinary.com/hf9tv6vn/image/upload/57-155B.jpg,裏面,portrait,,,,,,,
57-156,ドゥランダル作戦,ド,2025,,アディティア・ダール,ランビール・シン/アクシャイ・カンナー/サンジャイ・ダット/アルジュン・ラームパール/R・マーダバン/サーラー・アルジュン/ラーケーシュ・ベーディー,single,,https://res.cloudinary.com/hf9tv6vn/image/upload/57-156A.jpg,表面,portrait ,https://res.cloudinary.com/hf9tv6vn/image/upload/57-156B.jpg,裏面,portrait,,,,,,,
57-157,ドゥランダル作戦,ド,2025,,アディティア・ダール,ランビール・シン/アクシャイ・カンナー/サンジャイ・ダット/アルジュン・ラームパール/R・マーダバン/サーラー・アルジュン/ラーケーシュ・ベーディー,single,,https://res.cloudinary.com/hf9tv6vn/image/upload/57-157A.jpg,表面,portrait ,https://res.cloudinary.com/hf9tv6vn/image/upload/57-157B.jpg,裏面,portrait,,,,,,,
57-158,スパイダーマン：ブランド・ニュー・デイ,ス,2026,,デスティン・ダニエル・クレットン,トム・ホランド/ゼンデイヤ/セイディー・シンク/ジェイコブ・バタロン/ジョン・バーンサル/トラメル・ティルマン/マーク・ラファロ,single,,https://res.cloudinary.com/hf9tv6vn/image/upload/57-158A.jpg,表面,portrait ,https://res.cloudinary.com/hf9tv6vn/image/upload/57-158B.jpg,裏面,portrait,,,,,,,
57-159,スパイダーマン：ブランド・ニュー・デイ,ス,2026,,デスティン・ダニエル・クレットン,トム・ホランド/ゼンデイヤ/セイディー・シンク/ジェイコブ・バタロン/ジョン・バーンサル/トラメル・ティルマン/マーク・ラファロ,single,,https://res.cloudinary.com/hf9tv6vn/image/upload/57-159A.jpg,表面,portrait ,https://res.cloudinary.com/hf9tv6vn/image/upload/57-159B.jpg,裏面,landscape,,,,,,,
57-160,スーパーガール,ス,2026,,クレイグ・ギレスピー,ミリー・オールコック/マティアス・スーナールツ/イヴ・リドリー/デヴィッド・クラムホルツ/エミリー・ビーチャム/デヴィッド・コレンスウェット/ジェイソン・モモア,single,,https://res.cloudinary.com/hf9tv6vn/image/upload/57-160A.jpg,表面,portrait ,https://res.cloudinary.com/hf9tv6vn/image/upload/57-160B.jpg,裏面,landscape,,,,,,,
57-161,スーパーガール,ス,2026,,クレイグ・ギレスピー,ミリー・オールコック/マティアス・スーナールツ/イヴ・リドリー/デヴィッド・クラムホルツ/エミリー・ビーチャム/デヴィッド・コレンスウェット/ジェイソン・モモア,single,,https://res.cloudinary.com/hf9tv6vn/image/upload/57-161A.jpg,表面,portrait ,https://res.cloudinary.com/hf9tv6vn/image/upload/57-161B.jpg,裏面,landscape,,,,,,,
57-162,オデュッセイア,オ,2026,,クリストファー・ノーラン,マット・デイモン/トム・ホランド/アン・ハサウェイ/ロバート・パティンソン/ルピタ・ニョンゴ/サマンサ・モートン/ゼンデイヤ/シャーリーズ・セロン,single,,https://res.cloudinary.com/hf9tv6vn/image/upload/57-162A.jpg,表面,portrait ,https://res.cloudinary.com/hf9tv6vn/image/upload/57-162B.jpg,裏面,portrait,,,,,,,
57-163,オデュッセイア,オ,2026,,クリストファー・ノーラン,マット・デイモン/トム・ホランド/アン・ハサウェイ/ロバート・パティンソン/ルピタ・ニョンゴ/サマンサ・モートン/ゼンデイヤ/シャーリーズ・セロン,bifold,,https://res.cloudinary.com/hf9tv6vn/image/upload/57-163A.jpg,表面,portrait ,https://res.cloudinary.com/hf9tv6vn/image/upload/57-163B.jpg,裏面,portrait,https://res.cloudinary.com/hf9tv6vn/image/upload/57-163C.jpg,中面,landscape,,,,
57-164,レディ・オア・ノット2,レ,2026,,マット・ベッティネリ＝オルピン/タイラー・ジレット,サマラ・ウィーヴィング/キャスリン・ニュートン/サラ・ミシェル・ゲラー/ショーン・ハトシー/デヴィッド・クローネンバーグ/イライジャ・ウッド,single,,https://res.cloudinary.com/hf9tv6vn/image/upload/57-164A.jpg,表面,portrait ,https://res.cloudinary.com/hf9tv6vn/image/upload/57-164B.jpg,裏面,portrait,,,,,,,
57-165,デッドマンズ・ワイヤー,デ,2026,,ガス・ヴァン・サント,ビル・スカルスガルド/デイカー・モンゴメリー,single,,https://res.cloudinary.com/hf9tv6vn/image/upload/57-165A.jpg,表面,portrait ,https://res.cloudinary.com/hf9tv6vn/image/upload/57-165B.jpg,裏面,portrait,,,,,,,
57-166,ポパイ・ザ・スレイヤー・マン,ポ,2025,,ロバート・マイケル・ライアン,ショーン・マイケル・コンウェイ/エレナ・ジュリアーノ/メイベル・トーマス,single,,https://res.cloudinary.com/hf9tv6vn/image/upload/57-166A.jpg,表面,portrait ,https://res.cloudinary.com/hf9tv6vn/image/upload/57-166B.jpg,裏面,portrait,,,,,,,
57-167,カルロス・カイザー　サッカー史上最も奇妙な成功者,カ,2018,,ルイス・マイルス,カルロス・エンヒキ・ラポーゾ(カイザー)/ジーコ/ベベト/レナト・ガウショ/アレクシャンドレ・トーレス/リカルド・ローシャ,single,,https://res.cloudinary.com/hf9tv6vn/image/upload/57-167A.jpg,表面,portrait ,https://res.cloudinary.com/hf9tv6vn/image/upload/57-167B.jpg,裏面,portrait,,,,,,,
57-168,新凱旋門物語,シ,2025,,ステファン・ドゥムースティエ,クレス・バング/スワン・アルロー/グザヴィエ・ドラン,single,,https://res.cloudinary.com/hf9tv6vn/image/upload/57-168A.jpg,表面,portrait ,https://res.cloudinary.com/hf9tv6vn/image/upload/57-168B.jpg,裏面,portrait,,,,,,,
57-169,オブセッション　災愛,オ,2025,,カリー・バーカー,マイケル・ジョンストン/インディ・ナバレッテ/クーパー・トムリンソン/メーガン・ローレス,single,,https://res.cloudinary.com/hf9tv6vn/image/upload/57-169A.jpg,表面,portrait ,https://res.cloudinary.com/hf9tv6vn/image/upload/57-169B.jpg,裏面,portrait,,,,,,,
57-170,GOOD BOY グッドボーイ,G,2025,,ベン・レオンバーグ,ラリー・フェセンデン/シェーン・ジェンセン/アリエル・フリードマン/スチュアート・ルーディン/ハンター・ゲッツ,single,,https://res.cloudinary.com/hf9tv6vn/image/upload/57-170A.jpg,表面,portrait ,https://res.cloudinary.com/hf9tv6vn/image/upload/57-170B.jpg,裏面,portrait,,,,,,,
57-171,Mirai 運命の戦士,M,2025,,カールティーク・ガッタマネーニ,テージャ・サッジャー,single,,https://res.cloudinary.com/hf9tv6vn/image/upload/57-171A.jpg,表面,portrait ,https://res.cloudinary.com/hf9tv6vn/image/upload/57-171B.jpg,裏面,portrait,,,,,,,
57-172,シェルター,シ,2026,,リック・ローマン・ウォー,ジェイソン・ステイサム/ビル・ナイ/ナオミ・アッキー,single,,https://res.cloudinary.com/hf9tv6vn/image/upload/57-172A.jpg,表面,portrait ,https://res.cloudinary.com/hf9tv6vn/image/upload/57-172B.jpg,裏面,portrait,,,,,,,
57-173,パウ・パトロール　ザ・ダイノ・ムービー,パ,2026,,カル・ブランカー,カーター・ヤング/マッケンナ・グレイス/テリー・クルーズ/ジェニファー・ハドソン/ジャミーラ・ジャミル/パリス・ヒルトン,single,,https://res.cloudinary.com/hf9tv6vn/image/upload/57-173A.jpg,表面,portrait ,https://res.cloudinary.com/hf9tv6vn/image/upload/57-173B.jpg,裏面,portrait,,,,,,,
57-174,KEEPER／キーパー,K,2025,,オズグッド・パーキンス,タチアナ・マズラニー/ロッシフ・サザーランド,single,,https://res.cloudinary.com/hf9tv6vn/image/upload/57-174A.jpg,表面,portrait ,https://res.cloudinary.com/hf9tv6vn/image/upload/57-174B.jpg,裏面,portrait,,,,,,,
57-175,マーターズ 4Kデジタルリマスター,マ,2026,,パスカル・ロウジェ,モルジャーナ・アラウィ/ミレーヌ・ジャンパノイ,single,,https://res.cloudinary.com/hf9tv6vn/image/upload/57-175A.jpg,表面,portrait ,https://res.cloudinary.com/hf9tv6vn/image/upload/57-175B.jpg,裏面,portrait,,,,,,,
57-176,プリミティヴ・ウォー　恐竜戦争,プ,2025,,ルーク・スパーク,ライアン・クワンテン/トリシア・ヘルファー/ニック・ウェクスラー/ジェレミー・ピヴェン,single,,https://res.cloudinary.com/hf9tv6vn/image/upload/57-176A.jpg,表面,portrait ,https://res.cloudinary.com/hf9tv6vn/image/upload/57-176B.jpg,裏面,portrait,,,,,,,
57-177,アベンジャーズ/ドゥームズデイ,ア,2026,,アンソニー・ルッソ/ジョー・ルッソ,ロバート・ダウニー・Jr./クリス・ヘムズワース/ヴァネッサ・カービー/アンソニー・マッキー/セバスチャン・スタン/レティーシャ・ライト/ポール・ラッド/ワイアット・ラッセル/テノッチ・ウエルタ・メヒア/エボン・モス＝バクラック/シム・リウ/ベネディクト・カンバーバッチ/フローレンス・ピュー/ケルシー・グラマー/ルイス・プルマン/ダニー・ラミレス/ジョセフ・クイン/デヴィッド・ハーバー/ウィンストン・デューク/ハナ・ジョン＝カーメン/トム・ヒドルストン/パトリック・スチュワート/イアン・マッケラン/アラン・カミング/レベッカ・ローミン/ジェームズ・マースデン/チャニング・テイタム/ペドロ・パスカル/クリス・エヴァンス,single,,https://res.cloudinary.com/hf9tv6vn/image/upload/57-177A.jpg,表面,portrait ,https://res.cloudinary.com/hf9tv6vn/image/upload/57-177B.jpg,裏面,portrait,,,,,,,
57-178,怪速急行■■行き,カ,2025,,タク・セウン,チュ・ヒョニョン/チョン・ベス/チェ・ボミン,single,,https://res.cloudinary.com/hf9tv6vn/image/upload/57-178A.jpg,表面,portrait ,https://res.cloudinary.com/hf9tv6vn/image/upload/57-178B.jpg,裏面,portrait,,,,,,,
57-179,ストレンジ・ハーベスト　インランド・エンパイアの怪事件,ス,2024,,スチュアート・オルティス,ピーター・ジッゾ/テリー・アップル,single,,https://res.cloudinary.com/hf9tv6vn/image/upload/57-179A.jpg,表面,portrait ,https://res.cloudinary.com/hf9tv6vn/image/upload/57-179B.jpg,裏面,portrait,,,,,,,
57-180,ドラマなふたり,ド,2026,,クリストファー・ボルグリ,ゼンデイヤ/ロバート・パティンソン,single,,https://res.cloudinary.com/hf9tv6vn/image/upload/57-180A.jpg,表面,portrait ,https://res.cloudinary.com/hf9tv6vn/image/upload/57-180B.jpg,裏面,portrait,,,,,,,
57-181,ラスト・サバイバー,ラ,2026,,リドリー・スコット,ジェイコブ・エロルディ/ジョシュ・ブローリン,single,,https://res.cloudinary.com/hf9tv6vn/image/upload/57-181A.jpg,表面,portrait ,https://res.cloudinary.com/hf9tv6vn/image/upload/57-181B.jpg,裏面,portrait,,,,,,,
57-182,グレイ・ミッション,グ,2026,,ガイ・リッチー,ヘンリー・カヴィル/ジェイク・ジレンホール/エイザ・ゴンザレス,single,,https://res.cloudinary.com/hf9tv6vn/image/upload/57-182A.jpg,表面,portrait ,https://res.cloudinary.com/hf9tv6vn/image/upload/57-182B.jpg,裏面,landscape,,,,,,,
57-183,私の血に流れる血,ワ,2015,,マルコ・ベロッキオ,ロベルト・ヘルリッカ/ピエール・ジョルジョ・ベロッキオ/リディア・リバーマン/ファウスト・ルッソ・アレージ/アルバ・ロルバケル,single,,https://res.cloudinary.com/hf9tv6vn/image/upload/57-183A.jpg,表面,portrait ,https://res.cloudinary.com/hf9tv6vn/image/upload/57-183B.jpg,裏面,portrait,,,,,,,
57-184,きっと青春大革命！カルラ８年の記録,キ,2025,,カニ・ラプエルタ,,single,,https://res.cloudinary.com/hf9tv6vn/image/upload/57-184A.jpg,表面,portrait ,https://res.cloudinary.com/hf9tv6vn/image/upload/57-184B.jpg,裏面,portrait,,,,,,,
57-185,ファーザー マザー シスター ブラザー,フ,2025,,ジム・ジャームッシュ,トム・ウェイツ/アダム・ドライバー/メイム・ビアリク/シャーロット・ランプリング/ケイト・ブランシェット/ヴィッキー・クリープス/セーラ・グリーン/インディア・ムーア/ルカ・サバト/フランソワーズ・ルブラン,single,,https://res.cloudinary.com/hf9tv6vn/image/upload/57-185A.jpg,表面,portrait ,https://res.cloudinary.com/hf9tv6vn/image/upload/57-185B.jpg,裏面,portrait,,,,,,,
57-186,ハート・オブ・ビースト,ハ,2026,,デヴィッド・エアー,ブラッド・ピット/J・K・シモンズ/アンナ・ラム,single,,https://res.cloudinary.com/hf9tv6vn/image/upload/57-186A.jpg,表面,portrait ,https://res.cloudinary.com/hf9tv6vn/image/upload/57-186B.jpg,裏面,landscape,,,,,,,
57-187,EPiC エピック　エルヴィス・プレスリー・イン・コンサート,E,2025,,バズ・ラーマン,エルヴィス・プレスリー,single,,https://res.cloudinary.com/hf9tv6vn/image/upload/57-187A.jpg,表面,portrait ,https://res.cloudinary.com/hf9tv6vn/image/upload/57-187B.jpg,裏面,portrait,,,,,,,
57-188,バイオハザード,バ,2026,,ザック・クレッガー,オースティン・エイブラムス/ザック・チェリー/カーリー・レイス/ポール・ウォルター・ハウザー,single,,https://res.cloudinary.com/hf9tv6vn/image/upload/57-188A.jpg,表面,portrait ,https://res.cloudinary.com/hf9tv6vn/image/upload/57-188B.jpg,裏面,portrait,,,,,,,
57-189,ハルバーシュタットの埋蔵金,ハ,2024,,ナーチャ・ブルンクホルスト,ザンドラ・ヒュラー/マックス・リーメルト/ロナルト・ツェアフェルト/ウルスラ・ベルナー/ぺーター・クルト/マルティン・ブラムバッハ,single,,https://res.cloudinary.com/hf9tv6vn/image/upload/57-189A.jpg,表面,portrait ,https://res.cloudinary.com/hf9tv6vn/image/upload/57-189B.jpg,裏面,portrait,,,,,,,
57-190,BOSS ボス,B,2025,,ラ・ヒチャン,チョ・ウジン/チョン・ギョンホ/パク・ジファン/イ・ギュヒョン/イ・ソンミン,single,,https://res.cloudinary.com/hf9tv6vn/image/upload/57-190A.jpg,表面,portrait ,https://res.cloudinary.com/hf9tv6vn/image/upload/57-190B.jpg,裏面,portrait,,,,,,,
57-191,ストリートファイター／ザ・ムービー,ス,2026,,キタオ・サクライ,ノア・センティネオ/アンドリュー・小路/カリーナ・リャン/ジョー・“ローマン・レインズ”・アノアイ/デヴィッド・ダストマルチャン/コーディ・ローデス/アンドリュー・シュルツ/ヴィドゥユト・ジャームワール/エリック・アンドレ/カーティス・“50 Cent”・ジャクソン/デヴィッド・ダストマルチャン/ジェイソン・モモア,single,,https://res.cloudinary.com/hf9tv6vn/image/upload/57-191A.jpg,表面,portrait ,https://res.cloudinary.com/hf9tv6vn/image/upload/57-191B.jpg,裏面,landscape,,,,,,,
57-192,クジラに落ちた男,ク,2026,,ブライアン・ダッフィールド,オースティン・エイブラムス/ジョシュ・ブローリン,single,,https://res.cloudinary.com/hf9tv6vn/image/upload/57-192A.jpg,表面,portrait ,https://res.cloudinary.com/hf9tv6vn/image/upload/57-192B.jpg,裏面,landscape,,,,,,,
57-193,リサ・ラーソンがいた時間,リ,2025,,エミリア・エクマン・ラーソン,リサ・ラーソン/グンナル・ラーソン/マティアス・ラーソン/エミリア・エクマン・ラーソン/フランコ・ニコロシ,single,,https://res.cloudinary.com/hf9tv6vn/image/upload/57-193A.jpg,表面,portrait ,https://res.cloudinary.com/hf9tv6vn/image/upload/57-193B.jpg,裏面,portrait,,,,,,,
57-194,バックルームズ,バ,2026,,ケイン・パーソンズ,キウェテル・イジョフォー/レナーテ・レインスヴェ/マーク・デュプラス/フィン・ベネット,bifold,,https://res.cloudinary.com/hf9tv6vn/image/upload/57-194A.jpg,表面,portrait ,https://res.cloudinary.com/hf9tv6vn/image/upload/57-194B.jpg,裏面,portrait,https://res.cloudinary.com/hf9tv6vn/image/upload/57-194C.jpg,中面,landscape,,,,
57-195,カーンターラ　炎の決戦,カ,2025,,リシャブ・シェッティ,リシャブ・シェッティ/ルクミニ・ワサント/ジャヤラーム/グルシャン・デーワイヤ,single,,https://res.cloudinary.com/hf9tv6vn/image/upload/57-195A.jpg,表面,portrait ,https://res.cloudinary.com/hf9tv6vn/image/upload/57-195B.jpg,裏面,portrait,,,,,,,
57-196,DIGGER/ディガー,D,2026,,アレハンドロ・ゴンサレス・イニャリトゥ,トム・クルーズ/リズ・アーメッド/ジョン・グッドマン/ザンドラ・ヒュラー/ジェシー・プレモンス/マイケル・スタールバーグ,single,,https://res.cloudinary.com/hf9tv6vn/image/upload/57-196A.jpg,表面,portrait ,https://res.cloudinary.com/hf9tv6vn/image/upload/57-196B.jpg,裏面,portrait,,,,,,,
57-197,べべフィン・ザ・ムービー　うたとまほうのピンキッツワールド,ベ,2025,,,,bifold,,https://res.cloudinary.com/hf9tv6vn/image/upload/57-197A.jpg,表面,portrait ,https://res.cloudinary.com/hf9tv6vn/image/upload/57-197B.jpg,裏面,portrait,https://res.cloudinary.com/hf9tv6vn/image/upload/57-197C.jpg,中面,landscape,,,,
57-198,ハイファイブ！,ハ,2025,,カン・ヒョンチョル,イ・ジェイン/アン・ジェホン/ユ・アイン/ラ・ミラン/キム・ヒウォン/オ・ジョンセ/シン・グ/パク・ジニョン,single,,https://res.cloudinary.com/hf9tv6vn/image/upload/57-198A.jpg,表面,portrait ,https://res.cloudinary.com/hf9tv6vn/image/upload/57-198B.jpg,裏面,portrait,,,,,,,
57-199,真実と反逆 〜ナチスと闘った若きレジスタンス〜,シ,2025,,マット・ウィテカー,ユアン・ホロックス/フェルディナンド・マッケイ/ダフ・トーマス/ナイ・オックモア/ルパート・エヴァンス,single,,https://res.cloudinary.com/hf9tv6vn/image/upload/57-199A.jpg,表面,portrait ,https://res.cloudinary.com/hf9tv6vn/image/upload/57-199B.jpg,裏面,portrait,,,,,,,
57-200,ファーストライド,フ,2025,,ナム・デジュン,カン・ハヌル/キム・ヨングァン/チャウヌ（ASTRO）/カン・ヨンソク/ハン・ソナ/チェ・グィファ/ユン・ギョンホ/コ・ギュピル/知英（KARA）,single,,https://res.cloudinary.com/hf9tv6vn/image/upload/57-200A.jpg,表面,portrait ,https://res.cloudinary.com/hf9tv6vn/image/upload/57-200B.jpg,裏面,portrait,,,,,,,
Jan-56,コンクリート・ユートピア,コ,2023,,オム・テファ,イ・ビョンホン/パク・ソジュン/パク・ボヨン/キム・ソニョン/パク・ジフ/キム・ドユン/イ・ヒョジェ/クォン・ウンソン/キム・ハクソン/イ・ソファン,single,,https://res.cloudinary.com/hf9tv6vn/image/upload/56-1A.jpg,表面,portrait ,https://res.cloudinary.com/hf9tv6vn/image/upload/56-1B.jpg,裏面,portrait,,,,,,,
Feb-56,アクアマン/失われた王国,ア,2023,,ジェームズ・ワン,ジェイソン・モモア/パトリック・ウィルソン/アンバー・ハード/ヤーヤ・アブドゥル＝マティーン2世/ランドール・パーク/ドルフ・ラングレン/テムエラ・モリソン/マーティン・ショート/ニコール・キッドマン,single,,https://res.cloudinary.com/hf9tv6vn/image/upload/56-2A.jpg,表面,portrait ,https://res.cloudinary.com/hf9tv6vn/image/upload/56-2B.jpg,裏面,landscape,,,,,,,
Mar-56,アクアマン/失われた王国,ア,2023,,ジェームズ・ワン,ジェイソン・モモア/パトリック・ウィルソン/アンバー・ハード/ヤーヤ・アブドゥル＝マティーン2世/ランドール・パーク/ドルフ・ラングレン/テムエラ・モリソン/マーティン・ショート/ニコール・キッドマン,single,,https://res.cloudinary.com/hf9tv6vn/image/upload/56-3A.jpg,表面,portrait ,https://res.cloudinary.com/hf9tv6vn/image/upload/56-3B.jpg,裏面,landscape,,,,,,,
Apr-56,エクスペンダブルズ ニューブラッド,エ,2023,,スコット・ウォー,ジェイソン・ステイサム/シルヴェスター・スタローン/カーティス・“50セント”・ジャクソン/ミーガン・フォックス/ドルフ・ラングレン/トニー・ジャー/イコ・ウワイス/ランディ・クートゥア/アンディ・ガルシア,single,,https://res.cloudinary.com/hf9tv6vn/image/upload/56-4A.jpg,表面,portrait ,https://res.cloudinary.com/hf9tv6vn/image/upload/56-4B.jpg,裏面,landscape,,,,,,,
May-56,ファースト・カウ,フ,2020,,ケリー・ライカート,ジョン・マガロ/オリオン・リー/ルネ・オーベルジョノワ/トビー・ジョーンズ,single,,https://res.cloudinary.com/hf9tv6vn/image/upload/56-5A.jpg,表面,portrait ,https://res.cloudinary.com/hf9tv6vn/image/upload/56-5B.jpg,裏面,landscape,,,,,,,
Jun-56,マエストロ: その音楽と愛と,マ,2023,,ブラッドリー・クーパー,キャリー・マリガン/ブラッドリー・クーパー,single,,https://res.cloudinary.com/hf9tv6vn/image/upload/56-6A.jpg,表面,portrait ,https://res.cloudinary.com/hf9tv6vn/image/upload/56-6B.jpg,裏面,portrait,,,,,,,
Jul-56,マエストロ: その音楽と愛と,マ,2023,,ブラッドリー・クーパー,キャリー・マリガン/ブラッドリー・クーパー,single,,https://res.cloudinary.com/hf9tv6vn/image/upload/56-7A.jpg,表面,portrait ,https://res.cloudinary.com/hf9tv6vn/image/upload/56-7B.jpg,裏面,portrait,,,,,,,
Aug-56,父は憶えている,チ,2022,,アクタン・アリム・クバト,アクタン・アリム・クバト/ミルラン・アブディカリコフ/タアライカン・アバゾバ,single,,https://res.cloudinary.com/hf9tv6vn/image/upload/56-8A.jpg,表面,portrait ,https://res.cloudinary.com/hf9tv6vn/image/upload/56-8B.jpg,裏面,portrait,,,,,,,
Sep-56,葬送のカーネーション,ソ,2022,,ベキル・ビュルビュル,シャム・ゼイダン/デミル・パルスジャン,single,,https://res.cloudinary.com/hf9tv6vn/image/upload/56-9A.jpg,表面,portrait ,https://res.cloudinary.com/hf9tv6vn/image/upload/56-9B.jpg,裏面,portrait,,,,,,,
Oct-56,VESPER ヴェスパー,V,2022,,クリスティーナ・ブオジーテ/ブルーノ・サンペル,ラフィエラ・チャップマン/エディ・マーサン/ロージー・マキューアン/リチャード・ブレイク,single,,https://res.cloudinary.com/hf9tv6vn/image/upload/56-10A.jpg,表面,portrait ,https://res.cloudinary.com/hf9tv6vn/image/upload/56-10B.jpg,裏面,portrait,,,,,,,
Nov-56,ラ・メゾン　小説家と娼婦,ラ,2022,,アニッサ・ボンヌフォン,アナ・ジラルド/オーレ・アッティカ/ロッシ・デ・パルマ/ヤニック・レニエ/フィリップ・リボット/ジーナ・ヒメネス/ニキータ・ベルッチ,bifold,,https://res.cloudinary.com/hf9tv6vn/image/upload/56-11A.jpg,表面,portrait ,https://res.cloudinary.com/hf9tv6vn/image/upload/56-11B.jpg,裏面,portrait,https://res.cloudinary.com/hf9tv6vn/image/upload/56-11C.jpg,中面,landscape,,,,
Dec-56,アンブッシュ,ア,2021,,ピエール・モレル,マルワーン・アブドゥッラ・サーリフ/ハリーファ・アル・ジャースィム/ムハンマド・アフマド/アブドゥッラ・サイード・ビン・ハイダル/サイード・アルハシュ,single,,https://res.cloudinary.com/hf9tv6vn/image/upload/56-12A.jpg,表面,portrait ,https://res.cloudinary.com/hf9tv6vn/image/upload/56-12B.jpg,裏面,portrait,,,,,,,
56-13,僕らの世界が交わるまで,ボ,2023,,ジェシー・アイゼンバーグ,ジュリアン・ムーア/フィン・ウルフハード/ジェイ・O・サンダース/アリシャ・ボー/ビリー・ブリュック/エレオノール・ヘンドリックス,single,,https://res.cloudinary.com/hf9tv6vn/image/upload/56-13A.jpg,表面,portrait ,https://res.cloudinary.com/hf9tv6vn/image/upload/56-13B.jpg,裏面,portrait,,,,,,,
56-14,弟は僕のヒーロー,オ,2019,,ステファノ・チパーニ,アレッサンドロ・ガスマン/イザベラ・ラゴネーゼ/ロッシ・デ・パルマ,single,,https://res.cloudinary.com/hf9tv6vn/image/upload/56-14A.jpg,表面,portrait ,https://res.cloudinary.com/hf9tv6vn/image/upload/56-14B.jpg,裏面,portrait,,,,,,,
56-15,瞳をとじて,ヒ,2023,,ビクトル・エリセ,マノロ・ソロ/ホセ・コロナド/アナ・トレント,single,,https://res.cloudinary.com/hf9tv6vn/image/upload/56-15A.jpg,表面,portrait ,https://res.cloudinary.com/hf9tv6vn/image/upload/56-15B.jpg,裏面,portrait,,,,,,,
56-16,フェルメール The Greatest Exhibition アート・オン・スクリーン特別編,フ,2024,,デビッド・ビッカースタッフ,,single,,https://res.cloudinary.com/hf9tv6vn/image/upload/56-16A.jpg,表面,portrait ,https://res.cloudinary.com/hf9tv6vn/image/upload/56-16B.jpg,裏面,portrait,,,,,,,
56-17,梟　フクロウ,フ,2022,,アン・テジン, リュ・ジュンヨル/ユ・ヘジン/チェ・ムソン,single,,https://res.cloudinary.com/hf9tv6vn/image/upload/56-17A.jpg,表面,portrait ,https://res.cloudinary.com/hf9tv6vn/image/upload/56-17B.jpg,裏面,portrait,,,,,,,
56-18,ダム・マネー ウォール街を狙え!,ダ,2023,,クレイグ・ギレスピー,ポール・ダノ/ピート・デヴィッドソン/ヴィンセント・ドノフリオ/アメリカ・フェレーラ/ニック・オファーマン/アンソニー・ラモス/セバスチャン・スタン/シェイリーン・ウッドリー/セス・ローゲン,single,,https://res.cloudinary.com/hf9tv6vn/image/upload/56-18A.jpg,表面,portrait ,https://res.cloudinary.com/hf9tv6vn/image/upload/56-18B.jpg,裏面,portrait,,,,,,,
56-19,セマンティックエラー・ザ・ムービー,セ,2022,,キム・スジョン,パク・ソハム/パク・ジェチャン,single,,https://res.cloudinary.com/hf9tv6vn/image/upload/56-19A.jpg,表面,portrait ,https://res.cloudinary.com/hf9tv6vn/image/upload/56-19B.jpg,裏面,portrait,,,,,,,
56-20,哀れなるものたち,ア,2023,,ヨルゴス・ランティモス,エマ・ストーン/マーク・ラファロ/ウィレム・デフォー/ラミー・ユセフ/ジェロッド・カーマイケル,single,,https://res.cloudinary.com/hf9tv6vn/image/upload/56-20A.jpg,表面,portrait ,https://res.cloudinary.com/hf9tv6vn/image/upload/56-20B.jpg,裏面,portrait,,,,,,,
56-21,哀れなるものたち,ア,2023,,ヨルゴス・ランティモス,エマ・ストーン/マーク・ラファロ/ウィレム・デフォー/ラミー・ユセフ/ジェロッド・カーマイケル,bifold,,https://res.cloudinary.com/hf9tv6vn/image/upload/56-21A.jpg,表面,portrait ,https://res.cloudinary.com/hf9tv6vn/image/upload/56-21B.jpg,裏面,portrait,https://res.cloudinary.com/hf9tv6vn/image/upload/56-21C.jpg,中面,landscape,,,,
56-22,コヴェナント/約束の救出,コ,2023,,ガイ・リッチー,ジェイク・ジレンホール/ダール・サリム,single,2026/9/16,https://res.cloudinary.com/hf9tv6vn/image/upload/56-22A.jpg,表面,portrait ,https://res.cloudinary.com/hf9tv6vn/image/upload/56-22B.jpg,裏面,portrait,,,,,,,
56-23,ネクスト・ゴール・ウィンズ,ネ,2023,,タイカ・ワイティティ,マイケル・ファスベンダー/オスカー・ナイトリー /カイマナ /エリザベス・モス,single,2026/9/16,https://res.cloudinary.com/hf9tv6vn/image/upload/56-23A.jpg,表面,portrait ,https://res.cloudinary.com/hf9tv6vn/image/upload/56-23B.jpg,裏面,portrait,,,,,,,
56-24,猿の惑星/キングダム,サ,2024,,ウェス・ボール,オーウェン・ティーグ/フレイヤ・アーラン/ケヴィン・デュランド/ピーター・メイコン/ウィリアム・H・メイシー,single,2026/9/16,https://res.cloudinary.com/hf9tv6vn/image/upload/56-24A.jpg,表面,portrait ,https://res.cloudinary.com/hf9tv6vn/image/upload/56-24B.jpg,裏面,portrait,,,,,,,
56-25,猿の惑星/キングダム,サ,2024,,ウェス・ボール,オーウェン・ティーグ/フレイヤ・アーラン/ケヴィン・デュランド/ピーター・メイコン/ウィリアム・H・メイシー,single,2026/9/16,https://res.cloudinary.com/hf9tv6vn/image/upload/56-25A.jpg,表面,portrait ,https://res.cloudinary.com/hf9tv6vn/image/upload/56-25B.jpg,裏面,portrait,,,,,,,
56-26,レザボア・ドッグス デジタルリマスター版,レ,2024,,クエンティン・タランティーノ,ハーヴェイ・カイテル/ティム・ロス/マイケル・マドセン/クリス・ペン/スティーヴ・ブシェミ/ローレンス・ティアニー/クエンティン・タランティーノ,single,2026/9/16,https://res.cloudinary.com/hf9tv6vn/image/upload/56-26A.jpg,表面,portrait ,https://res.cloudinary.com/hf9tv6vn/image/upload/56-26B.jpg,裏面,portrait,,,,,,,
56-27,DOGMAN ドッグマン,D,2023,,リュック・ベッソン,ケイレブ・ランドリー・ジョーンズ,single,2026/9/16,https://res.cloudinary.com/hf9tv6vn/image/upload/56-27A.jpg,表面,portrait ,https://res.cloudinary.com/hf9tv6vn/image/upload/56-27B.jpg,裏面,portrait,,,,,,,
56-28,Firebird ファイアバード,F,2021,,ペーテル・レバネ,トム・プライヤー/オレグ・ザゴロドニー/ダイアナ・ポザルスカヤ,single,2026/9/16,https://res.cloudinary.com/hf9tv6vn/image/upload/56-28A.jpg,表面,portrait ,https://res.cloudinary.com/hf9tv6vn/image/upload/56-28B.jpg,裏面,portrait,,,,,,,
56-29,ファイブ・ナイツ・アット・フレディーズ,フ,2023,,エマ・タミ,ジョシュ・ハッチャーソン/エリザベス・レイル/パイパー・ルビオ/メアリー・スチュアート・マスターソン/マシュー・リラード/キャット・コナー・スターリング,single,2026/9/16,https://res.cloudinary.com/hf9tv6vn/image/upload/56-29A.jpg,表面,portrait ,https://res.cloudinary.com/hf9tv6vn/image/upload/56-29B.jpg,裏面,portrait,,,,,,,
56-30,ボーはおそれている,ボ,2023,,アリ・アスター,ホアキン・フェニックス/ネイサン・レイン/エイミー・ライアン,single,2026/9/16,https://res.cloudinary.com/hf9tv6vn/image/upload/56-30A.jpg,表面,portrait ,https://res.cloudinary.com/hf9tv6vn/image/upload/56-30B.jpg,裏面,portrait,,,,,,,
56-31,ザ・ガーディアン　守護者,ザ,2022,,チョン・ウソン,チョン・ウソン/キム・ナムギル/パク・ソンウン/キム・ジュンハン/パク・ユナ,single,2026/9/16,https://res.cloudinary.com/hf9tv6vn/image/upload/56-31A.jpg,表面,portrait ,https://res.cloudinary.com/hf9tv6vn/image/upload/56-31B.jpg,裏面,portrait,,,,,,,
56-32,犯罪都市 NO WAY OUT,ハ,2023,,イ・サンヨン,マ・ドンソク/イ・ジュニョク/青木崇高,single,2026/9/16,https://res.cloudinary.com/hf9tv6vn/image/upload/56-32A.jpg,表面,portrait ,https://res.cloudinary.com/hf9tv6vn/image/upload/56-32B.jpg,裏面,landscape,,,,,,,
56-33,犯罪都市 PUNISHMENT,ハ,2024,,ホ・ミョンヘン,マ・ドンソク/キム・ムヨル/パク・ジファン/イ・ドンフィ,single,2026/9/16,https://res.cloudinary.com/hf9tv6vn/image/upload/56-33A.jpg,表面,portrait ,https://res.cloudinary.com/hf9tv6vn/image/upload/56-33B.jpg,裏面,portrait,,,,,,,
56-34,貴公子,キ,2023,,パク・フンジョン,キム・ソンホ/カン・テジュ/キム・ガンウ/コ・アラ,single,2026/9/16,https://res.cloudinary.com/hf9tv6vn/image/upload/56-34A.jpg,表面,portrait ,https://res.cloudinary.com/hf9tv6vn/image/upload/56-34B.jpg,裏面,portrait,,,,,,,
56-35,ソウルメイト,ソ,2023,,ミン・ヨングン,キム・ダミ/チョン・ソニ/ピョン・ウソク,single,2026/9/16,https://res.cloudinary.com/hf9tv6vn/image/upload/56-35A.jpg,表面,portrait ,https://res.cloudinary.com/hf9tv6vn/image/upload/56-35B.jpg,裏面,portrait,,,,,,,
56-36,クラウド アトラス,ク,2013,,ラナ・ウォシャウスキー/トム・ティクヴァ/アンディ・ウォシャウスキー,トム・ハンクス/ハル・ベリー,single,2026/9/16,https://res.cloudinary.com/hf9tv6vn/image/upload/56-36A.jpg,表面,portrait ,https://res.cloudinary.com/hf9tv6vn/image/upload/56-36B.jpg,裏面,portrait,,,,,,,
56-37,ラストスタンド,ラ,2013,,キム・ジウン,アーノルド・シュワルツェネッガー/ロドリゴ・サントロ/フォレスト・ウィテカー/ピーター・ストーメア/エドゥアルド・ノリエガ/ザック・ギルフォード/ジェイミー・アレクサンダー,bifold,2026/9/16,https://res.cloudinary.com/hf9tv6vn/image/upload/56-37A.jpg,表面,portrait ,https://res.cloudinary.com/hf9tv6vn/image/upload/56-37B.jpg,裏面,portrait,https://res.cloudinary.com/hf9tv6vn/image/upload/56-37C.jpg,中面,landscape,,,,
56-38,ジャッキー・コーガン,ジ,2012,,アンドリュー・ドミニク,ブラッド・ピット,single,2026/9/16,https://res.cloudinary.com/hf9tv6vn/image/upload/56-38A.jpg,表面,portrait ,https://res.cloudinary.com/hf9tv6vn/image/upload/56-38B.jpg,裏面,portrait,,,,,,,
56-39,リンカーン,リ,2012,,スティーヴン・スピルバーグ,ダニエル・デイ＝ルイス/サリー・フィールド/ジョセフ・ゴードン＝レヴィット/ジェームズ・スペイダー/ハル・ホルブルック/ジョン・ホークス/ティム・ブレイク・ネルソン/ブルース・マッギル/デヴィッド・ストラザーン/トミー・リー・ジョーンズ,single,2026/9/16,https://res.cloudinary.com/hf9tv6vn/image/upload/56-39A.jpg,表面,portrait ,https://res.cloudinary.com/hf9tv6vn/image/upload/56-39B.jpg,裏面,portrait,,,,,,,
56-40,フライト,フ,2012,,ロバート・ゼメキス,デンゼル・ワシントン/ケリー・ライリー/ブルース・グリーンウッド/ドン・チードル/ジョン・グッドマン/メリッサ・レオ/ジェームズ・バッジ・デール,single,2026/9/16,https://res.cloudinary.com/hf9tv6vn/image/upload/56-40A.jpg,表面,portrait ,https://res.cloudinary.com/hf9tv6vn/image/upload/56-40B.jpg,裏面,portrait,,,,,,,
56-41,ダイ・ハード/ラスト・デイ,ダ,2013,,ジョン・ムーア,ブルース・ウィリス/ジェイ・コートニー/セバスチャン・コッホ/ラシャ・ブコヴィッチ/コール・ハウザー/ユーリヤ・スニギル,single,2026/9/16,https://res.cloudinary.com/hf9tv6vn/image/upload/56-41A.jpg,表面,portrait ,https://res.cloudinary.com/hf9tv6vn/image/upload/56-41B.jpg,裏面,portrait,,,,,,,
56-42,ジャンゴ 繋がれざる者,ジ,2012,,クエンティン・タランティーノ,ジェイミー・フォックス/レオナルド・ディカプリオ/クリストフ・ヴァルツ/ケリー・ワシントン/サミュエル・L・ジャクソン/ウォルトン・ゴギンズ/ドン・ジョンソン/デニス・クリストファー/ジェームズ・レマー,single,2026/9/16,https://res.cloudinary.com/hf9tv6vn/image/upload/56-42A.jpg,表面,portrait ,https://res.cloudinary.com/hf9tv6vn/image/upload/56-42B.jpg,裏面,landscape,,,,,,,
56-43,LIFE!/ライフ,L,2013,,ベン・スティラー,ベン・スティラー/クリステン・ウィグ/シャーリー・マクレーン/アダム・スコット/キャスリン・ハーン/パットン・オズワルト/エイドリアン・マルティネス/オラフル・ダッリ・オラフソン/ショーン・ペン,single,2026/9/16,https://res.cloudinary.com/hf9tv6vn/image/upload/56-43A.jpg,表面,portrait ,https://res.cloudinary.com/hf9tv6vn/image/upload/56-43B.jpg,裏面,landscape,,,,,,,
56-44,ホビット 竜に奪われた王国,ホ,2013,,ピーター・ジャクソン,イアン・マッケラン/マーティン・フリーマン/リチャード・アーミティッジ/ベネディクト・カンバーバッチ/エヴァンジェリン・リリー/リー・ペイス/ルーク・エヴァンズ/ケン・ストット/ジェームズ・ネスビット/オーランド・ブルーム,quadfold,2026/9/16,https://res.cloudinary.com/hf9tv6vn/image/upload/56-44A.jpg,表面,portrait ,https://res.cloudinary.com/hf9tv6vn/image/upload/56-44B.jpg,裏面,portrait,https://res.cloudinary.com/hf9tv6vn/image/upload/56-44C.jpg,中面,landscape,https://res.cloudinary.com/hf9tv6vn/image/upload/56-44D.jpg,中面,landscape,
56-45,ダークナイト ライジング,ダ,2012,,クリストファー・ノーラン,クリスチャン・ベール/マイケル・ケイン/ゲイリー・オールドマン/アン・ハサウェイ/トム・ハーディ/マリオン・コティヤール/ジョセフ・ゴードン＝レヴィット/モーガン・フリーマン,bifold,2026/9/16,https://res.cloudinary.com/hf9tv6vn/image/upload/56-45A.jpg,表面,portrait ,https://res.cloudinary.com/hf9tv6vn/image/upload/56-45B.jpg,裏面,portrait,https://res.cloudinary.com/hf9tv6vn/image/upload/56-45C.jpg,中面,landscape,,,,
56-46,コール・ジェーン -女性たちの秘密の電話-,コ,2022,,フィリス・ナジー,エリザベス・バンクス/シガニー・ウィーバー,single,2026/9/16,https://res.cloudinary.com/hf9tv6vn/image/upload/56-46A.jpg,表面,portrait ,https://res.cloudinary.com/hf9tv6vn/image/upload/56-46B.jpg,裏面,portrait,,,,,,,
56-47,私ときどきレッサーパンダ/あの夏のルカ/ソウルフル・ワールド,ワ,2024,,,,single,2026/9/16,https://res.cloudinary.com/hf9tv6vn/image/upload/56-47A.jpg,表面,portrait ,https://res.cloudinary.com/hf9tv6vn/image/upload/56-47B.jpg,裏面,portrait,,,,,,,
56-48,カラーパープル,カ,2023,,ブリッツ・バザウーレ,ファンテイジア・バリーノ/タラジ・P・ヘンソン,single,2026/9/16,https://res.cloudinary.com/hf9tv6vn/image/upload/56-48A.jpg,表面,portrait ,https://res.cloudinary.com/hf9tv6vn/image/upload/56-48B.jpg,裏面,portrait,,,,,,,
56-49,ビニールハウス,ビ,2022,,イ・ソルヒ,キム・ソヒョン/ヤン・ジェソン/シン・ヨンスク/ウォン・ミウォン/アン・ソヨ,single,2026/9/16,https://res.cloudinary.com/hf9tv6vn/image/upload/56-49A.jpg,表面,portrait ,https://res.cloudinary.com/hf9tv6vn/image/upload/56-49B.jpg,裏面,portrait,,,,,,,
56-50,RHEINGOLD ラインゴールド,R,2022,,ファティ・アキン,エミリオ・サクラヤ/カルド・ラザーディ/モナ・ピルザダ/アルマン・カシャニ/フセイン・トップ/ソゴル・ファガーニ,single,2026/9/16,https://res.cloudinary.com/hf9tv6vn/image/upload/56-50A.jpg,表面,portrait ,https://res.cloudinary.com/hf9tv6vn/image/upload/56-50B.jpg,裏面,portrait,,,,,,,
56-51,マンティコア　怪物,マ,2022,,カルロス・ベルムト,ナチョ・サンチェス/ゾーイ・ステイン /アルバロ・サンス・ロドリゲス/アイツィべル・ガルメンディア,single,2026/9/16,https://res.cloudinary.com/hf9tv6vn/image/upload/56-51A.jpg,表面,portrait ,https://res.cloudinary.com/hf9tv6vn/image/upload/56-51B.jpg,裏面,portrait,,,,,,,
56-52,ピアノ・レッスン ４Kデジタルリマスター,ピ,2024,,ジェーン・カンピオン,ホリー・ハンター/ハーヴェイ・カイテル/サム・ニール/アンナ・パキン,single,2026/9/16,https://res.cloudinary.com/hf9tv6vn/image/upload/56-52A.jpg,表面,portrait ,https://res.cloudinary.com/hf9tv6vn/image/upload/56-52B.jpg,裏面,portrait,,,,,,,
56-53,アイアンクロー,ア,2023,,ショーン・ダーキン,ザック・エフロン/ジェレミー・アレン・ホワイト/ハリス・ディキンソン/モーラ・ティアニー/スタンリー・シモンズ/ホルト・マッキャラニー/リリー・ジェームズ,single,2026/9/16,https://res.cloudinary.com/hf9tv6vn/image/upload/56-53A.jpg,表面,portrait ,https://res.cloudinary.com/hf9tv6vn/image/upload/56-53B.jpg,裏面,portrait,,,,,,,
56-54,ポーカー・フェイス　裏切りのカード,ポ,2022,,ラッセル・クロウ,ラッセル・クロウ/リアム・ヘムズワース/RZA/エイデン・ヤング,single,2026/9/16,https://res.cloudinary.com/hf9tv6vn/image/upload/56-54A.jpg,表面,portrait ,https://res.cloudinary.com/hf9tv6vn/image/upload/56-54B.jpg,裏面,portrait,,,,,,,
56-55,パリ・ブレスト　夢をかなえたスイーツ,パ,2023,,セバスチャン・テュラール,リアド・ベライシュ/ルブナ・アビダル/クリスティーヌ・シティ,single,2026/9/16,https://res.cloudinary.com/hf9tv6vn/image/upload/56-55A.jpg,表面,portrait ,https://res.cloudinary.com/hf9tv6vn/image/upload/56-55B.jpg,裏面,portrait,,,,,,,
56-56,12日の殺人,1,2022,,ドミニク・モル,バスティアン・ブイヨン/ブーリ・ランネール/テオ・チョルビ /ヨハン・ディオネ /ティヴー・エヴェラー/ポーリーヌ・セリエ /ルーラ・コットン・フラピエ,single,2026/9/16,https://res.cloudinary.com/hf9tv6vn/image/upload/56-56A.jpg,表面,portrait ,https://res.cloudinary.com/hf9tv6vn/image/upload/56-56B.jpg,裏面,portrait,,,,,,,
56-57,レオノールの脳内ヒプナゴジア,レ,2022,,マルティカ・ラミレス・エスコバル,シェイラ・フランシスコ/ボン・カブレラ/ロッキー・サルンビデス/アンソニー・ファルコン,single,2026/9/16,https://res.cloudinary.com/hf9tv6vn/image/upload/56-57A.jpg,表面,portrait ,https://res.cloudinary.com/hf9tv6vn/image/upload/56-57B.jpg,裏面,portrait,,,,,,,
56-58,オーメン:ザ・ファースト,オ,2024,,アルカシャ・スティーブンソン,ネル・タイガー・フリー/ビル・ナイ/ソニア・ブラガ/ラルフ・アイネソン/タウフィーク・バルホーム,single,2026/9/16,https://res.cloudinary.com/hf9tv6vn/image/upload/56-58A.jpg,表面,portrait ,https://res.cloudinary.com/hf9tv6vn/image/upload/56-58B.jpg,裏面,portrait,,,,,,,
56-59,オッペンハイマー ,オ,2023,,クリストファー・ノーラン,キリアン・マーフィー/エミリー・ブラント/マット・デイモン/ロバート・ダウニー・ジュニア/フローレンス・ピュー/ジョシュ・ハートネット/ケイシー・アフレック/ラミ・マレック/ケネス・ブラナー,bifold,2026/9/16,https://res.cloudinary.com/hf9tv6vn/image/upload/56-59A.jpg,表面,portrait ,https://res.cloudinary.com/hf9tv6vn/image/upload/56-59B.jpg,裏面,portrait,https://res.cloudinary.com/hf9tv6vn/image/upload/56-59C.jpg,中面,landscape,,,,
56-60,レオ　ブラッディ・スウィート,レ,2023,,ローケーシュ・カナガラージ,ヴィジャイ/トリシャー・クリシュナン/サンジャイ・ダット/アルジュン・サルジャー,single,2026/9/16,https://res.cloudinary.com/hf9tv6vn/image/upload/56-60A.jpg,表面,portrait ,https://res.cloudinary.com/hf9tv6vn/image/upload/56-60B.jpg,裏面,portrait,,,,,,,
56-61,ローマの休日（4Kレストア版）,ロ,2023,,ウィリアム・ワイラー,グレゴリー・ペック/オードリー・ヘプバーン/エディ・アルバート/パオロ・カルリーニ/ハートリー・パワー/ハーコート・ウィリアムズ/マーガレット・ローリングス/トゥリオ・カルミナチ,single,2026/9/16,https://res.cloudinary.com/hf9tv6vn/image/upload/56-61A.jpg,表面,portrait ,https://res.cloudinary.com/hf9tv6vn/image/upload/56-61B.jpg,裏面,portrait,,,,,,,
56-62,マイ・スイート・ハニー,マ,2023,,イ・ハン,ユ・ヘジン/キム・ヒソン/チャ・インピョ/チン・ソンギュ/ハン・ソナ/チョン・タウン,single,2026/9/16,https://res.cloudinary.com/hf9tv6vn/image/upload/56-62A.jpg,表面,portrait ,https://res.cloudinary.com/hf9tv6vn/image/upload/56-62B.jpg,裏面,portrait,,,,,,,
56-63,クワイエット・プレイス：DAY 1,ク,2024,,マイケル・サルノスキ,ルピタ・ニョンゴ/ジョセフ・クイン/アレックス・ウルフ/ジャイモン・フンスー,single,2026/9/16,https://res.cloudinary.com/hf9tv6vn/image/upload/56-63A.jpg,表面,portrait ,https://res.cloudinary.com/hf9tv6vn/image/upload/56-63B.jpg,裏面,landscape,,,,,,,
56-64,クワイエット・プレイス：DAY 1,ク,2024,,マイケル・サルノスキ,ルピタ・ニョンゴ/ジョセフ・クイン/アレックス・ウルフ/ジャイモン・フンスー,single,2026/9/16,https://res.cloudinary.com/hf9tv6vn/image/upload/56-64A.jpg,表面,portrait ,https://res.cloudinary.com/hf9tv6vn/image/upload/56-64B.jpg,裏面,portrait,,,,,,,
56-65,ゴーストバスターズ/フローズン・サマー,ゴ,2024,,ギル・キーナン,ポール・ラッド/キャリー・クーン/フィン・ウルフハード/マッケナ・グレイス/クメイル・ナンジアニ/パットン・オズワルト/セレステ・オコナー/ローガン・キム/ダン・エイクロイド/アーニー・ハドソン/アニー・ポッツ,bifold,2026/9/16,https://res.cloudinary.com/hf9tv6vn/image/upload/56-65A.jpg,表面,portrait ,https://res.cloudinary.com/hf9tv6vn/image/upload/56-65B.jpg,裏面,portrait,https://res.cloudinary.com/hf9tv6vn/image/upload/56-65C.jpg,中面,landscape,,,,
56-66,PS1 黄金の河,P,2022,,マニラトナム,ヴィクラム/カールティ/アイシュワリヤー・ラーイ・バッチャン/トリシャー・クリシュナン,single,2026/9/16,https://res.cloudinary.com/hf9tv6vn/image/upload/56-66A.jpg,表面,portrait ,https://res.cloudinary.com/hf9tv6vn/image/upload/56-66B.jpg,裏面,portrait,,,,,,,
56-67,ライド・オン,ラ,2023,,ラリー・ヤン,ジャッキー・チェン/リウ・ハオツン/グオ・チーリン,bifold,2026/9/16,https://res.cloudinary.com/hf9tv6vn/image/upload/56-67A.jpg,表面,portrait ,https://res.cloudinary.com/hf9tv6vn/image/upload/56-67B.jpg,裏面,portrait,https://res.cloudinary.com/hf9tv6vn/image/upload/56-67C.jpg,中面,landscape,,,,
56-68,ジャッキーチェン＜４K＞映画祭,ジ,2024,,,ジャッキー・チェン,single,2026/9/16,https://res.cloudinary.com/hf9tv6vn/image/upload/56-68A.jpg,表面,portrait ,https://res.cloudinary.com/hf9tv6vn/image/upload/56-68B.jpg,裏面,portrait,,,,,,,
56-69,マッドマックス：フュリオサ,マ,2024,,ジョージ・ミラー,アニャ・テイラー＝ジョイ/クリス・ヘムズワース/トム・バーク/アリーラ・ブラウン,single,2026/9/16,https://res.cloudinary.com/hf9tv6vn/image/upload/56-69A.jpg,表面,portrait ,https://res.cloudinary.com/hf9tv6vn/image/upload/56-69B.jpg,裏面,portrait,,,,,,,
56-70,マッドマックス：フュリオサ,マ,2024,,ジョージ・ミラー,アニャ・テイラー＝ジョイ/クリス・ヘムズワース/トム・バーク/アリーラ・ブラウン,single,2026/9/16,https://res.cloudinary.com/hf9tv6vn/image/upload/56-70A.jpg,表面,portrait ,https://res.cloudinary.com/hf9tv6vn/image/upload/56-70B.jpg,裏面,landscape,,,,,,,
56-71,ハロルド・フライのまさかの旅立ち,ハ,2022,,ヘティ・マクドナルド,ジム・ブロードベント/ペネロープ・ウィルトン/アール・ケイヴ/リンダ・バセット/ジョセフ・マイデル,single,2026/9/16,https://res.cloudinary.com/hf9tv6vn/image/upload/56-71A.jpg,表面,portrait ,https://res.cloudinary.com/hf9tv6vn/image/upload/56-71B.jpg,裏面,portrait,,,,,,,
56-72,ザ・ウォッチャーズ,ザ,2024,,イシャナ・ナイト・シャマラン,ダコタ・ファニング/ジョージナ・キャンベル/オルウェン・フエレ/オリバー・フィネガン,single,2026/9/16,https://res.cloudinary.com/hf9tv6vn/image/upload/56-72A.jpg,表面,portrait ,https://res.cloudinary.com/hf9tv6vn/image/upload/56-72B.jpg,裏面,portrait,,,,,,,
56-73,タイガー 裏切りのスパイ,タ,2023,,マニーシュ・シャルマー,サルマーン・カーン/カトリーナ・カイフ/イムラーン・ハーシュミー,single,2026/9/16,https://res.cloudinary.com/hf9tv6vn/image/upload/56-73A.jpg,表面,portrait ,https://res.cloudinary.com/hf9tv6vn/image/upload/56-73B.jpg,裏面,portrait,,,,,,,
56-74,ボブ・マーリー:ONE LOVE,ボ,2024,,レイナルド・マーカス・グリーン,キングズリー・ベン＝アディル/ラシャーナ・リンチ,bifold,2026/9/16,https://res.cloudinary.com/hf9tv6vn/image/upload/56-74A.jpg,表面,portrait ,https://res.cloudinary.com/hf9tv6vn/image/upload/56-74B.jpg,裏面,portrait,https://res.cloudinary.com/hf9tv6vn/image/upload/56-74C.jpg,中面,landscape,,,,
56-75,ONE LIFE 奇跡が繋いだ6000の命,O,2023,,ジェームズ・ホーズ,アンソニー・ホプキンス/ジョニー・フリン,single,2026/9/16,https://res.cloudinary.com/hf9tv6vn/image/upload/56-75A.jpg,表面,portrait ,https://res.cloudinary.com/hf9tv6vn/image/upload/56-75B.jpg,裏面,portrait,,,,,,,
56-76,またヴィンセントは襲われる,マ,2023,,ステファン・カスタン,カリム・レクルー/ヴィマラ・ポンス/ランソワ・シャトー/カロリン・ローズ・サン/ジャン＝レミ・シェイズ/ユリス・ジュヌヴレ/エマニュエル・ヴェリテ,single,2026/9/16,https://res.cloudinary.com/hf9tv6vn/image/upload/56-76A.jpg,表面,portrait ,https://res.cloudinary.com/hf9tv6vn/image/upload/56-76B.jpg,裏面,portrait,,,,,,,
56-77,ブルー きみは大丈夫,ブ,2024,,ジョン・クラシンスキー,ケイリー・フレミング/ライアン・レイノルズ/ジョン・クラシンスキー/フィオナ・ショウ/フィービー・ウォーラー＝ブリッジ/ルイス・ゴセット・ジュニア/スティーヴ・カレル,bifold,2026/9/16,https://res.cloudinary.com/hf9tv6vn/image/upload/56-77A.jpg,表面,portrait ,https://res.cloudinary.com/hf9tv6vn/image/upload/56-77B.jpg,裏面,portrait,https://res.cloudinary.com/hf9tv6vn/image/upload/56-77C.jpg,中面,landscape,,,,
56-78,関心領域,カ,2023,,ジョナサン・グレイザー,クリスティアン・フリーデル/ザンドラ・ヒュラー,single,2026/9/16,https://res.cloudinary.com/hf9tv6vn/image/upload/56-78A.jpg,表面,portrait ,https://res.cloudinary.com/hf9tv6vn/image/upload/56-78B.jpg,裏面,portrait,,,,,,,
56-79,ねこのガーフィールド,ネ,2024,,マーク・ディンダル,クリス・プラット/サミュエル・L・ジャクソン,single,2026/9/16,https://res.cloudinary.com/hf9tv6vn/image/upload/56-79A.jpg,表面,portrait ,https://res.cloudinary.com/hf9tv6vn/image/upload/56-79B.jpg,裏面,landscape,,,,,,,
56-80,フォールガイ,フ,2024,,デヴィッド・リーチ,ライアン・ゴズリング/エミリー・ブラント/アーロン・テイラー＝ジョンソン/ハンナ・ワディンガム/テリーサ・パーマー/ステファニー・スー/ウィンストン・デューク,single,2026/9/16,https://res.cloudinary.com/hf9tv6vn/image/upload/56-80A.jpg,表面,portrait ,https://res.cloudinary.com/hf9tv6vn/image/upload/56-80B.jpg,裏面,portrait,,,,,,,
56-81,ゴジラxコング 新たなる帝国,ゴ,2024,,アダム・ウィンガード,レベッカ・ホール/ブライアン・タイリー・ヘンリー/ダン・スティーヴンス/カイリー・ホットル/アレックス・ファーンズ/ファラ・チェン,quadfold,2026/9/16,https://res.cloudinary.com/hf9tv6vn/image/upload/56-81A.jpg,表面,landscape,https://res.cloudinary.com/hf9tv6vn/image/upload/56-81B.jpg,裏面,landscape,https://res.cloudinary.com/hf9tv6vn/image/upload/56-81C.jpg,中面,landscape,https://res.cloudinary.com/hf9tv6vn/image/upload/56-81D.jpg,中面,landscape,
56-82,ツイスターズ,ツ,2024,,リー・アイザック・チョン,デイジー・エドガー＝ジョーンズ/グレン・パウエル/アンソニー・ラモス,single,2026/9/16,https://res.cloudinary.com/hf9tv6vn/image/upload/56-82A.jpg,表面,portrait ,https://res.cloudinary.com/hf9tv6vn/image/upload/56-82B.jpg,裏面,portrait,,,,,,,
56-83,デッドプール&ウルヴァリン,デ,2024,,ショーン・レヴィ,ライアン・レイノルズ/ヒュー・ジャックマン/エマ・コリン/モリーナ・バッカリン/ロブ・ディレイニー/レスリー・アガムズ/アーロン・スタンフォード/マシュー・マクファディン,bifold,2026/9/16,https://res.cloudinary.com/hf9tv6vn/image/upload/56-83A.jpg,表面,portrait ,https://res.cloudinary.com/hf9tv6vn/image/upload/56-83B.jpg,裏面,portrait,https://res.cloudinary.com/hf9tv6vn/image/upload/56-83C.jpg,中面,portrait,,,,
56-84,ラ・コシーナ/厨房,ラ,2024,,アロンソ・ルイスパラシオス,ラウル・ブリオネス/ルーニー・マーラ/アンナ・ディアス/モテル・フォスター/オデッド・フェール/スペンサー・グラネーゼ/サウンドス・モスバ,single,2026/9/16,https://res.cloudinary.com/hf9tv6vn/image/upload/56-84A.jpg,表面,portrait ,https://res.cloudinary.com/hf9tv6vn/image/upload/56-84B.jpg,裏面,portrait,,,,,,,
56-85,フライ・ミー・トゥ・ザ・ムーン,フ,2024,,グレッグ・バーランティ,スカーレット・ヨハンソン/チャニング・テイタム/ジム・ラッシュ/レイ・ロマーノ/ウディ・ハレルソン,single,2026/9/16,https://res.cloudinary.com/hf9tv6vn/image/upload/56-85A.jpg,表面,portrait ,https://res.cloudinary.com/hf9tv6vn/image/upload/56-85B.jpg,裏面,portrait,,,,,,,
56-86,YOLO 百元の恋,Y,2024,,ジア・リン,ジア・リン/ライ・チァイン/チャン・シャオフェイ,single,2026/9/16,https://res.cloudinary.com/hf9tv6vn/image/upload/56-86A.jpg,表面,portrait ,https://res.cloudinary.com/hf9tv6vn/image/upload/56-86B.jpg,裏面,portrait,,,,,,,
56-87,フェラーリ,フ,2023,,マイケル・マン,アダム・ドライバー/ペネロペ・クルス/シェイリーン・ウッドリー/サラ・ガドン/ジャック・オコンネル/パトリック・デンプシー,bifold,2026/9/16,https://res.cloudinary.com/hf9tv6vn/image/upload/56-87A.jpg,表面,portrait ,https://res.cloudinary.com/hf9tv6vn/image/upload/56-87B.jpg,裏面,portrait,https://res.cloudinary.com/hf9tv6vn/image/upload/56-87C.jpg,中面,landscape,,,,
56-88,フェラーリ,フ,2023,,マイケル・マン,アダム・ドライバー/ペネロペ・クルス/シェイリーン・ウッドリー/サラ・ガドン/ジャック・オコンネル/パトリック・デンプシー,single,2026/9/16,https://res.cloudinary.com/hf9tv6vn/image/upload/56-88A.jpg,表面,portrait ,https://res.cloudinary.com/hf9tv6vn/image/upload/56-88B.jpg,裏面,landscape,,,,,,,
56-89,スリープ,ス,2023,,ユ・ジェソン,チョン・ユミ/イ・ソンギュン,single,2026/9/16,https://res.cloudinary.com/hf9tv6vn/image/upload/56-89A.jpg,表面,portrait ,https://res.cloudinary.com/hf9tv6vn/image/upload/56-89B.jpg,裏面,portrait,,,,,,,
56-90,THE MOON,T,2023,,キム・ヨンファ,ソル・ギョング/ド・ギョンス/キム・ヒエ/パク・ビョンウン/チョ・ハンチョル,single,2026/9/16,https://res.cloudinary.com/hf9tv6vn/image/upload/56-90A.jpg,表面,portrait ,https://res.cloudinary.com/hf9tv6vn/image/upload/56-90B.jpg,裏面,portrait,,,,,,,
56-91,怪盗グルーのミニオン超変身,カ,2024,,クリス・ルノー,スティーヴ・カレル/クリステン・ウィグ/ピエール・コフィン/ジョーイ・キング/ミランダ・コスグローヴ/スティーヴン・コルベア/ソフィア・ベルガラ/スティーヴ・クーガン/マディソン・ポラン/デイナ・ゲイアー/クロエ・ファインマン/ウィル・フェレル,single,2026/9/16,https://res.cloudinary.com/hf9tv6vn/image/upload/56-91A.jpg,表面,portrait ,https://res.cloudinary.com/hf9tv6vn/image/upload/56-91B.jpg,裏面,landscape,,,,,,,
56-92,怪盗グルーのミニオン超変身,カ,2024,,クリス・ルノー,スティーヴ・カレル/クリステン・ウィグ/ピエール・コフィン/ジョーイ・キング/ミランダ・コスグローヴ/スティーヴン・コルベア/ソフィア・ベルガラ/スティーヴ・クーガン/マディソン・ポラン/デイナ・ゲイアー/クロエ・ファインマン/ウィル・フェレル,bifold,2026/9/16,https://res.cloudinary.com/hf9tv6vn/image/upload/56-92A.jpg,表面,portrait ,https://res.cloudinary.com/hf9tv6vn/image/upload/56-92B.jpg,裏面,portrait,https://res.cloudinary.com/hf9tv6vn/image/upload/56-92C.jpg,中面,landscape,,,,
56-93,フィリップ,フ,2022,,ミハウ・クフィェチンスキ,エリック・クルム・ジュニア/ヴィクトール・ムーテレ/カロリーネ・ハルティヒ,single,2026/9/16,https://res.cloudinary.com/hf9tv6vn/image/upload/56-93A.jpg,表面,portrait ,https://res.cloudinary.com/hf9tv6vn/image/upload/56-93B.jpg,裏面,portrait,,,,,,,
56-94,ジェントルマン,ジ,2022,,キム・ギョンウォン,チュ・ジフン/パク・ソンウン/チェ・ソンウン,single,2026/9/16,https://res.cloudinary.com/hf9tv6vn/image/upload/56-94A.jpg,表面,portrait ,https://res.cloudinary.com/hf9tv6vn/image/upload/56-94B.jpg,裏面,portrait,,,,,,,
56-95,破墓/パミョ,パ,2024,,チャン・ジェヒョン,チェ・ミンシク/キム・ゴウン/ユ・ヘジン/イ・ドヒョン,single,2026/9/16,https://res.cloudinary.com/hf9tv6vn/image/upload/56-95A.jpg,表面,portrait ,https://res.cloudinary.com/hf9tv6vn/image/upload/56-95B.jpg,裏面,portrait,,,,,,,
56-96,ビーキーパー,ビ,2024,,デヴィッド・エアー,ジェイソン・ステイサム/エミー・レイヴァー＝ランプマン/ジョシュ・ハッチャーソン/ボビー・ナデリ/フィリシア・ラシャド/ジェレミー・アイアンズ,single,2026/9/16,https://res.cloudinary.com/hf9tv6vn/image/upload/56-96A.jpg,表面,portrait ,https://res.cloudinary.com/hf9tv6vn/image/upload/56-96B.jpg,裏面,portrait,,,,,,,
56-97,ジョーカー:フォリ・ア・ドゥ,ジ,2024,,トッド・フィリップス,ホアキン・フェニックス/レディー・ガガ/ブレンダン・グリーソン/キャサリン・キーナー/ザジー・ビーツ,single,2026/9/16,https://res.cloudinary.com/hf9tv6vn/image/upload/56-97A.jpg,表面,portrait ,https://res.cloudinary.com/hf9tv6vn/image/upload/56-97B.jpg,裏面,portrait,,,,,,,
56-98,ジョーカー:フォリ・ア・ドゥ,ジ,2024,,トッド・フィリップス,ホアキン・フェニックス/レディー・ガガ/ブレンダン・グリーソン/キャサリン・キーナー/ザジー・ビーツ,single,2026/9/16,https://res.cloudinary.com/hf9tv6vn/image/upload/56-98A.jpg,表面,portrait ,https://res.cloudinary.com/hf9tv6vn/image/upload/56-98B.jpg,裏面,portrait,,,,,,,
56-99,ネネ　エトワールに憧れて,ネ,2022,,ラムジ・ベン・スリマン,オウミ・ブルーニ・ギャレル/マイウェン/アイサ・マイガ/スティーヴ・ティアンチュー/セドリック・カーン/レオノール・ポラック,single,2026/9/16,https://res.cloudinary.com/hf9tv6vn/image/upload/56-99A.jpg,表面,portrait ,https://res.cloudinary.com/hf9tv6vn/image/upload/56-99B.jpg,裏面,portrait,,,,,,,
56-100,シン・デレラ,シ,2024,,ルイーザ・ウォーレン,ケリー・ライアン・サンソン/クリッシー・ウンナ/ダニエル・スコット/ローレン・バッド/ナターシャ・トシーニ/サム・バレット,single,2026/9/16,https://res.cloudinary.com/hf9tv6vn/image/upload/56-100A.jpg,表面,portrait ,https://res.cloudinary.com/hf9tv6vn/image/upload/56-100B.jpg,裏面,portrait,,,,,,,
56-101,グラディエーターII 英雄を呼ぶ声,グ,2024,,リドリー・スコット,ポール・メスカル/ペドロ・パスカル/ジョセフ・クイン/フレッド・ヘッキンジャー/リオル・ラズ/デレク・ジャコビ/コニー・ニールセン/デンゼル・ワシントン,single,2026/9/16,https://res.cloudinary.com/hf9tv6vn/image/upload/56-101A.jpg,表面,portrait ,https://res.cloudinary.com/hf9tv6vn/image/upload/56-101B.jpg,裏面,landscape,,,,,,,
56-102,グラディエーターII 英雄を呼ぶ声,グ,2024,,リドリー・スコット,ポール・メスカル/ペドロ・パスカル/ジョセフ・クイン/フレッド・ヘッキンジャー/リオル・ラズ/デレク・ジャコビ/コニー・ニールセン/デンゼル・ワシントン,bifold,2026/9/16,https://res.cloudinary.com/hf9tv6vn/image/upload/56-102A.jpg,表面,portrait ,https://res.cloudinary.com/hf9tv6vn/image/upload/56-102B.jpg,裏面,portrait,https://res.cloudinary.com/hf9tv6vn/image/upload/56-102C.jpg,中面,landscape,,,,
56-103,シビル・ウォー アメリカ最後の日,シ,2024,,アレックス・ガーランド,キルスティン・ダンスト/ヴァグネル・モウラ/スティーヴン・ヘンダーソン/ケイリー・スピーニー,single,2026/9/16,https://res.cloudinary.com/hf9tv6vn/image/upload/56-103A.jpg,表面,portrait ,https://res.cloudinary.com/hf9tv6vn/image/upload/56-103B.jpg,裏面,portrait,,,,,,,
56-104,ビートルジュース ビートルジュース,ビ,2024,,ティム・バートン,マイケル・キートン/ウィノナ・ライダー/キャサリン・オハラ/ジャスティン・セロー/モニカ・ベルッチ/ジェナ・オルテガ/ウィレム・デフォー,single,2026/9/16,https://res.cloudinary.com/hf9tv6vn/image/upload/56-104A.jpg,表面,portrait ,https://res.cloudinary.com/hf9tv6vn/image/upload/56-104B.jpg,裏面,portrait,,,,,,,
56-105,憐れみの3章,ア,2024,,ヨルゴス・ランティモス,エマ・ストーン/ジェシー・プレモンス/ウィレム・デフォー/マーガレット・クアリー/ホン・チャウ/ジョー・アルウィン/ママドゥ・アティエ/ハンター・シェイファー,single,2026/9/16,https://res.cloudinary.com/hf9tv6vn/image/upload/56-105A.jpg,表面,portrait ,https://res.cloudinary.com/hf9tv6vn/image/upload/56-105B.jpg,裏面,portrait,,,,,,,
56-106,ソウX,ソ,2023,,ケヴィン・グルタート,トビン・ベル/ショウニー・スミス,single,2026/9/16,https://res.cloudinary.com/hf9tv6vn/image/upload/56-106A.jpg,表面,portrait ,https://res.cloudinary.com/hf9tv6vn/image/upload/56-106B.jpg,裏面,portrait,,,,,,,
56-107,ザ・バイクライダーズ,ザ,2023,,ジェフ・ニコルズ,オースティン・バトラー/ジョディ・カマー/トム・ハーディ/マイケル・シャノン/マイク・ファイスト/ノーマン・リーダス,single,2026/9/16,https://res.cloudinary.com/hf9tv6vn/image/upload/56-107A.jpg,表面,portrait ,https://res.cloudinary.com/hf9tv6vn/image/upload/56-107B.jpg,裏面,portrait,,,,,,,
56-108,クレイヴン・ザ・ハンター,ク,2024,,J・C・チャンダー,アーロン・テイラー＝ジョンソン/アリアナ・デボーズ/フレッド・ヘッキンジャー/アレッサンドロ・ニヴォラ/クリストファー・アボット/ラッセル・クロウ,single,2026/9/16,https://res.cloudinary.com/hf9tv6vn/image/upload/56-108A.jpg,表面,portrait ,https://res.cloudinary.com/hf9tv6vn/image/upload/56-108B.jpg,裏面,landscape,,,,,,,
56-109,モアナと伝説の海2,モ,2024,,デイビット・ダーリック・ジュニア/ジェイソン・ハンド/ダナ・ルドゥ・ミラー,アウリイ・クラヴァーリョ/ドウェイン・ジョンソン/フアラーライ・チョン/ローズ・マタフェオ/デヴィット・フェイン/アフィマイ・フレイザー/カリーシ・ランバート＝ツダ/テムエラ・モリソン/ニコール・シャージンガー/レイチェル・ハウス/ジェラルド・ラムゼイ/アラン・テュディック,single,2026/9/16,https://res.cloudinary.com/hf9tv6vn/image/upload/56-109A.jpg,表面,portrait ,https://res.cloudinary.com/hf9tv6vn/image/upload/56-109B.jpg,裏面,landscape,,,,,,,
56-110,モアナと伝説の海2,モ,2024,,デイビット・ダーリック・ジュニア/ジェイソン・ハンド/ダナ・ルドゥ・ミラー,アウリイ・クラヴァーリョ/ドウェイン・ジョンソン/フアラーライ・チョン/ローズ・マタフェオ/デヴィット・フェイン/アフィマイ・フレイザー/カリーシ・ランバート＝ツダ/テムエラ・モリソン/ニコール・シャージンガー/レイチェル・ハウス/ジェラルド・ラムゼイ/アラン・テュディック,single,2026/9/16,https://res.cloudinary.com/hf9tv6vn/image/upload/56-110A.jpg,表面,portrait ,https://res.cloudinary.com/hf9tv6vn/image/upload/56-110B.jpg,裏面,portrait,,,,,,,
56-111,ライオン・キング：ムファサ,ラ,2024,,バリー・ジェンキンス,アーロン・ピエール/ケルヴィン・ハリソン・Jr/セス・ローゲン/ビリー・アイクナー/ティファニー・ブーン/ドナルド・グローヴァー/マッツ・ミケルセン/タンディ・ニュートン/レニー・ジェームズ/アニカ・ノニ・ローズ/ブルー・アイー・カーター/ビヨンセ・ノウルズ・カーター,single,2026/9/16,https://res.cloudinary.com/hf9tv6vn/image/upload/56-111A.jpg,表面,portrait ,https://res.cloudinary.com/hf9tv6vn/image/upload/56-111B.jpg,裏面,landscape,,,,,,,
56-112,ライオン・キング：ムファサ,ラ,2024,,バリー・ジェンキンス,アーロン・ピエール/ケルヴィン・ハリソン・Jr/セス・ローゲン/ビリー・アイクナー/ティファニー・ブーン/ドナルド・グローヴァー/マッツ・ミケルセン/タンディ・ニュートン/レニー・ジェームズ/アニカ・ノニ・ローズ/ブルー・アイー・カーター/ビヨンセ・ノウルズ・カーター,single,2026/9/16,https://res.cloudinary.com/hf9tv6vn/image/upload/56-112A.jpg,表面,portrait ,https://res.cloudinary.com/hf9tv6vn/image/upload/56-112B.jpg,裏面,landscape,,,,,,,
56-113,ロード・オブ・ザ・リング/ローハンの戦い,ロ,2024,,神山健治,ブライアン・コックス/ガイア・ワイズ/ルーク・パスカリーノ/ミランダ・オットー,single,2026/9/16,https://res.cloudinary.com/hf9tv6vn/image/upload/56-113A.jpg,表面,portrait ,https://res.cloudinary.com/hf9tv6vn/image/upload/56-113B.jpg,裏面,landscape,,,,,,,
56-114,山逢いのホテルで,ヤ,2023,,マキシム・ラッパズ,ジャンヌ・バリバール/トマス・サーバッハー/ピエール＝アントワーヌ・デュベ/ベロニク・メルムー,single,2026/9/16,https://res.cloudinary.com/hf9tv6vn/image/upload/56-114A.jpg,表面,portrait ,https://res.cloudinary.com/hf9tv6vn/image/upload/56-114B.jpg,裏面,portrait,,,,,,,
56-115,ドリーム・シナリオ,ド,2023,,クリストファー・ボルグリ,ニコラス・ケイジ/ジュリアンヌ・ニコルソン/マイケル・セラ/ティム・メドウス/ディラン・ゲルラ/ディラン・ベイカー,single,2026/9/16,https://res.cloudinary.com/hf9tv6vn/image/upload/56-115A.jpg,表面,portrait ,https://res.cloudinary.com/hf9tv6vn/image/upload/56-115B.jpg,裏面,portrait,,,,,,,
56-116,バーン・クルア　凶愛の家,バ,2023,,ソーポップ・サクダービシット,ニッター・ジラヤンユン/スコラワット・カナロット/ペンパック・シリクン,single,2026/9/16,https://res.cloudinary.com/hf9tv6vn/image/upload/56-116A.jpg,表面,portrait ,https://res.cloudinary.com/hf9tv6vn/image/upload/56-116B.jpg,裏面,portrait,,,,,,,
56-117,対外秘,タ,2023,,イ・ウォンテ,チョ・ジヌン/イ・ソンミン/キム・ムヨル,single,2026/9/16,https://res.cloudinary.com/hf9tv6vn/image/upload/56-117A.jpg,表面,portrait ,https://res.cloudinary.com/hf9tv6vn/image/upload/56-117B.jpg,裏面,portrait,,,,,,,
56-118,動物界,ド,2023,,トマ・カイエ,ロマン・デュリス/ポール・キルシェ/アデル・エグザルコプロス/トム・メルシエ/ビリー・ブラン,single,2026/9/16,https://res.cloudinary.com/hf9tv6vn/image/upload/56-118A.jpg,表面,portrait ,https://res.cloudinary.com/hf9tv6vn/image/upload/56-118B.jpg,裏面,portrait,,,,,,,
56-119,ホワイトバード　はじまりのワンダー,ホ,2024,,マーク・フォースター,アリエラ・グレイザー/オーランド･シュワート/ジリアン・アンダーソン/ヘレン・ミレン,single,2026/9/16,https://res.cloudinary.com/hf9tv6vn/image/upload/56-119A.jpg,表面,portrait ,https://res.cloudinary.com/hf9tv6vn/image/upload/56-119B.jpg,裏面,portrait,,,,,,,
56-120,アプレンティス：ドナルド・トランプの創り方,ア,2024,,アリ・アッバシ,セバスチャン・スタン/ジェレミー・ストロング/マリア・バカローヴァ,single,2026/9/16,https://res.cloudinary.com/hf9tv6vn/image/upload/56-120A.jpg,表面,portrait ,https://res.cloudinary.com/hf9tv6vn/image/upload/56-120B.jpg,裏面,portrait,,,,,,,
56-121,太陽と桃の歌,タ,2022,,カルラ・シモン,ジュゼップ・アバッド/ジョルディ・ プジョル・ ドルセ/アンナ・ オティン,single,2026/9/16,https://res.cloudinary.com/hf9tv6vn/image/upload/56-121A.jpg,表面,portrait ,https://res.cloudinary.com/hf9tv6vn/image/upload/56-121B.jpg,裏面,portrait,,,,,,,
56-122,呪われた絵画,ノ,2023,,フェデリコ・ザンパッリォーネ,ローレン・ラベラ/クラウディア・ジェリーニ/ステファノ・マルティネッリ/ロレンツォ・レンツィ/メラニー・ゲイドス/リンダ・ザンパリオーネ/ジョヴァンニ・ロンバルド・ラディーチェ,single,2026/9/16,https://res.cloudinary.com/hf9tv6vn/image/upload/56-122A.jpg,表面,portrait ,https://res.cloudinary.com/hf9tv6vn/image/upload/56-122B.jpg,裏面,portrait,,,,,,,
56-123,ウィキッド 永遠の約束,ウ,2025,,ジョン・M・チュウ,シンシア・エリヴォ/アリアナ・グランデ/ミシェル・ヨー/ジェフ・ゴールドブラム,single,2026/9/16,https://res.cloudinary.com/hf9tv6vn/image/upload/56-123A.jpg,表面,portrait ,https://res.cloudinary.com/hf9tv6vn/image/upload/56-123B.jpg,裏面,portrait,,,,,,,
56-124,ウィキッド 永遠の約束,ウ,2025,,ジョン・M・チュウ,シンシア・エリヴォ/アリアナ・グランデ/ミシェル・ヨー/ジェフ・ゴールドブラム,bifold,2026/9/16,https://res.cloudinary.com/hf9tv6vn/image/upload/56-124A.jpg,表面,portrait ,https://res.cloudinary.com/hf9tv6vn/image/upload/56-124B.jpg,裏面,portrait,https://res.cloudinary.com/hf9tv6vn/image/upload/56-124C.jpg,中面,landscape,,,,
56-125,ウィキッド 永遠の約束,ウ,2025,,ジョン・M・チュウ,シンシア・エリヴォ/アリアナ・グランデ/ミシェル・ヨー/ジェフ・ゴールドブラム,quadfold,2026/9/16,https://res.cloudinary.com/hf9tv6vn/image/upload/56-125A.jpg,表面,landscape,https://res.cloudinary.com/hf9tv6vn/image/upload/56-125B.jpg,裏面,landscape,https://res.cloudinary.com/hf9tv6vn/image/upload/56-125C.jpg,中面,landscape,https://res.cloudinary.com/hf9tv6vn/image/upload/56-125D.jpg,中面,landscape,
56-126,ウィキッド 永遠の約束,ウ,2025,,ジョン・M・チュウ,シンシア・エリヴォ/アリアナ・グランデ/ミシェル・ヨー/ジェフ・ゴールドブラム,bifold,2026/9/16,https://res.cloudinary.com/hf9tv6vn/image/upload/56-126A.jpg,表面,portrait ,https://res.cloudinary.com/hf9tv6vn/image/upload/56-126B.jpg,裏面,portrait,https://res.cloudinary.com/hf9tv6vn/image/upload/56-126C.jpg,中面,landscape,,,,
56-127,トランスフォーマー/ONE,ト,2024,,ジョシュ・クーリー,クリス・ヘムズワース/ブライアン・タイリー・ヘンリー/スカーレット・ヨハンソン/キーガン＝マイケル・キー/スティーヴ・ブシェミ/ローレンス・フィッシュバーン/ジョン・ハム,single,2026/9/16,https://res.cloudinary.com/hf9tv6vn/image/upload/56-127A.jpg,表面,portrait ,https://res.cloudinary.com/hf9tv6vn/image/upload/56-127B.jpg,裏面,portrait,,,,,,,
56-128,リトル・ダンサー デジタルリマスター版,リ,2024,,スティーヴン・ダルドリー,ジェイミー・ベル/ジュリー・ウォルターズ/ゲイリー・ルイス/ジェイミー・ドレイヴン/ジーン・ヘイウッド/スチュアート・ウェルズ/アダム・クーパー,single,2026/9/16,https://res.cloudinary.com/hf9tv6vn/image/upload/56-128A.jpg,表面,portrait ,https://res.cloudinary.com/hf9tv6vn/image/upload/56-128B.jpg,裏面,portrait,,,,,,,
56-129,BETTER MAN/ベター・マン,B,2024,,マイケル・グレイシー,ロビー・ウィリアムズ/ジョンノ・デイヴィス/スティーヴ・ペンバートン/アリソン・ステッドマン,single,2026/9/16,https://res.cloudinary.com/hf9tv6vn/image/upload/56-129A.jpg,表面,portrait ,https://res.cloudinary.com/hf9tv6vn/image/upload/56-129B.jpg,裏面,portrait,,,,,,,
56-130,BETTER MAN/ベター・マン,B,2024,,マイケル・グレイシー,ロビー・ウィリアムズ/ジョンノ・デイヴィス/スティーヴ・ペンバートン/アリソン・ステッドマン,bifold,2026/9/16,https://res.cloudinary.com/hf9tv6vn/image/upload/56-130A.jpg,表面,portrait ,https://res.cloudinary.com/hf9tv6vn/image/upload/56-130B.jpg,裏面,portrait,https://res.cloudinary.com/hf9tv6vn/image/upload/56-130C.jpg,中面,landscape,,,,
56-131,白雪姫,シ,2025,,マーク・ウェブ,レイチェル・ゼグラー/アンドリュー・バーナップ/ガル・ガドット,single,2026/9/16,https://res.cloudinary.com/hf9tv6vn/image/upload/56-131A.jpg,表面,portrait ,https://res.cloudinary.com/hf9tv6vn/image/upload/56-131B.jpg,裏面,portrait,,,,,,,
56-132,白雪姫,シ,2025,,マーク・ウェブ,レイチェル・ゼグラー/アンドリュー・バーナップ/ガル・ガドット,single,2026/9/16,https://res.cloudinary.com/hf9tv6vn/image/upload/56-132A.jpg,表面,portrait ,https://res.cloudinary.com/hf9tv6vn/image/upload/56-132B.jpg,裏面,portrait,,,,,,,
56-133,ゴールドフィンガー　巨大金融詐欺事件,ゴ,2023,,フェリックス・チョン,トニー・レオン/アンディ・ラウ/シャーリーン・チョイ/サイモン・ヤム/アレックス・フォン/カルロス・チャン/マイケル・ニン/フィリップ・キョン/タイ・バオ/チン・ガーロウ,single,2026/9/16,https://res.cloudinary.com/hf9tv6vn/image/upload/56-133A.jpg,表面,portrait ,https://res.cloudinary.com/hf9tv6vn/image/upload/56-133B.jpg,裏面,portrait,,,,,,,
56-134,キャプテン・アメリカ:ブレイブ・ニュー・ワールド,キ,2025,,ジュリアス・オナー,アンソニー・マッキー/ダニー・ラミレス/シーラ・ハース/カール・ランブリー/ゾシャ・ロークモア/ジャンカルロ・エスポジート/リヴ・タイラー/ティム・ブレイク・ネルソン/ハリソン・フォード,single,2026/9/16,https://res.cloudinary.com/hf9tv6vn/image/upload/56-134A.jpg,表面,portrait ,https://res.cloudinary.com/hf9tv6vn/image/upload/56-134B.jpg,裏面,landscape,,,,,,,
56-135,ドライブ・イン・マンハッタン,ド,2023,,クリスティ・ホール,ダコタ・ジョンソン/ショーン・ペン,single,2026/9/16,https://res.cloudinary.com/hf9tv6vn/image/upload/56-135A.jpg,表面,portrait ,https://res.cloudinary.com/hf9tv6vn/image/upload/56-135B.jpg,裏面,portrait,,,,,,,
56-136,TATAMI,T,2023,,ガイ・ナッティブ/ザーラ・アミール,アリエンヌ・マンディ/ザーラ・アミール・エブラヒミ/ジェイミー・レイ・ニューマン/ナディーン・マーシャル,single,2026/9/16,https://res.cloudinary.com/hf9tv6vn/image/upload/56-136A.jpg,表面,portrait ,https://res.cloudinary.com/hf9tv6vn/image/upload/56-136B.jpg,裏面,portrait,,,,,,,
56-137,名もなき者/A COMPLETE UNKNOWN,ナ,2024,,ジェームズ・マンゴールド,ティモシー・シャラメ/エドワード・ノートン/エル・ファニング/モニカ・バルバロ/ボイド・ホルブルック,single,2026/9/16,https://res.cloudinary.com/hf9tv6vn/image/upload/56-137A.jpg,表面,portrait ,https://res.cloudinary.com/hf9tv6vn/image/upload/56-137B.jpg,裏面,portrait,,,,,,,
56-138,名もなき者/A COMPLETE UNKNOWN,ナ,2024,,ジェームズ・マンゴールド,ティモシー・シャラメ/エドワード・ノートン/エル・ファニング/モニカ・バルバロ/ボイド・ホルブルック,single,2026/9/16,https://res.cloudinary.com/hf9tv6vn/image/upload/56-138A.jpg,表面,portrait ,https://res.cloudinary.com/hf9tv6vn/image/upload/56-138B.jpg,裏面,portrait,,,,,,,
56-139,名もなき者/A COMPLETE UNKNOWN,ナ,2024,,ジェームズ・マンゴールド,ティモシー・シャラメ/エドワード・ノートン/エル・ファニング/モニカ・バルバロ/ボイド・ホルブルック,quadfold,2026/9/16,https://res.cloudinary.com/hf9tv6vn/image/upload/56-139A.jpg,表面,landscape,https://res.cloudinary.com/hf9tv6vn/image/upload/56-139B.jpg,裏面,landscape,https://res.cloudinary.com/hf9tv6vn/image/upload/56-139C.jpg,中面,landscape,https://res.cloudinary.com/hf9tv6vn/image/upload/56-139D.jpg,中面,landscape,
56-140,ノスフェラトゥ,ノ,2024,,ロバート・エガース,ビル・スカルスガルド/ニコラス・ホルト/リリー＝ローズ・デップ/アーロン・テイラー＝ジョンソン/エマ・コリン/ラルフ・アイネソン/ウィレム・デフォー,single,2026/9/16,https://res.cloudinary.com/hf9tv6vn/image/upload/56-140A.jpg,表面,portrait ,https://res.cloudinary.com/hf9tv6vn/image/upload/56-140B.jpg,裏面,portrait,,,,,,,
56-141,マインクラフト/ザ・ムービー,マ,2025,,ジャレッド・ヘス,ジェイソン・モモア/ジャック・ブラック/ダニエル・ブルックス/エマ・マイヤーズ/セバスチャン・ハンセン/ジェニファー・クーリッジ,single,2026/9/16,https://res.cloudinary.com/hf9tv6vn/image/upload/56-141A.jpg,表面,portrait ,https://res.cloudinary.com/hf9tv6vn/image/upload/56-141B.jpg,裏面,portrait,,,,,,,
56-142,ミッション:インポッシブル/ファイナル・レコニング,ミ,2025,,クリストファー・マッカリー,トム・クルーズ/ヘイリー・アトウェル/ヴィング・レイムス/サイモン・ペッグ/イーサイ・モラレス/ポム・クレメンティエフ/ヘンリー・ツェニー/シェー・ウィガム/アンジェラ・バセット,single,2026/9/16,https://res.cloudinary.com/hf9tv6vn/image/upload/56-142A.jpg,表面,portrait ,https://res.cloudinary.com/hf9tv6vn/image/upload/56-142B.jpg,裏面,portrait,,,,,,,
56-143,野生の島のロズ,ヤ,2024,,クリス・サンダース,ルピタ・ニョンゴ/ペドロ・パスカル/キット・コナー/ビル・ナイ/ステファニー・スー/マーク・ハミル/キャサリン・オハラ/マット・ベリー/ヴィング・レイムス,single,2026/9/16,https://res.cloudinary.com/hf9tv6vn/image/upload/56-143A.jpg,表面,portrait ,https://res.cloudinary.com/hf9tv6vn/image/upload/56-143B.jpg,裏面,landscape,,,,,,,
56-144,野生の島のロズ,ヤ,2024,,クリス・サンダース,ルピタ・ニョンゴ/ペドロ・パスカル/キット・コナー/ビル・ナイ/ステファニー・スー/マーク・ハミル/キャサリン・オハラ/マット・ベリー/ヴィング・レイムス,bifold,2026/9/16,https://res.cloudinary.com/hf9tv6vn/image/upload/56-144A.jpg,表面,portrait ,https://res.cloudinary.com/hf9tv6vn/image/upload/56-144B.jpg,裏面,portrait,https://res.cloudinary.com/hf9tv6vn/image/upload/56-144C.jpg,中面,landscape,,,,
56-145,シンパシー・フォー・ザ・デビル,シ,2023,,ユヴァル・アドラー,ニコラス・ケイジ/ジョエル・キナマン,single,2026/9/16,https://res.cloudinary.com/hf9tv6vn/image/upload/56-145A.jpg,表面,portrait ,https://res.cloudinary.com/hf9tv6vn/image/upload/56-145B.jpg,裏面,portrait,,,,,,,
56-146,プロジェクト・サイレンス,プ,2024,,キム・テゴン,イ・ソンギュン/チュ・ジフン/キム・ヒウォン,single,2026/9/16,https://res.cloudinary.com/hf9tv6vn/image/upload/56-146A.jpg,表面,portrait ,https://res.cloudinary.com/hf9tv6vn/image/upload/56-146B.jpg,裏面,portrait,,,,,,,
56-147,ミッキー17,ミ,2025,,ポン・ジュノ,ロバート・パティンソン/ナオミ・アッキー/スティーヴン・ユァン/トニ・コレット/マーク・ラファロ,single,2026/9/16,https://res.cloudinary.com/hf9tv6vn/image/upload/56-147A.jpg,表面,portrait ,https://res.cloudinary.com/hf9tv6vn/image/upload/56-147B.jpg,裏面,portrait,,,,,,,
56-148,HERE 時を越えて,H,2024,,ロバート・ゼメキス,トム・ハンクス/ロビン・ライト,single,2026/9/16,https://res.cloudinary.com/hf9tv6vn/image/upload/56-148A.jpg,表面,portrait ,https://res.cloudinary.com/hf9tv6vn/image/upload/56-148B.jpg,裏面,portrait,,,,,,,
56-149,アマチュア,ア,2025,,ジェームズ・ホーズ,ラミ・マレック/ローレンス・フィッシュバーン/レイチェル・ブロズナハン/カトリーナ・バルフ/ホルト・マッキャラニー,single,2026/9/16,https://res.cloudinary.com/hf9tv6vn/image/upload/56-149A.jpg,表面,portrait ,https://res.cloudinary.com/hf9tv6vn/image/upload/56-149B.jpg,裏面,portrait,,,,,,,
56-150,サンダーボルツ*,サ,2025,,ジェイク・シュライアー,フローレンス・ピュー/セバスチャン・スタン/ワイアット・ラッセル/オルガ・キュリレンコ/ルイス・プルマン/ジェラルディン・ヴィスワナサン/デヴィッド・ハーバー/ハナ・ジョン＝カーメン/ジュリア・ルイス＝ドレイファス,single,2026/9/16,https://res.cloudinary.com/hf9tv6vn/image/upload/56-150A.jpg,表面,portrait ,https://res.cloudinary.com/hf9tv6vn/image/upload/56-150B.jpg,裏面,portrait,,,,,,,
56-151,異端者の家,イ,2024,,スコット・ベック/ブライアン・ウッズ,ヒュー・グラント/ソフィー・サッチャー/クロエ・イースト,bifold,2026/9/16,https://res.cloudinary.com/hf9tv6vn/image/upload/56-151A.jpg,表面,portrait ,https://res.cloudinary.com/hf9tv6vn/image/upload/56-151B.jpg,裏面,portrait,https://res.cloudinary.com/hf9tv6vn/image/upload/56-151C.jpg,中面,landscape,,,,
56-152,ベテラン　凶悪犯罪捜査班,ベ,2024,,リュ・スンワン,ファン・ジョンミン/チョン・へイン/アン・ボヒョン,single,2026/9/16,https://res.cloudinary.com/hf9tv6vn/image/upload/56-152A.jpg,表面,portrait ,https://res.cloudinary.com/hf9tv6vn/image/upload/56-152B.jpg,裏面,portrait,,,,,,,
56-153,プロフェッショナル,プ,2023,,ロバート・ロレンツ,リーアム・ニーソン/ケリー・コンドン/ジャック・グリーソン/キアラン・ハインズ,single,2026/9/16,https://res.cloudinary.com/hf9tv6vn/image/upload/56-153A.jpg,表面,portrait ,https://res.cloudinary.com/hf9tv6vn/image/upload/56-153B.jpg,裏面,portrait,,,,,,,
56-154,土曜日の男,ド,2024,,ヴィヴェーク・アートレーヤ,ナーニ/Ｓ・Ｊ・スーリヤー/プリヤンカー・アルル・モーハン/アビラーミ サーイ・クマール/アディティ・バーラン/ムラリ・シャルマ,single,2026/9/16,https://res.cloudinary.com/hf9tv6vn/image/upload/56-154A.jpg,表面,portrait ,https://res.cloudinary.com/hf9tv6vn/image/upload/56-154B.jpg,裏面,portrait,,,,,,,
56-155,教皇選挙,キ,2024,,エドワード・ベルガー,レイフ・ファインズ/スタンリー・トゥッチ/ジョン・リスゴー/イザベラ・ロッセリーニ,single,2026/9/16,https://res.cloudinary.com/hf9tv6vn/image/upload/56-155A.jpg,表面,portrait ,https://res.cloudinary.com/hf9tv6vn/image/upload/56-155B.jpg,裏面,portrait,,,,,,,
56-156,シンシン/SING SING,シ,2023,,グレッグ・クウェダー,コールマン・ドミンゴ,single,2026/9/16,https://res.cloudinary.com/hf9tv6vn/image/upload/56-156A.jpg,表面,portrait ,https://res.cloudinary.com/hf9tv6vn/image/upload/56-156B.jpg,裏面,portrait,,,,,,,
56-157,1980 僕たちの光州事件,1,2024,,カン・スンヨン,カン・シニル/キム・ギュリ/ペク・ソンヒョン/ハン・スヨン/ソン・ミンジェ,single,2026/9/16,https://res.cloudinary.com/hf9tv6vn/image/upload/56-157A.jpg,表面,portrait ,https://res.cloudinary.com/hf9tv6vn/image/upload/56-157B.jpg,裏面,portrait,,,,,,,
56-158,ブルータリスト,ブ,2024,,ブラディ・コーベット,エイドリアン・ブロディ/フェリシティ・ジョーンズ/ガイ・ピアース/ジョー・アルウィン/ラフィー・キャシディ/ステイシー・マーティン/アレッサンドロ・ニヴォラ,single,2026/9/16,https://res.cloudinary.com/hf9tv6vn/image/upload/56-158A.jpg,表面,portrait ,https://res.cloudinary.com/hf9tv6vn/image/upload/56-158B.jpg,裏面,portrait,,,,,,,
56-159,ボサノヴァ　撃たれたピアニスト,ボ,2023,,フェルナンド・トルエバ/ハビエル・マリスカル,ジェフ・ゴールドブラム,single,2026/9/16,https://res.cloudinary.com/hf9tv6vn/image/upload/56-159A.jpg,表面,portrait ,https://res.cloudinary.com/hf9tv6vn/image/upload/56-159B.jpg,裏面,portrait,,,,,,,
56-160,その花は夜に咲く,ソ,2025,,アッシュ・メイフェア,チャン・クアン/ヴォー・ディエン・ザー・フイ/ファン・ティ・キム・ガン/井上肇,single,2026/9/16,https://res.cloudinary.com/hf9tv6vn/image/upload/56-160A.jpg,表面,portrait ,https://res.cloudinary.com/hf9tv6vn/image/upload/56-160B.jpg,裏面,portrait,,,,,,,
56-161,カップルズ 4Kレストア版,カ,2025,,エドワード・ヤン,ビルジニー・ルドワイヤン/クー・ユールン/チャン・チェン/タン・シャンシェン,single,2026/9/16,https://res.cloudinary.com/hf9tv6vn/image/upload/56-161A.jpg,表面,portrait ,https://res.cloudinary.com/hf9tv6vn/image/upload/56-161B.jpg,裏面,portrait,,,,,,,
56-162,サイレントナイト,サ,2023,,ジョン・ウー,ジョエル・キナマン/キッド・カディ/Harold Torres/カタリーナ・サンディノ・モレノ,single,2026/9/16,https://res.cloudinary.com/hf9tv6vn/image/upload/56-162A.jpg,表面,portrait ,https://res.cloudinary.com/hf9tv6vn/image/upload/56-162B.jpg,裏面,portrait,,,,,,,
56-163,ウルヴァリン:X-MEN ZERO,ウ,2009,,ギャヴィン・フッド,ヒュー・ジャックマン/リーヴ・シュレイバー/ダニー・ヒューストン/リン・コリンズ/ライアン・レイノルズ,single,2026/9/16,https://res.cloudinary.com/hf9tv6vn/image/upload/56-163A.jpg,表面,portrait ,https://res.cloudinary.com/hf9tv6vn/image/upload/56-163B.jpg,裏面,portrait,,,,,,,
56-164,ストレイト・ストーリー 4Kリマスター版,ス,2026,,デビッド・リンチ,リチャード・ファーンズワース/シシー・スペイセク/ハリー・ディーン・スタントン/エベレット・マッギル,single,2026/9/16,https://res.cloudinary.com/hf9tv6vn/image/upload/56-164A.jpg,表面,portrait ,https://res.cloudinary.com/hf9tv6vn/image/upload/56-164B.jpg,裏面,portrait,,,,,,,
56-165,G.I.ジョー,G,2009,,スティーヴン・ソマーズ,チャニング・テイタム/レイチェル・ニコルズ/マーロン・ウェイアンズ/シエナ・ミラー/イ・ビョンホン/レイ・パーク/クリストファー・エクルストン/ジョセフ・ゴードン＝レヴィット/デニス・クエイド,single,2026/9/16,https://res.cloudinary.com/hf9tv6vn/image/upload/56-165A.jpg,表面,landscape,https://res.cloudinary.com/hf9tv6vn/image/upload/56-165B.jpg,裏面,landscape,,,,,,,
56-166,アイス・エイジ3/ティラノのおとしもの,ア,2009,,カルロス・サルダーニャ,レイ・ロマノ/ジョン・レグイザモ/デニス・リアリー,single,2026/9/16,https://res.cloudinary.com/hf9tv6vn/image/upload/56-166A.jpg,表面,portrait ,https://res.cloudinary.com/hf9tv6vn/image/upload/56-166B.jpg,裏面,portrait,,,,,,,
56-167,ナイト ミュージアム2,ナ,2009,,ショーン・レヴィ,ベン・スティラー/エイミー・アダムス/オーウェン・ウィルソン/ハンク・アザリア/クリストファー・ゲスト/アラン・シャバ/ロビン・ウィリアムズ,bifold,2026/9/16,https://res.cloudinary.com/hf9tv6vn/image/upload/56-167A.jpg,表面,portrait ,https://res.cloudinary.com/hf9tv6vn/image/upload/56-167B.jpg,裏面,portrait,https://res.cloudinary.com/hf9tv6vn/image/upload/56-167C.jpg,中面,landscape,,,,
56-168,クィア QUEER,ク,2024,,ルカ・グァダニーノ,ダニエル・クレイグ/ドリュー・スターキー/ジェイソン・シュワルツマン/ヘンリー・ザガ/レスリー・マンヴィル,single,2026/9/16,https://res.cloudinary.com/hf9tv6vn/image/upload/56-168A.jpg,表面,portrait ,https://res.cloudinary.com/hf9tv6vn/image/upload/56-168B.jpg,裏面,portrait,,,,,,,
56-169,新世紀ロマンティクス,シ,2024,,ジャ・ジャンクー,チャオ・タオ/リー・チュウビン/パン・ジアンリン/ラン・チョウ,single,2026/9/16,https://res.cloudinary.com/hf9tv6vn/image/upload/56-169A.jpg,表面,portrait ,https://res.cloudinary.com/hf9tv6vn/image/upload/56-169B.jpg,裏面,portrait,,,,,,,
56-170,6時間後に君は死ぬ,6,2024,,イ・ユンソク,チョン・ジェヒョン（NCT）/パク・ジュヒョン/クァク・シヤン,single,2026/9/16,https://res.cloudinary.com/hf9tv6vn/image/upload/56-170A.jpg,表面,portrait ,https://res.cloudinary.com/hf9tv6vn/image/upload/56-170B.jpg,裏面,portrait,,,,,,,
56-171,パディントン 消えた黄金郷の秘密,パ,2024,,ドゥーガル・ウィルソン,ヒュー・ボネヴィル/エミリー・モーティマー/ジュリー・ウォルターズ/ジム・ブロードベント/オリヴィア・コールマン/アントニオ・バンデラス/ベン・ウィショー,single,2026/9/16,https://res.cloudinary.com/hf9tv6vn/image/upload/56-171A.jpg,表面,portrait ,https://res.cloudinary.com/hf9tv6vn/image/upload/56-171B.jpg,裏面,portrait,,,,,,,
56-172,パディントン 消えた黄金郷の秘密,パ,2024,,ドゥーガル・ウィルソン,ヒュー・ボネヴィル/エミリー・モーティマー/ジュリー・ウォルターズ/ジム・ブロードベント/オリヴィア・コールマン/アントニオ・バンデラス/ベン・ウィショー,single,2026/9/16,https://res.cloudinary.com/hf9tv6vn/image/upload/56-172A.jpg,表面,portrait ,https://res.cloudinary.com/hf9tv6vn/image/upload/56-172B.jpg,裏面,portrait,,,,,,,
56-173,クリムト＆THE KISS アート・オン・スクリーン特別編,ク,2023,,アリ・レイ,,single,2026/9/16,https://res.cloudinary.com/hf9tv6vn/image/upload/56-173A.jpg,表面,portrait ,https://res.cloudinary.com/hf9tv6vn/image/upload/56-173B.jpg,裏面,portrait,,,,,,,
56-174,XIA CONCERT MOVIE：RECREATION ～キム・ジュンス 2024アンコールコンサート,X,2025,,チョ・ユンス,キム・ジュンス,single,2026/9/16,https://res.cloudinary.com/hf9tv6vn/image/upload/56-174A.jpg,表面,portrait ,https://res.cloudinary.com/hf9tv6vn/image/upload/56-174B.jpg,裏面,portrait,,,,,,,
56-175,秋が来るとき,ア,2024,,フランソワ・オゾン,エレーヌ・ヴァンサン/ジョジアーヌ・バラスコ/リュディヴィーヌ・サニエ/ピエール・ロタン/ガーラン・エルロス/ソフィー・ギルマン,single,2026/9/16,https://res.cloudinary.com/hf9tv6vn/image/upload/56-175A.jpg,表面,portrait ,https://res.cloudinary.com/hf9tv6vn/image/upload/56-175B.jpg,裏面,portrait,,,,,,,
56-176,デビルズ・バス,デ,2024,,ヴェロニカ・フランツ/ゼヴリン・フィアラ,アーニャ・プラシュク/ダーヴィド・シャイト/マリア・ホーフスタッター,single,2026/9/16,https://res.cloudinary.com/hf9tv6vn/image/upload/56-176A.jpg,表面,portrait ,https://res.cloudinary.com/hf9tv6vn/image/upload/56-176B.jpg,裏面,portrait,,,,,,,
56-177,KISS THE FUTURE,K,2023,,ネナド・チチン＝サイン,クリスティアン・アマンプール/ボノ/ビル・カーター/アダム・クレイトン/ビル・クリントン/ジ・エッジ,single,2026/9/16,https://res.cloudinary.com/hf9tv6vn/image/upload/56-177A.jpg,表面,portrait ,https://res.cloudinary.com/hf9tv6vn/image/upload/56-177B.jpg,裏面,portrait,,,,,,,
56-178,バッド・ジーニアス 危険な天才たち,バ,2017,,ナタウット・プーンピリヤ,チュティモン・ジョンジャルーンスックジン/チャーノン・サンティナトーンクン/ティーラドン・スパパンピンヨー/イッサヤー・ホースワン,single,2026/9/16,https://res.cloudinary.com/hf9tv6vn/image/upload/56-178A.jpg,表面,portrait ,https://res.cloudinary.com/hf9tv6vn/image/upload/56-178B.jpg,裏面,portrait,,,,,,,
56-179,IMMACULATE 聖なる胎動,I,2024,,マイケル・モーハン,シドニー・スウィーニー/アルバロ・モルテ/ベネデッタ・ポルカロリ/ドラ・ロマーノ/ジョルジオ・コランジェリ/シモナ・タバスコ,single,2026/9/16,https://res.cloudinary.com/hf9tv6vn/image/upload/56-179A.jpg,表面,portrait ,https://res.cloudinary.com/hf9tv6vn/image/upload/56-179B.jpg,裏面,portrait,,,,,,,
56-180,ハルビン,ハ,2024,,ウ・ミンホ,ヒョンビン/パク・ジョンミン/イ・ドンウク/リリー・フランキー,single,2026/9/16,https://res.cloudinary.com/hf9tv6vn/image/upload/56-180A.jpg,表面,portrait ,https://res.cloudinary.com/hf9tv6vn/image/upload/56-180B.jpg,裏面,portrait,,,,,,,
56-181,アイム・スティル・ヒア,ア,2024,,ウォルター・サレス,フェルナンダ・トーレス/セルトン・メロ/フェルナンダ・モンテネグロ,single,2026/9/17,https://res.cloudinary.com/hf9tv6vn/image/upload/56-181A.jpg,表面,portrait ,https://res.cloudinary.com/hf9tv6vn/image/upload/56-181B.jpg,裏面,portrait,,,,,,,
56-182,顔を捨てた男,カ,2023,,アーロン・シンバーグ,セバスチャン・スタン/レナーテ・レインスヴェ/アダム・ピアソン,single,2026/9/17,https://res.cloudinary.com/hf9tv6vn/image/upload/56-182A.jpg,表面,portrait ,https://res.cloudinary.com/hf9tv6vn/image/upload/56-182B.jpg,裏面,portrait,,,,,,,
56-183,ヘルボーイ／ザ・クルキッドマン,ヘ,2024,,ブライアン・テイラー,ジャック・ケシー/ジェファーソン・ホワイト/アデライン・ルドルフ/リア・マクナマラ/スザンヌ・バーティッシュ/ジョセフ・マーセル/マーティン・バシンダル/ハンナ・マーゲットソン,single,2026/9/17,https://res.cloudinary.com/hf9tv6vn/image/upload/56-183A.jpg,表面,portrait ,https://res.cloudinary.com/hf9tv6vn/image/upload/56-183B.jpg,裏面,portrait,,,,,,,
56-184,かたつむりのメモワール,カ,2024,,アダム・エリオット,サラ・スヌーク/コディ・スミット＝マクフィー/エリック・バナ/マグダ・ズバンスキー/ドミニク・ピノン/トニー・アームストロング/ポール・カプシス/ニック・ケイヴ/ジャッキー・ウィーヴァー,single,2026/9/17,https://res.cloudinary.com/hf9tv6vn/image/upload/56-184A.jpg,表面,portrait ,https://res.cloudinary.com/hf9tv6vn/image/upload/56-184B.jpg,裏面,portrait,,,,,,,
56-185,アスファルト・シティ,ア,2024,,ジャン＝ステファーヌ・ソベール,ショーン・ペン/タイ・シェリダン/キャサリン・ウォーターストーン/マイケル・ピット/マイク・タイソン,single,2026/9/17,https://res.cloudinary.com/hf9tv6vn/image/upload/56-185A.jpg,表面,portrait ,https://res.cloudinary.com/hf9tv6vn/image/upload/56-185B.jpg,裏面,portrait,,,,,,,
56-186,パウ・パトロール　パウ・パーティー in シアター 2025,パ,2025,,,,single,2026/9/17,https://res.cloudinary.com/hf9tv6vn/image/upload/56-186A.jpg,表面,portrait ,https://res.cloudinary.com/hf9tv6vn/image/upload/56-186B.jpg,裏面,portrait,,,,,,,
56-187,スーパーマン,ス,2025,,ジェームズ・ガン,デヴィッド・コレンスウェット/レイチェル・ブロズナハン/ニコラス・ホルト/エディ・ガテギ/アンソニー・キャリガン/ネイサン・フィリオン/イザベラ・メルセード,single,2026/9/17,https://res.cloudinary.com/hf9tv6vn/image/upload/56-187A.jpg,表面,portrait ,https://res.cloudinary.com/hf9tv6vn/image/upload/56-187B.jpg,裏面,portrait,,,,,,,
56-188,スーパーマン,ス,2025,,ジェームズ・ガン,デヴィッド・コレンスウェット/レイチェル・ブロズナハン/ニコラス・ホルト/エディ・ガテギ/アンソニー・キャリガン/ネイサン・フィリオン/イザベラ・メルセード,single,2026/9/17,https://res.cloudinary.com/hf9tv6vn/image/upload/56-188A.jpg,表面,portrait ,https://res.cloudinary.com/hf9tv6vn/image/upload/56-188B.jpg,裏面,landscape,,,,,,,
56-189,星つなぎのエリオ,ホ,2025,,マデリーン・シャラフィアン/ドミー・シー/エイドリアン・モリーナ,ヨナス・キブレアブ/ゾーイ・サルダナ/レミー・エジャリー/ブランドン・ムーン/ブラッド・ギャレット/ジャミーラ・ジャミル,single,2026/9/17,https://res.cloudinary.com/hf9tv6vn/image/upload/56-189A.jpg,表面,portrait ,https://res.cloudinary.com/hf9tv6vn/image/upload/56-189B.jpg,裏面,portrait,,,,,,,
56-190,星つなぎのエリオ,ホ,2025,,マデリーン・シャラフィアン/ドミー・シー/エイドリアン・モリーナ,ヨナス・キブレアブ/ゾーイ・サルダナ/レミー・エジャリー/ブランドン・ムーン/ブラッド・ギャレット/ジャミーラ・ジャミル,single,2026/9/17,https://res.cloudinary.com/hf9tv6vn/image/upload/56-190A.jpg,表面,portrait ,https://res.cloudinary.com/hf9tv6vn/image/upload/56-190B.jpg,裏面,portrait,,,,,,,
56-191, F1®／エフワン,F,2025,,ジョセフ・コシンスキー,ブラッド・ピット/ダムソン・イドリス/ケリー・コンドン/ハビエル・バルデム,bifold,2026/9/17,https://res.cloudinary.com/hf9tv6vn/image/upload/56-191A.jpg,表面,portrait ,https://res.cloudinary.com/hf9tv6vn/image/upload/56-191B.jpg,裏面,portrait,https://res.cloudinary.com/hf9tv6vn/image/upload/56-191C.jpg,中面,landscape,,,,
56-192,リロ&スティッチ,リ,2025,,ディーン・フライシャー・キャンプ,クリス・サンダース/マイア・ケアロハ/シドニー・アグドン/カイポ・デュドイト/ティア・カレル/エイミー・ヒル/コートニー・B・ヴァンス/ハンナ・ワディンガム/ビリー・マグヌッセン/ザック・ガリフィアナキス,single,2026/9/17,https://res.cloudinary.com/hf9tv6vn/image/upload/56-192A.jpg,表面,portrait ,https://res.cloudinary.com/hf9tv6vn/image/upload/56-192B.jpg,裏面,portrait,,,,,,,
56-193,MaXXXine マキシーン,M,2024,,タイ・ウェスト,ミア・ゴス/エリザベス・デビッキ/モーゼス・サムニー/ミシェル・モナハン/ボビー・カナヴェイル/ホールジー/リリー・コリンズ/ジャンカルロ・エスポジート/ケヴィン・ベーコン,single,2026/9/17,https://res.cloudinary.com/hf9tv6vn/image/upload/56-193A.jpg,表面,portrait ,https://res.cloudinary.com/hf9tv6vn/image/upload/56-193B.jpg,裏面,portrait,,,,,,,
56-194,かたつむりのメモワール,カ,2024,,アダム・エリオット,サラ・スヌーク/コディ・スミット＝マクフィー/エリック・バナ/マグダ・ズバンスキー/ドミニク・ピノン/トニー・アームストロング/ポール・カプシス/ニック・ケイヴ/ジャッキー・ウィーヴァー,single,2026/9/17,https://res.cloudinary.com/hf9tv6vn/image/upload/56-194A.jpg,表面,portrait ,https://res.cloudinary.com/hf9tv6vn/image/upload/56-194B.jpg,裏面,portrait,,,,,,,
56-195,28年後...,2,2025,,ダニー・ボイル,ジョディ・カマー/アーロン・テイラー＝ジョンソン/ジャック・オコンネル/アルフィー・ウィリアムズ/レイフ・ファインズ,single,2026/9/17,https://res.cloudinary.com/hf9tv6vn/image/upload/56-195A.jpg,表面,portrait ,https://res.cloudinary.com/hf9tv6vn/image/upload/56-195B.jpg,裏面,landscape,,,,,,,
56-196,ヒックとドラゴン,ヒ,2025,,ディーン・デュボア,メイソン・テムズ/ニコ・パーカー/ジェラルド・バトラー,single,2026/9/17,https://res.cloudinary.com/hf9tv6vn/image/upload/56-196A.jpg,表面,portrait ,https://res.cloudinary.com/hf9tv6vn/image/upload/56-196B.jpg,裏面,portrait,,,,,,,
56-197,ジュラシック・ワールド/復活の大地,ジ,2025,,ギャレス・エドワーズ,スカーレット・ヨハンソン/マハーシャラ・アリ/ジョナサン・ベイリー/ルパート・フレンド/マヌエル・ガルシア＝ルルフォ/ルナ・ブレイズ/デヴィッド・アイアコノ/エド・スクライン,single,2026/9/17,https://res.cloudinary.com/hf9tv6vn/image/upload/56-197A.jpg,表面,portrait ,https://res.cloudinary.com/hf9tv6vn/image/upload/56-197B.jpg,裏面,portrait,,,,,,,
56-198,ジュラシック・ワールド/復活の大地,ジ,2025,,ギャレス・エドワーズ,スカーレット・ヨハンソン/マハーシャラ・アリ/ジョナサン・ベイリー/ルパート・フレンド/マヌエル・ガルシア＝ルルフォ/ルナ・ブレイズ/デヴィッド・アイアコノ/エド・スクライン,bifold,2026/9/17,https://res.cloudinary.com/hf9tv6vn/image/upload/56-198A.jpg,表面,portrait ,https://res.cloudinary.com/hf9tv6vn/image/upload/56-198B.jpg,裏面,portrait,https://res.cloudinary.com/hf9tv6vn/image/upload/56-198C.jpg,中面,landscape,,,,
56-199,メガロポリス,メ,2024,,フランシス・フォード・コッポラ,アダム・ドライバー/ジャンカルロ・エスポジート/ナタリー・エマニュエル/オーブリー・プラザ/シャイア・ラブーフ/ジョン・ヴォイト/ジェイソン・シュワルツマン/タリア・シャイア/グレース・ヴァンダーウォール/ローレンス・フィッシュバーン/キャサリン・ハンター/ダスティン・ホフマン,single,2026/9/17,https://res.cloudinary.com/hf9tv6vn/image/upload/56-199A.jpg,表面,portrait ,https://res.cloudinary.com/hf9tv6vn/image/upload/56-199B.jpg,裏面,portrait,,,,,,,
56-200,ジャンゴ 繋がれざる者,ジ,2012,,クエンティン・タランティーノ,ジェイミー・フォックス/レオナルド・ディカプリオ/クリストフ・ヴァルツ/ケリー・ワシントン/サミュエル・L・ジャクソン/ウォルトン・ゴギンズ/ドン・ジョンソン/デニス・クリストファー/ジェームズ・レマー,quadfold,2026/9/17,https://res.cloudinary.com/hf9tv6vn/image/upload/56-200A.jpg,表面,landscape,https://res.cloudinary.com/hf9tv6vn/image/upload/56-200B.jpg,中面,landscape,https://res.cloudinary.com/hf9tv6vn/image/upload/56-200C.jpg,中面,landscape,https://res.cloudinary.com/hf9tv6vn/image/upload/56-200D.jpg,中面,landscape,
Jan-55,リスペクト,リ,2021,,リースル・トミー,ジェニファー・ハドソン/フォレスト・ウィテカー/マーロン・ウェイアンズ/オードラ・マクドナルド,single,2026/9/20,https://res.cloudinary.com/hf9tv6vn/image/upload/55-1A.jpg,表面,portrait ,https://res.cloudinary.com/hf9tv6vn/image/upload/55-1B.jpg,裏面,portrait,,,,,,,
Feb-55,マトリックス レザレクションズ,マ,2021,,ラナ・ウォシャウスキー,キアヌ・リーブス/キャリー＝アン・モス/ヤーヤ・アブドゥル＝マティーン2世/ジェシカ・ヘンウィック/ジョナサン・グロフ/ニール・パトリック・ハリス/プリヤンカー・チョープラー・ジョナス/マックス・リーメルト/ジェイダ・ピンケット・スミス/ランベール・ウィルソン,single,2026/9/20,https://res.cloudinary.com/hf9tv6vn/image/upload/55-2A.jpg,表面,portrait ,https://res.cloudinary.com/hf9tv6vn/image/upload/55-2B.jpg,裏面,portrait,,,,,,,
Mar-55,ARGYLLE/アーガイル,A,2024,,マシュー・ヴォーン,ヘンリー・カヴィル/ブライス・ダラス・ハワード/サム・ロックウェル/ブライアン・クランストン/キャサリン・オハラ/デュア・リパ/アリアナ・デボーズ/ジョン・シナ/サミュエル・L・ジャクソン,single,2026/9/20,https://res.cloudinary.com/hf9tv6vn/image/upload/55-3A.jpg,表面,portrait ,https://res.cloudinary.com/hf9tv6vn/image/upload/55-3B.jpg,裏面,portrait,,,,,,,
Apr-55,マリグナント 狂暴な悪夢,マ,2021,,ジェームズ・ワン,アナベル・ウォーリス/ジェイク・アベル/ジョージ・ヤング/ジャクリーン・マッケンジー/マッケナ・グレイス,single,2026/9/20,https://res.cloudinary.com/hf9tv6vn/image/upload/55-4A.jpg,表面,portrait ,https://res.cloudinary.com/hf9tv6vn/image/upload/55-4B.jpg,裏面,portrait,,,,,,,
May-55,キャンディマン,キ,2021,,ニア・ダコスタ,ヤーヤ・アブドゥル＝マティーン2世/テヨナ・パリス/ネイサン・スチュワート＝ジャレット/コールマン・ドミンゴ/トニー・トッド,single,2026/9/20,https://res.cloudinary.com/hf9tv6vn/image/upload/55-5A.jpg,表面,portrait ,https://res.cloudinary.com/hf9tv6vn/image/upload/55-5B.jpg,裏面,portrait,,,,,,,
Jun-55,囚人ディリ,シ,2019,,ローケーシュ・カナガラージ,カールティ/ナレーン,single,2026/9/20,https://res.cloudinary.com/hf9tv6vn/image/upload/55-6A.jpg,表面,portrait ,https://res.cloudinary.com/hf9tv6vn/image/upload/55-6B.jpg,裏面,portrait,,,,,,,
Jul-55,ディア・エヴァン・ハンセン,デ,2021,,スティーブン・チョボスキー,ベン・プラット/ケイトリン・デヴァー/アマンドラ・ステンバーグ/ニック・ドダニ/コルトン・ライアン/ダニー・ピノ/エイミー・アダムス/ジュリアン・ムーア,single,2026/9/20,https://res.cloudinary.com/hf9tv6vn/image/upload/55-7A.jpg,表面,portrait ,https://res.cloudinary.com/hf9tv6vn/image/upload/55-7B.jpg,裏面,portrait,,,,,,,
Aug-55,ウエスト・サイド・ストーリー,ウ,2021,,スティーヴン・スピルバーグ,アンセル・エルゴート/レイチェル・ゼグラー,single,2026/9/20,https://res.cloudinary.com/hf9tv6vn/image/upload/55-8A.jpg,表面,portrait ,https://res.cloudinary.com/hf9tv6vn/image/upload/55-8B.jpg,裏面,landscape,,,,,,,
Sep-55,ウエスト・サイド・ストーリー,ウ,2021,,スティーヴン・スピルバーグ,アンセル・エルゴート/レイチェル・ゼグラー,single,2026/9/20,https://res.cloudinary.com/hf9tv6vn/image/upload/55-9A.jpg,表面,portrait ,https://res.cloudinary.com/hf9tv6vn/image/upload/55-9B.jpg,裏面,portrait,,,,,,,
Oct-55,パーフェクト・ケア,パ,2020,,J・ブレイクソン,ロザムンド・パイク/ピーター・ディンクレイジ/エイザ・ゴンザレス/クリス・メッシーナ,single,2026/9/20,https://res.cloudinary.com/hf9tv6vn/image/upload/55-10A.jpg,表面,portrait ,https://res.cloudinary.com/hf9tv6vn/image/upload/55-10B.jpg,裏面,portrait,,,,,,,
Nov-55,アイス・ロード,ア,2021,,ジョナサン・ヘンズリー,リーアム・ニーソン/ローレンス・フィッシュバーン/ベンジャミン・ウォーカー/アンバー・ミッドサンダー,single,2026/9/20,https://res.cloudinary.com/hf9tv6vn/image/upload/55-11A.jpg,表面,portrait ,https://res.cloudinary.com/hf9tv6vn/image/upload/55-11B.jpg,裏面,portrait,,,,,,,
Dec-55,Our Friend/アワー・フレンド,O,2019,,ガブリエラ・カウパースウェイト,ジェイソン・シーゲル/ケイシー・アフレック/ダコタ・ジョンソン/ジェイク・オーウェン,single,2026/9/20,https://res.cloudinary.com/hf9tv6vn/image/upload/55-12A.jpg,表面,portrait ,https://res.cloudinary.com/hf9tv6vn/image/upload/55-12B.jpg,裏面,portrait,,,,,,,
55-13,ドーン・オブ・ザ・ビースト　魔獣の森,ド,2020,,ブルース・ウェンプル,アンナ・シールズ/エイドリアン・バーク/ルジョン・ウッズ/アリエラ・マストロヤンニ/クリス・シンパーマン/ウィラード・モーガン/グラント・シューマッハー,single,2026/9/20,https://res.cloudinary.com/hf9tv6vn/image/upload/55-13A.jpg,表面,portrait ,https://res.cloudinary.com/hf9tv6vn/image/upload/55-13B.jpg,裏面,portrait,,,,,,,
55-14,ミラベルと魔法だらけの家,ミ,2021,,ジャレド・ブッシュ/バイロン・ハワード,ステファニー・ベアトリス/マリア・セシリア・ボテロ/ジョン・レグイザモ/マウロ・カスティージョ/ジェシカ・ダロウ/アンジー・セピーダ/キャロライナ・ガイタン/ダイアン・ゲレロ/ウィルマー・バルデラマ,single,2026/9/20,https://res.cloudinary.com/hf9tv6vn/image/upload/55-14A.jpg,表面,portrait ,https://res.cloudinary.com/hf9tv6vn/image/upload/55-14B.jpg,裏面,portrait,,,,,,,
55-15,ミラベルと魔法だらけの家,ミ,2021,,ジャレド・ブッシュ/バイロン・ハワード,ステファニー・ベアトリス/マリア・セシリア・ボテロ/ジョン・レグイザモ/マウロ・カスティージョ/ジェシカ・ダロウ/アンジー・セピーダ/キャロライナ・ガイタン/ダイアン・ゲレロ/ウィルマー・バルデラマ,single,2026/9/20,https://res.cloudinary.com/hf9tv6vn/image/upload/55-15A.jpg,表面,portrait ,https://res.cloudinary.com/hf9tv6vn/image/upload/55-15B.jpg,裏面,landscape,,,,,,,
55-16,SING/シング: ネクストステージ,S,2021,,ガース・ジェニングス,マシュー・マコノヒー/リース・ウィザースプーン/スカーレット・ヨハンソン/タロン・エガートン/ボビー・カナヴェイル/トリー・ケリー/ニック・クロール/ファレル・ウィリアムス/ホールジー/チェルシー・ペレッティ/レティーシャ・ライト/エリック・アンドレ/アダム・バクストン/ガース・ジェニングス/ピーター・セラフィノヴィッツ/ジェニファー・ソーンダース/ニック・オファーマン/ボノ,single,2026/9/20,https://res.cloudinary.com/hf9tv6vn/image/upload/55-16A.jpg,表面,portrait ,https://res.cloudinary.com/hf9tv6vn/image/upload/55-16B.jpg,裏面,landscape,,,,,,,
55-17,SING/シング: ネクストステージ,S,2021,,ガース・ジェニングス,マシュー・マコノヒー/リース・ウィザースプーン/スカーレット・ヨハンソン/タロン・エガートン/ボビー・カナヴェイル/トリー・ケリー/ニック・クロール/ファレル・ウィリアムス/ホールジー/チェルシー・ペレッティ/レティーシャ・ライト/エリック・アンドレ/アダム・バクストン/ガース・ジェニングス/ピーター・セラフィノヴィッツ/ジェニファー・ソーンダース/ニック・オファーマン/ボノ,bifold,2026/9/20,https://res.cloudinary.com/hf9tv6vn/image/upload/55-17A.jpg,表面,portrait ,https://res.cloudinary.com/hf9tv6vn/image/upload/55-17B.jpg,裏面,portrait,https://res.cloudinary.com/hf9tv6vn/image/upload/55-17C.jpg,中面,landscape,,,,
55-18,ボス・ベイビー ファミリー・ミッション,ボ,2021,,トム・マクグラス,アレック・ボールドウィン/ジェームズ・マースデン/エイミー・セダリス/アリアナ・グリーンブラット/エヴァ・ロンゴリア/ジミー・キンメル/リサ・クドロー/ジェフ・ゴールドブラム,single,2026/9/20,https://res.cloudinary.com/hf9tv6vn/image/upload/55-18A.jpg,表面,portrait ,https://res.cloudinary.com/hf9tv6vn/image/upload/55-18B.jpg,裏面,portrait,,,,,,,
55-19,ボス・ベイビー ファミリー・ミッション,ボ,2021,,トム・マクグラス,アレック・ボールドウィン/ジェームズ・マースデン/エイミー・セダリス/アリアナ・グリーンブラット/エヴァ・ロンゴリア/ジミー・キンメル/リサ・クドロー/ジェフ・ゴールドブラム,bifold,2026/9/20,https://res.cloudinary.com/hf9tv6vn/image/upload/55-19A.jpg,表面,portrait ,https://res.cloudinary.com/hf9tv6vn/image/upload/55-19B.jpg,裏面,portrait,https://res.cloudinary.com/hf9tv6vn/image/upload/55-19C.jpg,中面,landscape,,,,
55-20,The Hand of God,T,2021,,パオロ・ソレンティーノ,フィリッポ・スコッティ/トニ・セルヴィッロ/テレーザ・サポナンジェロ/マーロン・ジュベール/ルイーザ・ラニエリ/レナート・カルペンティエリ/マッシミリアーノ・ガッロ/ベッティ・ペドラッツィ/ビアージョ・マナ/チロ・カパーノ/エンツォ・デカロ/ソフィア・ゲルシェヴィッチ/リノ・ムゼッラ,single,2026/9/20,https://res.cloudinary.com/hf9tv6vn/image/upload/55-20A.jpg,表面,portrait ,,,,,,,,,,
55-21,クライ・マッチョ,ク,2021,,クリント・イーストウッド,クリント・イーストウッド/エドゥアルド・ミネット/ナタリア・トラヴェン/ドワイト・ヨアカム,bifold,2026/9/20,https://res.cloudinary.com/hf9tv6vn/image/upload/55-21A.jpg,表面,portrait ,https://res.cloudinary.com/hf9tv6vn/image/upload/55-21B.jpg,裏面,portrait,https://res.cloudinary.com/hf9tv6vn/image/upload/55-21C.jpg,中面,landscape,,,,
55-22,ヴェノム：レット・ゼア・ビー・カーネイジ,ヴ,2021,,アンディ・サーキス,トム・ハーディ/ミシェル・ウィリアムズ/ナオミ・ハリス/リード・スコット/スティーヴン・グレアム/ウディ・ハレルソン,single,2026/9/20,https://res.cloudinary.com/hf9tv6vn/image/upload/55-22A.jpg,表面,portrait ,https://res.cloudinary.com/hf9tv6vn/image/upload/55-22B.jpg,裏面,landscape,,,,,,,
55-23,ヴェノム：レット・ゼア・ビー・カーネイジ,ヴ,2021,,アンディ・サーキス,トム・ハーディ/ミシェル・ウィリアムズ/ナオミ・ハリス/リード・スコット/スティーヴン・グレアム/ウディ・ハレルソン,bifold,2026/9/20,https://res.cloudinary.com/hf9tv6vn/image/upload/55-23A.jpg,表面,portrait ,https://res.cloudinary.com/hf9tv6vn/image/upload/55-23B.jpg,裏面,portrait,https://res.cloudinary.com/hf9tv6vn/image/upload/55-23C.jpg,中面,landscape,,,,
55-24,ラストナイト・イン・ソーホー,ラ,2021,,エドガー・ライト,トーマシン・マッケンジー/アニャ・テイラー＝ジョイ,bifold,2026/9/20,https://res.cloudinary.com/hf9tv6vn/image/upload/55-24A.jpg,表面,portrait ,https://res.cloudinary.com/hf9tv6vn/image/upload/55-24B.jpg,裏面,portrait,https://res.cloudinary.com/hf9tv6vn/image/upload/55-24C.jpg,中面,landscape,,,,
55-25,シャン・チー／テン・リングスの伝説,シ,2021,,デスティン・ダニエル・クレットン,シム・リウ/オークワフィナ/メンガー・チャン/ファラ・チャン/フロリアン・ムンテアヌ/ユン・ワー/ツァイ・チン/ベネディクト・ウォン/ベン・キングズレー/ミシェル・ヨー/トニー・レオン,single,2026/9/20,https://res.cloudinary.com/hf9tv6vn/image/upload/55-25A.jpg,表面,portrait ,https://res.cloudinary.com/hf9tv6vn/image/upload/55-25B.jpg,裏面,portrait,,,,,,,
55-26,スパイダーマン：ノー・ウェイ・ホーム,ス,2021,,ジョン・ワッツ,トム・ホランド/ゼンデイヤ/ベネディクト・カンバーバッチ/ジェイコブ・バタロン/ジョン・ファヴロー/ジェイミー・フォックス/ウィレム・デフォー/アルフレッド・モリーナ/トーマス・ヘイデン・チャーチ/リス・エヴァンス/ベネディクト・ウォン/トニー・レヴォロリ/マリサ・トメイ/J・K・シモンズ/アンドリュー・ガーフィールド/トビー・マグワイア,single,2026/9/20,https://res.cloudinary.com/hf9tv6vn/image/upload/55-26A.jpg,表面,portrait ,https://res.cloudinary.com/hf9tv6vn/image/upload/55-26B.jpg,裏面,landscape,,,,,,,
55-27,スパイダーマン：ノー・ウェイ・ホーム,ス,2021,,ジョン・ワッツ,トム・ホランド/ゼンデイヤ/ベネディクト・カンバーバッチ/ジェイコブ・バタロン/ジョン・ファヴロー/ジェイミー・フォックス/ウィレム・デフォー/アルフレッド・モリーナ/トーマス・ヘイデン・チャーチ/リス・エヴァンス/ベネディクト・ウォン/トニー・レヴォロリ/マリサ・トメイ/J・K・シモンズ/アンドリュー・ガーフィールド/トビー・マグワイア,single,2026/9/20,https://res.cloudinary.com/hf9tv6vn/image/upload/55-27A.jpg,表面,portrait ,https://res.cloudinary.com/hf9tv6vn/image/upload/55-27B.jpg,裏面,landscape,,,,,,,
55-28,バイオハザード: ウェルカム・トゥ・ラクーンシティ,バ,2021,,ヨハネス・ロバーツ,カヤ・スコデラリオ/ロビー・アメル/ハナ・ジョン＝カーメン/アヴァン・ジョーギア/トム・ホッパー/リリー・ガオ/ニール・マクドノー/ドナル・ローグ,single,2026/9/20,https://res.cloudinary.com/hf9tv6vn/image/upload/55-28A.jpg,表面,portrait ,https://res.cloudinary.com/hf9tv6vn/image/upload/55-28B.jpg,裏面,landscape,,,,,,,
55-29,シークレット・マツシタ　怨霊屋敷,シ,2014,,ドリアン・フェルナンデス＝モリス,ブルーノ・エスペホ/ルピタ・モーラ/エドゥアルド・ラモス/ウィリー・グティエレス/ミゲル・バルデオン,single,2026/9/20,https://res.cloudinary.com/hf9tv6vn/image/upload/55-29A.jpg,表面,portrait ,https://res.cloudinary.com/hf9tv6vn/image/upload/55-29B.jpg,裏面,portrait,,,,,,,
55-30,ゲームボーイズ THE MOVIE 僕らの恋のかたち,ゲ,2021,,イバン・アンドリュー・パヤワ,ココイ・デ・サントス/イライジャ・カンラス/アドリアンナ・ソー/カイル・ヴェリーノ/ミギー・ヒメネス,single,2026/9/20,https://res.cloudinary.com/hf9tv6vn/image/upload/55-30A.jpg,表面,portrait ,https://res.cloudinary.com/hf9tv6vn/image/upload/55-30B.jpg,裏面,portrait,,,,,,,
55-31,アダムス・ファミリー2 アメリカ横断旅行!,ア,2021,,グレッグ・ティアナン/コンラッド・ヴァーノン,オスカー・アイザック/シャーリーズ・セロン/クロエ・グレース・モレッツ/ジャヴォン“ワナ”・ウォルトン/ニック・クロール/ベット・ミドラー,bifold,2026/9/20,https://res.cloudinary.com/hf9tv6vn/image/upload/55-31A.jpg,表面,portrait ,https://res.cloudinary.com/hf9tv6vn/image/upload/55-31B.jpg,裏面,portrait,https://res.cloudinary.com/hf9tv6vn/image/upload/55-31C.jpg,中面,landscape,,,,
55-32,ウエスト・サイド・ストーリー,ウ,2021,,スティーヴン・スピルバーグ,アンセル・エルゴート/レイチェル・ゼグラー,bifold,2026/9/20,https://res.cloudinary.com/hf9tv6vn/image/upload/55-32A.jpg,表面,portrait ,https://res.cloudinary.com/hf9tv6vn/image/upload/55-32B.jpg,裏面,portrait,https://res.cloudinary.com/hf9tv6vn/image/upload/55-32C.jpg,中面,landscape,,,,
55-33,ウエスト・サイド・ストーリー,ウ,2021,,スティーヴン・スピルバーグ,アンセル・エルゴート/レイチェル・ゼグラー,single,2026/9/20,https://res.cloudinary.com/hf9tv6vn/image/upload/55-33A.jpg,表面,portrait ,https://res.cloudinary.com/hf9tv6vn/image/upload/55-33B.jpg,裏面,portrait,,,,,,,
55-34,ドリームプラン,ド,2021,,レイナルド・マーカス・グリーン,ウィル・スミス/アーンジャニュー・エリス/サナイヤ・シドニー/デミ・シングルトン/トニー・ゴールドウィン/ジョン・バーンサル,bifold,2026/9/20,https://res.cloudinary.com/hf9tv6vn/image/upload/55-34A.jpg,表面,portrait ,https://res.cloudinary.com/hf9tv6vn/image/upload/55-34B.jpg,裏面,portrait,https://res.cloudinary.com/hf9tv6vn/image/upload/55-34C.jpg,中面,landscape,,,,
55-35,スパイダーマン：ノー・ウェイ・ホーム,ス,2021,,ジョン・ワッツ,トム・ホランド/ゼンデイヤ/ベネディクト・カンバーバッチ/ジェイコブ・バタロン/ジョン・ファヴロー/ジェイミー・フォックス/ウィレム・デフォー/アルフレッド・モリーナ/トーマス・ヘイデン・チャーチ/リス・エヴァンス/ベネディクト・ウォン/トニー・レヴォロリ/マリサ・トメイ/J・K・シモンズ/アンドリュー・ガーフィールド/トビー・マグワイア,quadfold,2026/9/20,https://res.cloudinary.com/hf9tv6vn/image/upload/55-35A.jpg,表面,landscape,https://res.cloudinary.com/hf9tv6vn/image/upload/55-35B.jpg,中面,landscape,https://res.cloudinary.com/hf9tv6vn/image/upload/55-35C.jpg,中面,landscape,https://res.cloudinary.com/hf9tv6vn/image/upload/55-35D.jpg,中面,landscape,
55-36,ナイトメア・アリー,ナ,2021,,ギレルモ・デル・トロ,ブラッドリー・クーパー/ケイト・ブランシェット/トニ・コレット/ウィレム・デフォー/リチード・ジェンキンス/ルーニー・マーラ/ロン・パールマン/メアリー・スティーンバージェン/デヴィッド・ストラザーン,single,2026/9/20,https://res.cloudinary.com/hf9tv6vn/image/upload/55-36A.jpg,表面,portrait ,https://res.cloudinary.com/hf9tv6vn/image/upload/55-36B.jpg,裏面,portrait,,,,,,,
55-37,モービウス,モ,2022,,ダニエル・エスピノーサ,ジャレッド・レト/マット・スミス/アドリア・アルホナ/ジャレッド・ハリス/アル・マドリガル/タイリース・ギブソン,single,2026/9/20,https://res.cloudinary.com/hf9tv6vn/image/upload/55-37A.jpg,表面,portrait ,https://res.cloudinary.com/hf9tv6vn/image/upload/55-37B.jpg,裏面,portrait,,,,,,,
55-38,THE BATMAN－ザ・バットマン－,T,2022,,マット・リーヴス,ロバート・パティンソン/ゾーイ・クラヴィッツ/ポール・ダノ/ジェフリー・ライト/ジョン・タトゥーロ/ピーター・サースガード/アンディ・サーキス/コリン・ファレル,single,2026/9/20,https://res.cloudinary.com/hf9tv6vn/image/upload/55-38A.jpg,表面,portrait ,https://res.cloudinary.com/hf9tv6vn/image/upload/55-38B.jpg,裏面,portrait,,,,,,,
55-39,THE BATMAN－ザ・バットマン－,T,2022,,マット・リーヴス,ロバート・パティンソン/ゾーイ・クラヴィッツ/ポール・ダノ/ジェフリー・ライト/ジョン・タトゥーロ/ピーター・サースガード/アンディ・サーキス/コリン・ファレル,single,2026/9/20,https://res.cloudinary.com/hf9tv6vn/image/upload/55-39A.jpg,表面,portrait ,https://res.cloudinary.com/hf9tv6vn/image/upload/55-39B.jpg,裏面,portrait,,,,,,,
55-40,ハウス・オブ・グッチ,ハ,2021,,リドリー・スコット,レディー・ガガ/アダム・ドライバー/ジャレッド・レト/ジェレミー・アイアンズ/サルマ・ハエック/アル・パチーノ,single,2026/9/20,https://res.cloudinary.com/hf9tv6vn/image/upload/55-40A.jpg,表面,portrait ,https://res.cloudinary.com/hf9tv6vn/image/upload/55-40B.jpg,裏面,portrait,,,,,,,
55-41,ファンタスティック・ビーストとダンブルドアの秘密,フ,2022,,デヴィッド・イェーツ,エディ・レッドメイン/ジュード・ロウ/エズラ・ミラー/ダン・フォグラー/アリソン・スドル/ウィリアム・ナディラム/カラム・ターナー/ジェシカ・ウィリアムズ/ヴィクトリア・イェイツ/ポピー・コービー＝チューチ/フィオナ・グラスコット/キャサリン・ウォーターストン/マッツ・ミケルセン,single,2026/9/20,https://res.cloudinary.com/hf9tv6vn/image/upload/55-41A.jpg,表面,portrait ,https://res.cloudinary.com/hf9tv6vn/image/upload/55-41B.jpg,裏面,portrait,,,,,,,
55-42,白いトリュフの宿る森,シ,2020,,マイケル・ドゥウェック/グレゴリー・カーショウ,,single,2026/9/20,https://res.cloudinary.com/hf9tv6vn/image/upload/55-42A.jpg,表面,portrait ,https://res.cloudinary.com/hf9tv6vn/image/upload/55-42B.jpg,裏面,portrait,,,,,,,
55-43,国境の夜想曲,コ,2020,,ジャンフランコ・ロージ,,single,2026/9/20,https://res.cloudinary.com/hf9tv6vn/image/upload/55-43A.jpg,表面,portrait ,https://res.cloudinary.com/hf9tv6vn/image/upload/55-43B.jpg,裏面,portrait,,,,,,,
55-44,ブラックボックス:音声分析捜査,ブ,2021,,ヤン・ゴズラン,ピエール・ニネ/ルー・ドゥ・ラージュ/アンドレ・デュソリエ,single,2026/9/20,https://res.cloudinary.com/hf9tv6vn/image/upload/55-44A.jpg,表面,portrait ,https://res.cloudinary.com/hf9tv6vn/image/upload/55-44B.jpg,裏面,portrait,,,,,,,
55-45,ガンパウダー・ミルクシェイク,ガ,2021,,ナヴォット・パプシャド,カレン・ギラン/レナ・ヘディ/アンジェラ・バセット/ポール・ジアマッティ/ミシェル・ヨー/カーラ・グギノ,single,2026/9/20,https://res.cloudinary.com/hf9tv6vn/image/upload/55-45A.jpg,表面,portrait ,https://res.cloudinary.com/hf9tv6vn/image/upload/55-45B.jpg,裏面,portrait,,,,,,,
55-46,355,3,2022,,サイモン・キンバーグ,ジェシカ・チャステイン/ルピタ・ニョンゴ/ペネロペ・クルス/ダイアン・クルーガー/ファン・ビンビン/セバスチャン・スタン/エドガー・ラミレス,single,2026/9/20,https://res.cloudinary.com/hf9tv6vn/image/upload/55-46A.jpg,表面,portrait ,https://res.cloudinary.com/hf9tv6vn/image/upload/55-46B.jpg,裏面,portrait,,,,,,,
55-47,ギャング・オブ・アメリカ,ギ,2021,,エタン・ロッカウェイ,ハーヴェイ・カイテル/サム・ワーシントン/アナソフィア・ロブ/ジャッキー・クルス,single,2026/9/20,https://res.cloudinary.com/hf9tv6vn/image/upload/55-47A.jpg,表面,portrait ,https://res.cloudinary.com/hf9tv6vn/image/upload/55-47B.jpg,裏面,portrait,,,,,,,
55-48,マークスマン,マ,2021,,ロバート・ロレンツ,リーアム・ニーソン/ジェイコブ・ペレス/キャサリン・ウィニック/フアン・パブロ・ラバ/テレサ・ルイス,single,2026/9/20,https://res.cloudinary.com/hf9tv6vn/image/upload/55-48A.jpg,表面,portrait ,https://res.cloudinary.com/hf9tv6vn/image/upload/55-48B.jpg,裏面,portrait,,,,,,,
55-49,スティルウォーター,ス,2021,,トム・マッカーシー,マット・デイモン/カミーユ・コッタン/アビゲイル・ブレスリン,single,2026/9/20,https://res.cloudinary.com/hf9tv6vn/image/upload/55-49A.jpg,表面,portrait ,https://res.cloudinary.com/hf9tv6vn/image/upload/55-49B.jpg,裏面,portrait,,,,,,,
55-50,ゴーストバスターズ／アフターライフ,ゴ,2021,,ジェイソン・ライトマン,キャリー・クーン/フィン・ウルフハード/マッケナ・グレイス/ポール・ラッド/ビル・マーレイ/ダン・エイクロイド/アーニー・ハドソン/アニー・ポッツ/シガニー・ウィーバー,single,2026/9/20,https://res.cloudinary.com/hf9tv6vn/image/upload/55-50A.jpg,表面,portrait ,https://res.cloudinary.com/hf9tv6vn/image/upload/55-50B.jpg,裏面,landscape,,,,,,,
55-51,ソー:ラブ&サンダー,ソ,2022,,タイカ・ワイティティ,クリス・ヘムズワース/ナタリー・ポートマン/クリスチャン・ベール/テッサ・トンプソン/ジェイミー・アレクサンダー/タイカ・ワイティティ/ラッセル・クロウ,single,2026/9/20,https://res.cloudinary.com/hf9tv6vn/image/upload/55-51A.jpg,表面,portrait ,https://res.cloudinary.com/hf9tv6vn/image/upload/55-51B.jpg,裏面,portrait,,,,,,,
55-52,ドクター・ストレンジ/マルチバース・オブ・マッドネス,ド,2022,,サム・ライミ,ベネディクト・カンバーバッチ/エリザベス・オルセン/キウェテル・イジョフォー/ベネディクト・ウォン/ソーチー・ゴメス/マイケル・スタールバーグ/レイチェル・マクアダムス/パトリック・スチュワート,single,2026/9/20,https://res.cloudinary.com/hf9tv6vn/image/upload/55-52A.jpg,表面,portrait ,https://res.cloudinary.com/hf9tv6vn/image/upload/55-52B.jpg,裏面,portrait,,,,,,,
55-53,カモン カモン,カ,2021,,マイク・ミルズ,ホアキン・フェニックス/ギャビー・ホフマン/ウディ・ノーマン,single,2026/9/20,https://res.cloudinary.com/hf9tv6vn/image/upload/55-53A.jpg,表面,portrait ,https://res.cloudinary.com/hf9tv6vn/image/upload/55-53B.jpg,裏面,portrait,,,,,,,
55-54,ショーシャンクの空に 4Kデジタルリマスター版,シ,2022,,フランク・ダラボン,ティム・ロビンス/モーガン・フリーマン/ボブ・ガントン/ウィリアム・サドラー/クランシー・ブラウン/ギル・ベローズ/ジェームズ・ホイットモア,single,2026/9/20,https://res.cloudinary.com/hf9tv6vn/image/upload/55-54A.jpg,表面,portrait ,https://res.cloudinary.com/hf9tv6vn/image/upload/55-54B.jpg,裏面,portrait,,,,,,,
55-55,ベイビー・ブローカー,ベ,2022,,是枝裕和,ソン・ガンホ/カン・ドンウォン/ペ・ドゥナ/イ・ジウン/イ・ジュヨン,single,2026/9/20,https://res.cloudinary.com/hf9tv6vn/image/upload/55-55A.jpg,表面,portrait ,https://res.cloudinary.com/hf9tv6vn/image/upload/55-55B.jpg,裏面,portrait,,,,,,,
55-56,ザ・ロストシティ,ザ,2022,,アーロン・ニー/アダム・ニー,サンドラ・ブロック/チャニング・テイタム/ダニエル・ラドクリフ/ブラッド・ピット,single,2026/9/20,https://res.cloudinary.com/hf9tv6vn/image/upload/55-56A.jpg,表面,portrait ,https://res.cloudinary.com/hf9tv6vn/image/upload/55-56B.jpg,裏面,portrait,,,,,,,
55-57,マダム・ウェブ,マ,2024,,S・J・クラークソン,ダコタ・ジョンソン/シドニー・スウィーニー/セレステ・オコナー/イザベラ・メルセード/タハール・ラヒム,single,2026/9/20,https://res.cloudinary.com/hf9tv6vn/image/upload/55-57A.jpg,表面,portrait ,https://res.cloudinary.com/hf9tv6vn/image/upload/55-57B.jpg,裏面,portrait,,,,,,,
55-58,ジャンヌ・デュ・バリー　国王最期の愛人,ジ,2023,,マイウェン,マイウェン/ジョニー・デップ/バンジャマン・ラヴェルネ/ピエール・リシャール /メルヴィル・プポー/パスカル・グレゴリー,single,2026/9/20,https://res.cloudinary.com/hf9tv6vn/image/upload/55-58A.jpg,表面,portrait ,https://res.cloudinary.com/hf9tv6vn/image/upload/55-58B.jpg,裏面,portrait,,,,,,,
55-59,落下の解剖学,ラ,2023,,ジュスティーヌ・トリエ,ザンドラ・ヒュラー/スワン・アルロー/ミロ・マシャド・グラネール/アントワーヌ・レナルツ/サミュエル・タイス/ジェニー・ベス/Saadia Bentaïeb/カミーユ・ラザフォード/Anne Rotger/ソフィ・フィリエール,single,2026/9/20,https://res.cloudinary.com/hf9tv6vn/image/upload/55-59A.jpg,表面,portrait ,https://res.cloudinary.com/hf9tv6vn/image/upload/55-59B.jpg,裏面,portrait,,,,,,,
55-60,バズ・ライトイヤー,バ,2022,,アンガス・マクレーン,クリス・エヴァンス,single,2026/9/20,https://res.cloudinary.com/hf9tv6vn/image/upload/55-60A.jpg,表面,portrait ,https://res.cloudinary.com/hf9tv6vn/image/upload/55-60B.jpg,裏面,portrait,,,,,,,
55-61,バズ・ライトイヤー,バ,2022,,アンガス・マクレーン,クリス・エヴァンス,single,2026/9/20,https://res.cloudinary.com/hf9tv6vn/image/upload/55-61A.jpg,表面,portrait ,https://res.cloudinary.com/hf9tv6vn/image/upload/55-61B.jpg,裏面,portrait,,,,,,,
55-62,バッドガイズ,バ,2022,,ピエール・ペリフィル,サム・ロックウェル/マーク・マロン/クレイグ・ロビンソン/アンソニー・ラモス/オークワフィナ/リチャード・アイオアディ/ザジー・ビーツ/リリー・シン/アレックス・ボースタイン,single,2026/9/20,https://res.cloudinary.com/hf9tv6vn/image/upload/55-62A.jpg,表面,portrait ,https://res.cloudinary.com/hf9tv6vn/image/upload/55-62B.jpg,裏面,portrait,,,,,,,
55-63,バッドガイズ,バ,2022,,ピエール・ペリフィル,サム・ロックウェル/マーク・マロン/クレイグ・ロビンソン/アンソニー・ラモス/オークワフィナ/リチャード・アイオアディ/ザジー・ビーツ/リリー・シン/アレックス・ボースタイン,bifold,2026/9/20,https://res.cloudinary.com/hf9tv6vn/image/upload/55-63A.jpg,表面,portrait ,https://res.cloudinary.com/hf9tv6vn/image/upload/55-63B.jpg,裏面,portrait,https://res.cloudinary.com/hf9tv6vn/image/upload/55-63C.jpg,中面,landscape,,,,
55-64,ロッキーVSドラゴ ROCKY IV,ロ,2022,,シルベスター・スタローン,シルヴェスター・スタローン/タリア・シャイア/バート・ヤング/カール・ウェザース/ドルフ・ラングレン/ブリジット・ニールセン/ジェームス・ブラウン,single,2026/9/20,https://res.cloudinary.com/hf9tv6vn/image/upload/55-64A.jpg,表面,portrait ,https://res.cloudinary.com/hf9tv6vn/image/upload/55-64B.jpg,裏面,portrait,,,,,,,
55-65,あなたと過ごした日に,ア,2020,,フェルナンド・トルエバ,ハビエル・カマラ/ニコラス・レジェス・カノ/フアン・パブロ・ウレゴ/パトリシア・タマヨ,single,2026/9/20,https://res.cloudinary.com/hf9tv6vn/image/upload/55-65A.jpg,表面,portrait ,https://res.cloudinary.com/hf9tv6vn/image/upload/55-65B.jpg,裏面,portrait,,,,,,,
55-66,ジュラシック・ワールド/新たなる支配者,ジ,2022,,コリン・トレヴォロウ,クリス・プラット/ブライス・ダラス・ハワード/イザベラ・サーモン/ローラ・ダーン/ジェフ・ゴールドブラム/サム・ニール/ディワンダ・ワイズ/ママドゥ・アティエ/B・D・ウォン/オマール・シー/キャンベル・スコット,bifold,2026/9/20,https://res.cloudinary.com/hf9tv6vn/image/upload/55-66A.jpg,表面,portrait ,https://res.cloudinary.com/hf9tv6vn/image/upload/55-66B.jpg,裏面,portrait,https://res.cloudinary.com/hf9tv6vn/image/upload/55-66C.jpg,中面,landscape,,,,
55-67,グレイマン,グ,2022,,アンソニー・ルッソ/ジョー・ルッソ,ライアン・ゴズリング/クリス・エヴァンス/アナ・デ・アルマス/ジェシカ・ヘンウィック/ヴァグネル・モウラ/ダヌシュ/ジュリア・バターズ/レゲ＝ジャン・ペイジ/ビリー・ボブ・ソーントン/アルフレ・ウッダード,single,2026/9/20,https://res.cloudinary.com/hf9tv6vn/image/upload/55-67A.jpg,表面,portrait ,https://res.cloudinary.com/hf9tv6vn/image/upload/55-67B.jpg,裏面,portrait,,,,,,,
55-68,キャメラを止めるな!,キ,2022,,ミシェル・アザナヴィシウス,ロマン・デュリス/ベレニス・ベジョ/グレゴリー・ガドゥボワ/フィネガン・オールドフィールド/マチルダ・ルッツ/ジャン＝パスカル・ザディ,single,2026/9/20,https://res.cloudinary.com/hf9tv6vn/image/upload/55-68A.jpg,表面,portrait ,https://res.cloudinary.com/hf9tv6vn/image/upload/55-68B.jpg,裏面,portrait,,,,,,,
55-69,DC がんばれ!スーパーペット,D,2022,,ジャレッド・スターン,ドウェイン・ジョンソン/ケヴィン・ハート/ケイト・マッキノン/ジョン・クラシンスキー/ヴァネッサ・ベイヤー/ナターシャ・リオン/ディエゴ・ルナ/トーマス・ミドルディッチ/ベン・シュワルツ/キアヌ・リーブス,single,2026/9/20,https://res.cloudinary.com/hf9tv6vn/image/upload/55-69A.jpg,表面,portrait ,https://res.cloudinary.com/hf9tv6vn/image/upload/55-69B.jpg,裏面,portrait,,,,,,,
55-70,ブラックアダム,ブ,2022,,ジャウム・コレット＝セラ,ドウェイン・ジョンソン/サラ・シャヒ/オルディス・ホッジ/ノア・センティネオ/クインテッサ・スウィンデル/マーワン・ケンザリ/ピアース・ブロスナン,single,2026/9/20,https://res.cloudinary.com/hf9tv6vn/image/upload/55-70A.jpg,表面,portrait ,https://res.cloudinary.com/hf9tv6vn/image/upload/55-70B.jpg,裏面,landscape,,,,,,,
55-71,ブラックアダム,ブ,2022,,ジャウム・コレット＝セラ,ドウェイン・ジョンソン/サラ・シャヒ/オルディス・ホッジ/ノア・センティネオ/クインテッサ・スウィンデル/マーワン・ケンザリ/ピアース・ブロスナン,single,2026/9/20,https://res.cloudinary.com/hf9tv6vn/image/upload/55-71A.jpg,表面,portrait ,https://res.cloudinary.com/hf9tv6vn/image/upload/55-71B.jpg,裏面,portrait,,,,,,,
55-72,渇きと偽り,カ,2020,,ロバート・コノリー,エリック・バナ/ジュネヴィーヴ・オーライリー/キーア・オドネル/ジョン・ポルソン/ジョー・クローチェック/クロード・スコット＝ミッチェル/サム・コーレット/ベベ・ベッテンコート,single,2026/9/20,https://res.cloudinary.com/hf9tv6vn/image/upload/55-72A.jpg,表面,portrait ,https://res.cloudinary.com/hf9tv6vn/image/upload/55-72B.jpg,裏面,portrait,,,,,,,
55-73,Zola ゾラ,Z,2020,,ジャニクザ・ブラヴォー,テイラー・ペイジ/ライリー・キーオ/ニコラス・ブラウンアリエル・スタッチェル/コールマン・ドミンゴ,single,2026/9/20,https://res.cloudinary.com/hf9tv6vn/image/upload/55-73A.jpg,表面,portrait ,https://res.cloudinary.com/hf9tv6vn/image/upload/55-73B.jpg,裏面,portrait,,,,,,,
55-74,ソニック・ザ・ムービー/ソニック VS ナックルズ,ソ,2022,,ジェフ・ファウラー,ベン・シュワルツ/ジェームズ・マースデン/ティカ・サンプターアダム・パリー/ナターシャ・ロスウェル/シェマー・ムーア/コリーン・オショーネシー/リー・マジドゥブ/イドリス・エルバ/ジム・キャリー,single,2026/9/20,https://res.cloudinary.com/hf9tv6vn/image/upload/55-74A.jpg,表面,portrait ,https://res.cloudinary.com/hf9tv6vn/image/upload/55-74B.jpg,裏面,portrait,,,,,,,
55-75,NOPE/ノープ,N,2022,,ジョーダン・ピール,ダニエル・カルーヤ/キキ・パーマー/スティーヴン・ユァン,single,2026/9/20,https://res.cloudinary.com/hf9tv6vn/image/upload/55-75A.jpg,表面,portrait ,https://res.cloudinary.com/hf9tv6vn/image/upload/55-75B.jpg,裏面,portrait,,,,,,,
55-76,ザ・ディープ・ハウス,ザ,2021,,ジュリアン・モーリー/アレクサンドル・バスティロ,ジェームズ・ジャガー/カミーユ・ロウ/エリック・サヴァン/アレクシス・セルヴァース/アン・クレサン/キャロライナ・マッシー,single,2026/9/20,https://res.cloudinary.com/hf9tv6vn/image/upload/55-76A.jpg,表面,portrait ,https://res.cloudinary.com/hf9tv6vn/image/upload/55-76B.jpg,裏面,portrait,,,,,,,
55-77,ダウントン・アビー/新たなる時代へ,ダ,2022,,サイモン・カーティス,ヒュー・ボネヴィル/ジム・カーター/ミシェル・ドッカリー/エリザベス・マクガヴァン/マギー・スミス/ペネロープ・ウィルトン,single,2026/9/20,https://res.cloudinary.com/hf9tv6vn/image/upload/55-77A.jpg,表面,portrait ,https://res.cloudinary.com/hf9tv6vn/image/upload/55-77B.jpg,裏面,landscape,,,,,,,
55-78,愛する人に伝える言葉,ア,2021,,エマニュエル・ベルコ,カトリーヌ・ドヌーヴ/ブノワ・マジメル/セシル・ド・フランス/ガブリエル・サラ,single,2026/9/20,https://res.cloudinary.com/hf9tv6vn/image/upload/55-78A.jpg,表面,portrait ,https://res.cloudinary.com/hf9tv6vn/image/upload/55-78B.jpg,裏面,portrait,,,,,,,
55-79,デュアル,デ,2022,,ライリー・ステアンズ,カレン・ギラン/アーロン・ポール/ジェシー・アイゼンバーグ/ビューラ・コアレ/マーサ・ケリー,single,2026/9/20,https://res.cloudinary.com/hf9tv6vn/image/upload/55-79A.jpg,表面,portrait ,https://res.cloudinary.com/hf9tv6vn/image/upload/55-79B.jpg,裏面,portrait,,,,,,,
55-80,プリンセス・ダイアナ,プ,2022,,エド・パーキンズ,,single,2026/9/20,https://res.cloudinary.com/hf9tv6vn/image/upload/55-80A.jpg,表面,portrait ,https://res.cloudinary.com/hf9tv6vn/image/upload/55-80B.jpg,裏面,portrait,,,,,,,
55-81,スペンサー ダイアナの決意,ス,2021,,パブロ・ラライン,クリステン・スチュワート/ティモシー・スポール/ジャック・ファーシング/ショーン・ハリス/サリー・ホーキンス,bifold,2026/9/20,https://res.cloudinary.com/hf9tv6vn/image/upload/55-81A.jpg,表面,portrait ,https://res.cloudinary.com/hf9tv6vn/image/upload/55-81B.jpg,裏面,portrait,https://res.cloudinary.com/hf9tv6vn/image/upload/55-81C.jpg,中面,landscape,,,,
55-82,1950 鋼の第7中隊,1,2021,,チェン・カイコー/ツイ・ハーク/ダンテ・ラム,ウー・ジン/イー・ヤンチェンシー,single,2026/9/20,https://res.cloudinary.com/hf9tv6vn/image/upload/55-82A.jpg,表面,portrait ,https://res.cloudinary.com/hf9tv6vn/image/upload/55-82B.jpg,裏面,portrait,,,,,,,
55-83,ソングバード,ソ,2020,,アダム・メイソン,KJ・アパ/ソフィア・カーソン/クレイグ・ロビンソン/ピーター・ストーメア,single,2026/9/20,https://res.cloudinary.com/hf9tv6vn/image/upload/55-83A.jpg,表面,portrait ,https://res.cloudinary.com/hf9tv6vn/image/upload/55-83B.jpg,裏面,portrait,,,,,,,
55-84,キュリー夫人 天才科学者の愛と情熱,キ,2019,,マルジャン・サトラピ,ロザムンド・パイク/サム・ライリー/アニャ・テイラー＝ジョイ/カーラ・ボッサム,single,2026/9/20,https://res.cloudinary.com/hf9tv6vn/image/upload/55-84A.jpg,表面,portrait ,https://res.cloudinary.com/hf9tv6vn/image/upload/55-84B.jpg,裏面,portrait,,,,,,,
55-85,クリエイション・ストーリーズ　世界の音楽シーンを塗り替えた男,ク,2021,,ニック・モラン,ユエン・ブレムナー/スーキー・ウォーターハウス/ジェイソン・フレミング/トーマス・ターグーズ/マイケル・ソーチャ/メル・レイド/レオ・フラナガン/ジェイソン・アイザックス,single,2026/9/20,https://res.cloudinary.com/hf9tv6vn/image/upload/55-85A.jpg,表面,portrait ,https://res.cloudinary.com/hf9tv6vn/image/upload/55-85B.jpg,裏面,portrait,,,,,,,
55-86,アフター・ヤン,ア,2021,,コゴナダ,コリン・ファレル/ジョディ・ターナー＝スミス/ジャスティン・H・ミン/マレア・エマ・チャンドラウィジャヤ/ヘイリー・ルー・リチャードソン,single,2026/9/20,https://res.cloudinary.com/hf9tv6vn/image/upload/55-86A.jpg,表面,portrait ,https://res.cloudinary.com/hf9tv6vn/image/upload/55-86B.jpg,裏面,portrait,,,,,,,
55-87,ランディ・ローズ,ラ,2022,,アンドレ・レリス,ランディ・ローズ/オジー・オズボーン/エドワード・ヴァン・ヘイレン/ルディ・サーゾ/フランキー・バネリ/ジョージ・リンチ/ゲイリー・ムーア/ダグ・アルドリッチ/ジョエル・ホークストラ/ブルース・キューリック/ドゥイージル・ザッパ,single,2026/9/20,https://res.cloudinary.com/hf9tv6vn/image/upload/55-87A.jpg,表面,portrait ,https://res.cloudinary.com/hf9tv6vn/image/upload/55-87B.jpg,裏面,portrait,,,,,,,
55-88,グリーン・ナイト,グ,2021,,デヴィッド・ロウリー,デーヴ・パテール/アリシア・ヴィキャンデル/ジョエル・エドガートン/サリタ・チョウドリー/ショーン・ハリス/ラルフ・アイネソン,single,2026/9/20,https://res.cloudinary.com/hf9tv6vn/image/upload/55-88A.jpg,表面,portrait ,https://res.cloudinary.com/hf9tv6vn/image/upload/55-88B.jpg,裏面,portrait,,,,,,,
55-89,ブラックパンサー/ワカンダ・フォーエバー,ブ,2022,,ライアン・クーグラー,レティーシャ・ライト/ルピタ・ニョンゴ/ダナイ・グリラ/ウィンストン・デューク/フローレンス・カサンバ/ドミニク・ソーン/ミカエラ・コール/テノッチ・ウエルタ・メヒア/マーティン・フリーマン/ジュリア・ルイス＝ドレイファス/アンジェラ・バセット,single,2026/9/20,https://res.cloudinary.com/hf9tv6vn/image/upload/55-89A.jpg,表面,portrait ,https://res.cloudinary.com/hf9tv6vn/image/upload/55-89B.jpg,裏面,portrait,,,,,,,
55-90,ザ・メニュー,ザ,2022,,マーク・マイロッド,レイフ・ファインズ/アニャ・テイラー＝ジョイ/ニコラス・ホルト,single,2026/9/20,https://res.cloudinary.com/hf9tv6vn/image/upload/55-90A.jpg,表面,portrait ,https://res.cloudinary.com/hf9tv6vn/image/upload/55-90B.jpg,裏面,portrait,,,,,,,
55-91,RRR,R,2022,,S・S・ラージャマウリ,N・T・ラーマ・ラオ・ジュニア/ラーム・チャラン/アジャイ・デーヴガン/アーリヤー・バット/シュリヤ・サラン/サムドラカニ/レイ・スティーヴンソン/アリソン・ドゥーディ/オリヴィア・モリス,single,2026/9/20,https://res.cloudinary.com/hf9tv6vn/image/upload/55-91A.jpg,表面,portrait ,https://res.cloudinary.com/hf9tv6vn/image/upload/55-91B.jpg,裏面,portrait,,,,,,,
55-92,ブレット・トレイン,ブ,2022,,デヴィッド・リーチ,ブラッド・ピット/ジョーイ・キング/アーロン・テイラー＝ジョンソン/ブライアン・タイリー・ヘンリー/アンドリュー・小路/真田広之/マイケル・シャノン/サンドラ・ブロック/ベニート・A・マルティネス・オカシオ/ローガン・ラーマン/ザジー・ビーツ/マシ・オカ/福原かれん,single,2026/9/20,https://res.cloudinary.com/hf9tv6vn/image/upload/55-92A.jpg,表面,portrait ,https://res.cloudinary.com/hf9tv6vn/image/upload/55-92B.jpg,裏面,portrait,,,,,,,
55-93,ハロウィン・ナイト,ハ,2020,,スコット・B・ハンセン/デサイリー・コネル,ザック・ギャリガン/コリィ・テイラー/デレク・ルッソ,single,2026/9/20,https://res.cloudinary.com/hf9tv6vn/image/upload/55-93A.jpg,表面,portrait ,https://res.cloudinary.com/hf9tv6vn/image/upload/55-93B.jpg,裏面,portrait,,,,,,,
55-94,アバター：ウェイ・オブ・ウォーター,ア,2022,,ジェームズ・キャメロン,サム・ワーシントン/ゾーイ・サルダナ/シガニー・ウィーバー/スティーヴン・ラング/ジェイミー・フラッターズ/ブリテン・ダルトン/トリニティ・ジョリー・ブリス/ジャック・チャンピオン/クリフ・カーティス/ケイト・ウィンスレット/イーディ・ファルコ/ジェマイン・クレメント/ブレンダン・カウエル,single,2026/9/20,https://res.cloudinary.com/hf9tv6vn/image/upload/55-94A.jpg,表面,portrait ,https://res.cloudinary.com/hf9tv6vn/image/upload/55-94B.jpg,裏面,portrait,,,,,,,
55-95,アバター：ウェイ・オブ・ウォーター/アバター３Dリマスター,ア,2022,,ジェームズ・キャメロン,サム・ワーシントン/ゾーイ・サルダナ/シガニー・ウィーバー/スティーヴン・ラング/ジェイミー・フラッターズ/ブリテン・ダルトン/トリニティ・ジョリー・ブリス/ジャック・チャンピオン/クリフ・カーティス/ケイト・ウィンスレット/イーディ・ファルコ/ジェマイン・クレメント/ブレンダン・カウエル,bifold,2026/9/20,https://res.cloudinary.com/hf9tv6vn/image/upload/55-95A.jpg,表面,portrait ,https://res.cloudinary.com/hf9tv6vn/image/upload/55-95B.jpg,裏面,portrait,https://res.cloudinary.com/hf9tv6vn/image/upload/55-95C.jpg,中面,landscape,,,,
55-96,名優ポール・ニューマン特集,メ,2022,,,ポール・ニューマン,bifold,2026/9/20,https://res.cloudinary.com/hf9tv6vn/image/upload/55-96A.jpg,表面,portrait ,https://res.cloudinary.com/hf9tv6vn/image/upload/55-96B.jpg,裏面,portrait,https://res.cloudinary.com/hf9tv6vn/image/upload/55-96C.jpg,中面,landscape,,,,
55-97,ミセス・ハリス/パリへ行く,ミ,2022,,アンソニー・ファビアン,レスリー・マンヴィル/イザベル・ユペール/ランベール・ウィルソン,single,2026/9/20,https://res.cloudinary.com/hf9tv6vn/image/upload/55-97A.jpg,表面,portrait ,https://res.cloudinary.com/hf9tv6vn/image/upload/55-97B.jpg,裏面,portrait,,,,,,,
55-98,ザリガニの鳴くところ,ザ,2022,,オリヴィア・ニューマン,デイジー・エドガー＝ジョーンズ/テイラー・ジョン・スミス/ハリス・ディキンソン/マイケル・ハイアット,bifold,2026/9/20,https://res.cloudinary.com/hf9tv6vn/image/upload/55-98A.jpg,表面,portrait ,https://res.cloudinary.com/hf9tv6vn/image/upload/55-98B.jpg,裏面,portrait,https://res.cloudinary.com/hf9tv6vn/image/upload/55-98C.jpg,中面,landscape,,,,
55-99,ストレンジ・ワールド／もうひとつの世界,ス,2022,,ドン・ホール,ジェイク・ギレンホール/デニス・クエイド/ジャブーキー・ヤング＝ホワイト/ガブリエル・ユニオン/ルーシー・リュー,single,2026/9/20,https://res.cloudinary.com/hf9tv6vn/image/upload/55-99A.jpg,表面,portrait ,https://res.cloudinary.com/hf9tv6vn/image/upload/55-99B.jpg,裏面,portrait,,,,,,,
55-100,エンドロールのつづき,エ,2021,,パン・ナリン,バヴィン・ラバリ/リチャー・ミーナー/バヴェーシュ・シュリマリ/ディペン・ラヴァル,single,2026/9/20,https://res.cloudinary.com/hf9tv6vn/image/upload/55-100A.jpg,表面,portrait ,https://res.cloudinary.com/hf9tv6vn/image/upload/55-100B.jpg,裏面,portrait,,,,,,,
55-101,ドリーム・ホース,ド,2020,,ユーロス・リン,トニ・コレット/ダミアン・ルイス/オーウェン・ティール/ジョアンナ・ペイジ,single,2026/9/20,https://res.cloudinary.com/hf9tv6vn/image/upload/55-101A.jpg,表面,portrait ,https://res.cloudinary.com/hf9tv6vn/image/upload/55-101B.jpg,裏面,portrait,,,,,,,
55-102,人生は二度とない,ジ,2011,,ゾーヤー・アクタル,リティク・ローシャン/アバイ・デーオール/ファルハーン・アクタル/カトリーナ・カイフ/カルキ・ケクラン,single,2026/9/20,https://res.cloudinary.com/hf9tv6vn/image/upload/55-102A.jpg,表面,portrait ,https://res.cloudinary.com/hf9tv6vn/image/upload/55-102B.jpg,裏面,portrait,,,,,,,
55-103,チケット・トゥ・パラダイス,チ,2022,,オル・パーカー,ジュリア・ロバーツ/ジョージ・クルーニー,single,2026/9/20,https://res.cloudinary.com/hf9tv6vn/image/upload/55-103A.jpg,表面,portrait ,https://res.cloudinary.com/hf9tv6vn/image/upload/55-103B.jpg,裏面,portrait,,,,,,,
55-104,サイレントナイト,サ,2021,,カミーユ・グリフィン,キーラ・ナイトレイ/マシュー・グッド/ローマン・グリフィン・デイヴィス/アナベル・ウォーリス,single,2026/9/20,https://res.cloudinary.com/hf9tv6vn/image/upload/55-104A.jpg,表面,portrait ,https://res.cloudinary.com/hf9tv6vn/image/upload/55-104B.jpg,裏面,portrait,,,,,,,
55-105,シスター 夏のわかれ道,シ,2021,,イン・ルオシン,チャン・ツィフォン/ダレン・キム,single,2026/9/20,https://res.cloudinary.com/hf9tv6vn/image/upload/55-105A.jpg,表面,portrait ,https://res.cloudinary.com/hf9tv6vn/image/upload/55-105B.jpg,裏面,portrait,,,,,,,
55-106,ハッピー・ニュー・イヤー,ハ,2021,,クァク・ジェヨン,ハン・ジミン/イ・ドンウク/カン・ハヌル/イム・ユナ/ウォン・ジナ/イ・ヘヨン/チョン・ジニョン/キム・ヨングァン/ソ・ガンジュン/イ・グァンス/コ・ソンヒ/イ・ジヌク/チョ・ジュニョン/ウォン・ジアン,single,2026/9/20,https://res.cloudinary.com/hf9tv6vn/image/upload/55-106A.jpg,表面,portrait ,https://res.cloudinary.com/hf9tv6vn/image/upload/55-106B.jpg,裏面,portrait,,,,,,,
55-107,ステラ SEOUL MISSION,ス,2022,,クォン・スギョン,ソン・ホジュン/イ・ギュヒョン/ホ・ソンテ,single,2026/9/20,https://res.cloudinary.com/hf9tv6vn/image/upload/55-107A.jpg,表面,portrait ,https://res.cloudinary.com/hf9tv6vn/image/upload/55-107B.jpg,裏面,portrait,,,,,,,
55-108,バビロン,バ,2022,,デイミアン・チャゼル,ブラッド・ピット/マーゴット・ロビー/ディエゴ・カルバ/ジーン・スマート/ジョヴァン・アデポ/リー・ジュン・リー,single,2026/9/20,https://res.cloudinary.com/hf9tv6vn/image/upload/55-108A.jpg,表面,portrait ,https://res.cloudinary.com/hf9tv6vn/image/upload/55-108B.jpg,裏面,portrait,,,,,,,
55-109,バビロン,バ,2022,,デイミアン・チャゼル,ブラッド・ピット/マーゴット・ロビー/ディエゴ・カルバ/ジーン・スマート/ジョヴァン・アデポ/リー・ジュン・リー,single,2026/9/20,https://res.cloudinary.com/hf9tv6vn/image/upload/55-109A.jpg,表面,portrait ,https://res.cloudinary.com/hf9tv6vn/image/upload/55-109B.jpg,裏面,portrait,,,,,,,
55-110,ナイトライド　時間は嗤う,ナ,2021,,スティーブン・フィングルトン,モー・ダンフォード/ジョアナ・ヒベイロ/ジェラルド・ジョーダン/キアラン・フリン/ジョン・トラヴァース/スティーヴン・レイ,single,2026/9/20,https://res.cloudinary.com/hf9tv6vn/image/upload/55-110A.jpg,表面,portrait ,https://res.cloudinary.com/hf9tv6vn/image/upload/55-110B.jpg,裏面,portrait,,,,,,,
55-111,マスター 先生が来る!,マ,2021,,ローケーシュ・カナガラージ,ヴィジャイ/ヴィジャイ・セードゥパティ,single,2026/9/20,https://res.cloudinary.com/hf9tv6vn/image/upload/55-111A.jpg,表面,portrait ,https://res.cloudinary.com/hf9tv6vn/image/upload/55-111B.jpg,裏面,portrait,,,,,,,
55-112,ザ・シスト　凶悪性新怪物,ザ,2020,,タイラー・ラッセル,エヴァ・ハーバーマン/ジョージ・ハーディ/グレッグ・セステロ/ジェイソン・ダグラス,single,2026/9/20,https://res.cloudinary.com/hf9tv6vn/image/upload/55-112A.jpg,表面,portrait ,https://res.cloudinary.com/hf9tv6vn/image/upload/55-112B.jpg,裏面,portrait,,,,,,,
55-113,エスター ファースト・キル,エ,2022,,ウィリアム・ブレント・ベル,イザベル・ファーマン/ジュリア・スタイルズ/ロッシフ・サザーランド/マシュー・アーロン・フィンラン/ヒロ・カナガワ,single,2026/9/20,https://res.cloudinary.com/hf9tv6vn/image/upload/55-113A.jpg,表面,portrait ,https://res.cloudinary.com/hf9tv6vn/image/upload/55-113B.jpg,裏面,portrait,,,,,,,
55-114,ホワイト・ノイズ,ホ,2022,,ノア・バームバック,アダム・ドライバー/グレタ・ガーウィグ/ドン・チードル,single,2026/9/20,https://res.cloudinary.com/hf9tv6vn/image/upload/55-114A.jpg,表面,portrait ,,,,,,,,,,
55-115,モリコーネ　映画が恋した音楽家,モ,2021,,ジュゼッペ・トルナトーレ,ジュゼッペ・トルナトーレ/エンニオ・モリコーネ/クリント・イーストウッド/クエンティン・タランティーノ/ウォン・カーウァイ/オリヴァー・ストーン/ハンス・ジマー/バリー・レヴィンソン/ジョン・ウィリアムズ/ダリオ・アルジェント/テレンス・マリック/ブルース・スプリングスティーン/ベルナルド・ベルトルッチ/ジェイムズ・ヘットフィールド/クインシー・ジョーンズ/ローランド・ジョフィ/リナ・ウェルトミューラー/フィル・ジョアノー,single,2026/9/20,https://res.cloudinary.com/hf9tv6vn/image/upload/55-115A.jpg,表面,portrait ,https://res.cloudinary.com/hf9tv6vn/image/upload/55-115B.jpg,裏面,portrait,,,,,,,
55-116,ナイツ・オブ・ザ・ゾディアック,ナ,2023,,トメック・バギンスキー,新田真剣佑/マディソン・アイズマン/ディエゴ・ティノコ/マーク・ダカスコス/ニック・スタール/ファムケ・ヤンセン/ショーン・ビーン,single,2026/9/20,https://res.cloudinary.com/hf9tv6vn/image/upload/55-116A.jpg,表面,landscape,https://res.cloudinary.com/hf9tv6vn/image/upload/55-116B.jpg,裏面,landscape,,,,,,,
55-117,MEN 同じ顔の男たち,M,2022,,アレックス・ガーランド,ジェシー・バックリー/ロリー・キニア/パーパ・エッシードゥ,single,2026/9/20,https://res.cloudinary.com/hf9tv6vn/image/upload/55-117A.jpg,表面,landscape,https://res.cloudinary.com/hf9tv6vn/image/upload/55-117B.jpg,裏面,portrait,,,,,,,
55-118,非常宣言,ヒ,2022,,ハン・ジェリム,ソン・ガンホ/イ・ビョンホン/チョン・ドヨン/キム・ナムギル/リュ・ジンソク/イム・シワン,single,2026/9/20,https://res.cloudinary.com/hf9tv6vn/image/upload/55-118A.jpg,表面,portrait ,https://res.cloudinary.com/hf9tv6vn/image/upload/55-118B.jpg,裏面,portrait,,,,,,,
55-119,アントマン&ワスプ:クアントマニア,ア,2023,,ペイトン・リード,ポール・ラッド/エヴァンジェリン・リリー/ジョナサン・メジャース/キャスリン・ニュートン/デヴィッド・ダストマルチャン/ケイティ・オブライアン/ウィリアム・ジャクソン・ハーパー/ビル・マーレイ/ミシェル・ファイファー/コリー・ストール/マイケル・ダグラス,single,2026/9/20,https://res.cloudinary.com/hf9tv6vn/image/upload/55-119A.jpg,表面,portrait ,https://res.cloudinary.com/hf9tv6vn/image/upload/55-119B.jpg,裏面,portrait,,,,,,,
55-120,崖上のスパイ,ガ,2021,,チャン・イーモウ,チャン・イー/ユー・ホーウェイ/チン・ハイルー/リウ・ハオツン/チュー・ヤーウェン,single,2026/9/20,https://res.cloudinary.com/hf9tv6vn/image/upload/55-120A.jpg,表面,portrait ,https://res.cloudinary.com/hf9tv6vn/image/upload/55-120B.jpg,裏面,portrait,,,,,,,
55-121,エンパイア・オブ・ライト,エ,2022,,サム・メンデス,オリヴィア・コールマン/マイケル・ウォード/コリン・ファース,single,2026/9/20,https://res.cloudinary.com/hf9tv6vn/image/upload/55-121A.jpg,表面,portrait ,https://res.cloudinary.com/hf9tv6vn/image/upload/55-121B.jpg,裏面,portrait,,,,,,,
55-122,バンバン!,バ,2014,,シッダールト・アーナンド,リティク・ローシャン/カトリーナ・カイフ,single,2026/9/20,https://res.cloudinary.com/hf9tv6vn/image/upload/55-122A.jpg,表面,portrait ,https://res.cloudinary.com/hf9tv6vn/image/upload/55-122B.jpg,裏面,portrait,,,,,,,
55-123,グラン・ブルー　完全版　―デジタル・レストア・バージョン―,グ,2010,,リュック・ベッソン,ロザンナ・アークエット/ジャン＝マルク・バール/ジャン・レノ,bifold,2026/9/20,https://res.cloudinary.com/hf9tv6vn/image/upload/55-123A.jpg,表面,portrait ,https://res.cloudinary.com/hf9tv6vn/image/upload/55-123B.jpg,裏面,portrait,https://res.cloudinary.com/hf9tv6vn/image/upload/55-123C.jpg,中面,landscape,,,,
55-124,別れる決心,ワ,2022,,パク・チャヌク,タン・ウェイ/パク・ヘイル,single,2026/9/20,https://res.cloudinary.com/hf9tv6vn/image/upload/55-124A.jpg,表面,portrait ,https://res.cloudinary.com/hf9tv6vn/image/upload/55-124B.jpg,裏面,portrait,,,,,,,
55-125,エブリシング・エブリウェア・オール・アット・ワンス,エ,2022,,ダニエル・クワン/ダニエル・シャイナート,ミシェル・ヨー/キー・ホイ・クァン/ステファニー・スー/ジェニー・スレイト/ハリー・シャム・ジュニア/ジェームズ・ホン/ジェイミー・リー・カーティス,bifold,2026/9/20,https://res.cloudinary.com/hf9tv6vn/image/upload/55-125A.jpg,表面,portrait ,https://res.cloudinary.com/hf9tv6vn/image/upload/55-125B.jpg,裏面,portrait,https://res.cloudinary.com/hf9tv6vn/image/upload/55-125C.jpg,中面,landscape,,,,
55-126,長ぐつをはいたネコと9つの命,ナ,2022,,ジョエル・クローフォード,アントニオ・バンデラス/サルマ・ハエック/オリヴィア・コールマン/ハーヴィー・ギーエン/サムソン・ケイオ/ヴァグネル・モウラ/アンソニー・メンデス/ジョン・ムレイニー/フローレンス・ピュー/ダヴァイン・ジョイ・ランドルフ/レイ・ウィンストン,single,2026/9/20,https://res.cloudinary.com/hf9tv6vn/image/upload/55-126A.jpg,表面,portrait ,https://res.cloudinary.com/hf9tv6vn/image/upload/55-126B.jpg,裏面,portrait,,,,,,,
55-127,ハロウィン THE END,ハ,2022,,デヴィッド・ゴードン・グリーン,ジェイミー・リー・カーティス/アンディ・マティチャック/ウィル・パットン/ローハン・キャンベル/カイル・リチャーズ/ニック・キャッスル/ジェームズ・ジュード・コートニー,single,2026/9/20,https://res.cloudinary.com/hf9tv6vn/image/upload/55-127A.jpg,表面,portrait ,https://res.cloudinary.com/hf9tv6vn/image/upload/55-127B.jpg,裏面,portrait,,,,,,,
55-128,マイ・エレメント,マ,2023,,ピーター・ソーン,リーア・ルイス/マムドゥ・アチー/ロニー・デル・カルメン/シーラ・オンミ/ウェンディ・マクレンドン＝コーヴィ/キャサリン・オハラ/メイソン・ヴェルトハイマー,single,2026/9/20,https://res.cloudinary.com/hf9tv6vn/image/upload/55-128A.jpg,表面,portrait ,https://res.cloudinary.com/hf9tv6vn/image/upload/55-128B.jpg,裏面,portrait,,,,,,,
55-129,マイ・エレメント,マ,2023,,ピーター・ソーン,リーア・ルイス/マムドゥ・アチー/ロニー・デル・カルメン/シーラ・オンミ/ウェンディ・マクレンドン＝コーヴィ/キャサリン・オハラ/メイソン・ヴェルトハイマー,single,2026/9/20,https://res.cloudinary.com/hf9tv6vn/image/upload/55-129A.jpg,表面,portrait ,https://res.cloudinary.com/hf9tv6vn/image/upload/55-129B.jpg,裏面,portrait,,,,,,,
55-130,シング・フォー・ミー/ライル,シ,2022,,ジョシュ・ゴードン/ウィル・スペック,ハビエル・バルデム/コンスタンス・ウー/ウィンズロウ・フェグリー/スクート・マクネイリー/ブレット・ゲルマン/ショーン・メンデス,bifold,2026/9/20,https://res.cloudinary.com/hf9tv6vn/image/upload/55-130A.jpg,表面,portrait ,https://res.cloudinary.com/hf9tv6vn/image/upload/55-130B.jpg,裏面,portrait,https://res.cloudinary.com/hf9tv6vn/image/upload/55-130C.jpg,中面,landscape,,,,
55-131,ダークグラス,ダ,2022,,ダリオ・アルジェント,イレニア・パストレッリ/アーシア・アルジェント,single,2026/9/20,https://res.cloudinary.com/hf9tv6vn/image/upload/55-131A.jpg,表面,portrait ,https://res.cloudinary.com/hf9tv6vn/image/upload/55-131B.jpg,裏面,portrait,,,,,,,
55-132,シャザム!〜神々の怒り〜,シ,2023,,デヴィッド・F・サンドバーグ,ザッカリー・リーヴァイ/アッシャー・エンジェル/ジャック・ディラン・グレイザー/ジャイモン・フンスー/レイチェル・ゼグラー/ヘレン・ミレン/ルーシー・リュー,single,2026/9/20,https://res.cloudinary.com/hf9tv6vn/image/upload/55-132A.jpg,表面,portrait ,https://res.cloudinary.com/hf9tv6vn/image/upload/55-132B.jpg,裏面,landscape,,,,,,,
55-133,シャザム!〜神々の怒り〜,シ,2023,,デヴィッド・F・サンドバーグ,ザッカリー・リーヴァイ/アッシャー・エンジェル/ジャック・ディラン・グレイザー/ジャイモン・フンスー/レイチェル・ゼグラー/ヘレン・ミレン/ルーシー・リュー,single,2026/9/20,https://res.cloudinary.com/hf9tv6vn/image/upload/55-133A.jpg,表面,portrait ,https://res.cloudinary.com/hf9tv6vn/image/upload/55-133B.jpg,裏面,portrait,,,,,,,
55-134,ダンジョンズ&ドラゴンズ/アウトローたちの誇り,ダ,2023,,ジョナサン・ゴールドスタイン,クリス・パイン/ミシェル・ロドリゲス/レゲ＝ジャン・ペイジ/ジャスティス・スミス/ソフィア・リリス/ヒュー・グラント,single,2026/9/20,https://res.cloudinary.com/hf9tv6vn/image/upload/55-134A.jpg,表面,portrait ,https://res.cloudinary.com/hf9tv6vn/image/upload/55-134B.jpg,裏面,landscape,,,,,,,
55-135,ダンジョンズ&ドラゴンズ/アウトローたちの誇り,ダ,2023,,ジョナサン・ゴールドスタイン,クリス・パイン/ミシェル・ロドリゲス/レゲ＝ジャン・ペイジ/ジャスティス・スミス/ソフィア・リリス/ヒュー・グラント,bifold,2026/9/20,https://res.cloudinary.com/hf9tv6vn/image/upload/55-135A.jpg,表面,portrait ,https://res.cloudinary.com/hf9tv6vn/image/upload/55-135B.jpg,裏面,portrait,https://res.cloudinary.com/hf9tv6vn/image/upload/55-135C.jpg,中面,landscape,,,,
55-136,AIR/エア,A,2023,,ベン・アフレック,マット・デイモン/ベン・アフレック/ジェイソン・ベイトマン/マーロン・ウェイアンズ/クリス・メッシーナ/クリス・タッカー/ヴィオラ・デイヴィス,single,2026/9/20,https://res.cloudinary.com/hf9tv6vn/image/upload/55-136A.jpg,表面,portrait ,https://res.cloudinary.com/hf9tv6vn/image/upload/55-136B.jpg,裏面,portrait,,,,,,,
55-137,ガーディアンズ・オブ・ギャラクシー:VOLUME 3,ガ,2023,,ジェームズ・ガン,クリス・プラット/ゾーイ・サルダナ/デイヴ・バウティスタ/カレン・ギラン/ポム・クレメンティエフ/ヴィン・ディーゼル/ブラッドリー・クーパー/ショーン・ガン/マリア・バカローヴァ/ウィル・ポールター/エリザベス・デビッキ/シルヴェスター・スタローン/チュクウディ・イウジ,single,2026/9/20,https://res.cloudinary.com/hf9tv6vn/image/upload/55-137A.jpg,表面,portrait ,https://res.cloudinary.com/hf9tv6vn/image/upload/55-137B.jpg,裏面,portrait,,,,,,,
55-138,デスパレート・ラン,デ,2021,,フィリップ・ノイス,ナオミ・ワッツ/コルトン・ゴッボ/アンドリュー・チョーン,single,2026/9/20,https://res.cloudinary.com/hf9tv6vn/image/upload/55-138A.jpg,表面,portrait ,https://res.cloudinary.com/hf9tv6vn/image/upload/55-138B.jpg,裏面,portrait,,,,,,,
55-139,TAR/ター,T,2022,,トッド・フィールド,ケイト・ブランシェット/ノエミ・メルラン/ニーナ・ホス,single,2026/9/20,https://res.cloudinary.com/hf9tv6vn/image/upload/55-139A.jpg,表面,portrait ,https://res.cloudinary.com/hf9tv6vn/image/upload/55-139B.jpg,裏面,portrait,,,,,,,
55-140,クリード 過去の逆襲,ク,2023,,マイケル・B・ジョーダン,マイケル・B・ジョーダン/テッサ・トンプソン/ジョナサン・メジャース,single,2026/9/20,https://res.cloudinary.com/hf9tv6vn/image/upload/55-140A.jpg,表面,portrait ,https://res.cloudinary.com/hf9tv6vn/image/upload/55-140B.jpg,裏面,portrait,,,,,,,
55-141,65/シックスティ・ファイブ,6,2023,,スコット・ベック/ブライアン・ウッズ,アダム・ドライバー/アリアナ・グリーンブラット/クロエ・コールマン,single,2026/9/20,https://res.cloudinary.com/hf9tv6vn/image/upload/55-141A.jpg,表面,portrait ,https://res.cloudinary.com/hf9tv6vn/image/upload/55-141B.jpg,裏面,landscape,,,,,,,
55-142,リトル・マーメイド,リ,2023,,ロブ・マーシャル,ハリー・ベイリー/ジョナ・ハウアー＝キング/ダヴィード・ディグス/オークワフィナ/ジェイコブ・トレンブレイ/ノーマ・ドゥメズウェニ/アート・マリック/ハビエル・バルデム/メリッサ・マッカーシー,single,2026/9/20,https://res.cloudinary.com/hf9tv6vn/image/upload/55-142A.jpg,表面,portrait ,https://res.cloudinary.com/hf9tv6vn/image/upload/55-142B.jpg,裏面,portrait,,,,,,,
55-143,リトル・マーメイド,リ,2023,,ロブ・マーシャル,ハリー・ベイリー/ジョナ・ハウアー＝キング/ダヴィード・ディグス/オークワフィナ/ジェイコブ・トレンブレイ/ノーマ・ドゥメズウェニ/アート・マリック/ハビエル・バルデム/メリッサ・マッカーシー,single,2026/9/20,https://res.cloudinary.com/hf9tv6vn/image/upload/55-143A.jpg,表面,portrait ,https://res.cloudinary.com/hf9tv6vn/image/upload/55-143B.jpg,裏面,portrait,,,,,,,
55-144,スパイダーマン:アクロス・ザ・スパイダーバース,ス,2023,,ホアキン・ドス・サントス/ケンプ・パワーズ/ジャスティン・K・トンプソン,シャメイク・ムーア/ヘイリー・スタインフェルド/ブライアン・タイリー・ヘンリー/ルナ・ローレン・ベレス/ジェイク・ジョンソン/ジェイソン・シュワルツマン/イッサ・レイ/カラン・ソーニ/シェー・ウィガム/グレタ・リー/ダニエル・カルーヤ/マハーシャラ・アリ/オスカー・アイザック,single,2026/9/20,https://res.cloudinary.com/hf9tv6vn/image/upload/55-144A.jpg,表面,landscape,https://res.cloudinary.com/hf9tv6vn/image/upload/55-144B.jpg,裏面,landscape,,,,,,,
55-145,スパイダーマン:アクロス・ザ・スパイダーバース,ス,2023,,ホアキン・ドス・サントス/ケンプ・パワーズ/ジャスティン・K・トンプソン,シャメイク・ムーア/ヘイリー・スタインフェルド/ブライアン・タイリー・ヘンリー/ルナ・ローレン・ベレス/ジェイク・ジョンソン/ジェイソン・シュワルツマン/イッサ・レイ/カラン・ソーニ/シェー・ウィガム/グレタ・リー/ダニエル・カルーヤ/マハーシャラ・アリ/オスカー・アイザック,single,2026/9/20,https://res.cloudinary.com/hf9tv6vn/image/upload/55-145A.jpg,表面,portrait ,https://res.cloudinary.com/hf9tv6vn/image/upload/55-145B.jpg,裏面,landscape,,,,,,,
55-146,ミッション:インポッシブル/デッドレコニング,ミ,2023,,クリストファー・マッカリー,トム・クルーズ/ヘイリー・アトウェル/ヴィング・レイムス/サイモン・ペッグ/レベッカ・ファーガソン/ヴァネッサ・カービー/イーサイ・モラレス/ポム・クレメンティエフ/ヘンリー・ツェニー,single,2026/9/20,https://res.cloudinary.com/hf9tv6vn/image/upload/55-146A.jpg,表面,portrait ,https://res.cloudinary.com/hf9tv6vn/image/upload/55-146B.jpg,裏面,portrait,,,,,,,
55-147,ミッション:インポッシブル/デッドレコニング,ミ,2023,,クリストファー・マッカリー,トム・クルーズ/ヘイリー・アトウェル/ヴィング・レイムス/サイモン・ペッグ/レベッカ・ファーガソン/ヴァネッサ・カービー/イーサイ・モラレス/ポム・クレメンティエフ/ヘンリー・ツェニー,single,2026/9/20,https://res.cloudinary.com/hf9tv6vn/image/upload/55-147A.jpg,表面,portrait ,https://res.cloudinary.com/hf9tv6vn/image/upload/55-147B.jpg,裏面,portrait,,,,,,,
55-148,ワイルド・スピード/ファイヤーブースト,ワ,2023,,ルイ・ルテリエ,ヴィン・ディーゼル/ミシェル・ロドリゲス/タイリース・ギブソン/クリス・“リュダクリス”・ブリッジス/ジョーダナ・ブリュースター/ナタリー・エマニュエル/サン・カン/マイケル・ルーカー/シャーリーズ・セロン/スコット・イーストウッド/カーディ・B/ジョン・シナ/ジェイソン・ステイサム/ジェイソン・モモア/ダニエラ・メルシオール/ブリー・ラーソン/アラン・リッチソン/リタ・モレノ,single,2026/9/20,https://res.cloudinary.com/hf9tv6vn/image/upload/55-148A.jpg,表面,portrait ,https://res.cloudinary.com/hf9tv6vn/image/upload/55-148B.jpg,裏面,portrait,,,,,,,
55-149,ワイルド・スピード/ファイヤーブースト,ワ,2023,,ルイ・ルテリエ,ヴィン・ディーゼル/ミシェル・ロドリゲス/タイリース・ギブソン/クリス・“リュダクリス”・ブリッジス/ジョーダナ・ブリュースター/ナタリー・エマニュエル/サン・カン/マイケル・ルーカー/シャーリーズ・セロン/スコット・イーストウッド/カーディ・B/ジョン・シナ/ジェイソン・ステイサム/ジェイソン・モモア/ダニエラ・メルシオール/ブリー・ラーソン/アラン・リッチソン/リタ・モレノ,bifold,2026/9/20,https://res.cloudinary.com/hf9tv6vn/image/upload/55-149A.jpg,表面,portrait ,https://res.cloudinary.com/hf9tv6vn/image/upload/55-149B.jpg,裏面,portrait,https://res.cloudinary.com/hf9tv6vn/image/upload/55-149C.jpg,中面,landscape,,,,
55-150,MEMORY メモリー,M,2022,,マーティン・キャンベル,リーアム・ニーソン/ガイ・ピアース/モニカ・ベルッチ/ハロルド・トレス/タジ・アトウォル/レイ・フィアロン,single,2026/9/20,https://res.cloudinary.com/hf9tv6vn/image/upload/55-150A.jpg,表面,portrait ,https://res.cloudinary.com/hf9tv6vn/image/upload/55-150B.jpg,裏面,portrait,,,,,,,
55-151,コンフィデンシャル:国際共助捜査,コ,2022,,イ・ソクフン,ヒョンビン/ユ・ヘジン/イム・ユナ/ダニエル・ヘニー/チン・ソンギュ,single,2026/9/21,https://res.cloudinary.com/hf9tv6vn/image/upload/55-151A.jpg,表面,portrait ,https://res.cloudinary.com/hf9tv6vn/image/upload/55-151B.jpg,裏面,portrait,,,,,,,
55-152,ザ・フラッシュ,ザ,2023,,アンディ・ムスキエティ,エズラ・ミラー/サッシャ・カジェ/マイケル・シャノン/ロン・リビングストン/マリベル・ベルドゥ/キアシー・クレモンズ/アンチュ・トラウェ/ベン・アフレック/マイケル・キートン,single,2026/9/21,https://res.cloudinary.com/hf9tv6vn/image/upload/55-152A.jpg,表面,portrait ,https://res.cloudinary.com/hf9tv6vn/image/upload/55-152B.jpg,裏面,landscape,,,,,,,
55-153,ザ・フラッシュ,ザ,2023,,アンディ・ムスキエティ,エズラ・ミラー/サッシャ・カジェ/マイケル・シャノン/ロン・リビングストン/マリベル・ベルドゥ/キアシー・クレモンズ/アンチュ・トラウェ/ベン・アフレック/マイケル・キートン,single,2026/9/21,https://res.cloudinary.com/hf9tv6vn/image/upload/55-153A.jpg,表面,portrait ,https://res.cloudinary.com/hf9tv6vn/image/upload/55-153B.jpg,裏面,landscape,,,,,,,
55-154,ホーンテッドマンション,ホ,2023,,ジャスティン・シミエン,ラキース・スタンフィールド/ティファニー・ハディッシュ/オーウェン・ウィルソン/ダニー・デヴィート/ロザリオ・ドーソン/ダン・レヴィ/ジェイミー・リー・カーティス/ジャレッド・レト,single,2026/9/21,https://res.cloudinary.com/hf9tv6vn/image/upload/55-154A.jpg,表面,portrait ,https://res.cloudinary.com/hf9tv6vn/image/upload/55-154B.jpg,裏面,portrait,,,,,,,
55-155,ホーンテッドマンション,ホ,2023,,ジャスティン・シミエン,ラキース・スタンフィールド/ティファニー・ハディッシュ/オーウェン・ウィルソン/ダニー・デヴィート/ロザリオ・ドーソン/ダン・レヴィ/ジェイミー・リー・カーティス/ジャレッド・レト,single,2026/9/21,https://res.cloudinary.com/hf9tv6vn/image/upload/55-155A.jpg,表面,portrait ,https://res.cloudinary.com/hf9tv6vn/image/upload/55-155B.jpg,裏面,portrait,,,,,,,
55-156,探偵マーロウ,タ,2022,,ニール・ジョーダン,リーアム・ニーソン/ダイアン・クルーガー/ジェシカ・ラング,single,2026/9/21,https://res.cloudinary.com/hf9tv6vn/image/upload/55-156A.jpg,表面,portrait ,https://res.cloudinary.com/hf9tv6vn/image/upload/55-156B.jpg,裏面,portrait,,,,,,,
55-157,兵馬俑の城,ヘ,2021,,リン・ヨンチャン,,single,2026/9/21,https://res.cloudinary.com/hf9tv6vn/image/upload/55-157A.jpg,表面,portrait ,https://res.cloudinary.com/hf9tv6vn/image/upload/55-157B.jpg,裏面,portrait,,,,,,,
55-158,ジョン・ウィック：コンセクエンス,ジ,2023,,チャド・スタエルスキ,キアヌ・リーブス/ドニー・イェン/ビル・スカルスガルド/ローレンス・フィッシュバーン/真田広之/シャミア・アンダーソン/ランス・レディック/リナ・サワヤマ/スコット・アドキンス/イアン・マクシェーン,single,2026/9/21,https://res.cloudinary.com/hf9tv6vn/image/upload/55-158A.jpg,表面,portrait ,https://res.cloudinary.com/hf9tv6vn/image/upload/55-158B.jpg,裏面,portrait,,,,,,,
55-159,私たちの声,ワ,2022,,ルシア・プエンソ/シルビア・カロッビオ/キャサリン・ハードウィック/タラジ・P・ヘンソン/呉美保/マリア・ソーレ・トニャッツィ/リーナ・ヤーダブ,マルゲリータ・ブイ/カーラ・デルビーニュ/ジャクリーン・フェルナンデス/ジェニファー・ハドソン/エバ・ロンゴリア/ポーレッタ・ワシントン/杏,single,2026/9/21,https://res.cloudinary.com/hf9tv6vn/image/upload/55-159A.jpg,表面,portrait ,https://res.cloudinary.com/hf9tv6vn/image/upload/55-159B.jpg,裏面,portrait,,,,,,,
55-160,バービー,バ,2023,,グレタ・ガーウィグ,マーゴット・ロビー/ライアン・ゴズリング,single,2026/9/21,https://res.cloudinary.com/hf9tv6vn/image/upload/55-160A.jpg,表面,portrait ,https://res.cloudinary.com/hf9tv6vn/image/upload/55-160B.jpg,裏面,landscape,,,,,,,
55-161,バービー,バ,2023,,グレタ・ガーウィグ,マーゴット・ロビー/ライアン・ゴズリング,bifold,2026/9/21,https://res.cloudinary.com/hf9tv6vn/image/upload/55-161A.jpg,表面,portrait ,https://res.cloudinary.com/hf9tv6vn/image/upload/55-161B.jpg,裏面,portrait,https://res.cloudinary.com/hf9tv6vn/image/upload/55-161C.jpg,中面,landscape,,,,
55-162,ヴァチカンのエクソシスト,ヴ,2023,,ジュリアス・エイヴァリー,ラッセル・クロウ/ダニエル・ゾヴァット/アレックス・エッソー/フランコ・ネロ,single,2026/9/21,https://res.cloudinary.com/hf9tv6vn/image/upload/55-162A.jpg,表面,portrait ,https://res.cloudinary.com/hf9tv6vn/image/upload/55-162B.jpg,裏面,landscape,,,,,,,
55-163,K.G.F: CHAPTER 1&CHAPTER 2,K,2018,,プラシャーント・ニール,ヤシュ/ラーマチャンドラ・ラージュ/シュリーニディ・シェッティ,single,2026/9/21,https://res.cloudinary.com/hf9tv6vn/image/upload/55-163A.jpg,表面,portrait ,https://res.cloudinary.com/hf9tv6vn/image/upload/55-163B.jpg,裏面,portrait,,,,,,,
55-164,ランガスタラム,ラ,2018,,スクマール,ラーム・チャラン/サマンタ・アッキネーニ/アーディ・ピニシェッティ/ジャガパティ・バーブ/プラカーシュ・ラージ/アナスーヤ・バラドワージ,single,2026/9/21,https://res.cloudinary.com/hf9tv6vn/image/upload/55-164A.jpg,表面,portrait ,https://res.cloudinary.com/hf9tv6vn/image/upload/55-164B.jpg,裏面,portrait,,,,,,,
55-165,ミュータント・タートルズ　ミュータント・パニック！,ミ,2023,,ジェフ・ロウ,マイカ・アビー/シャモン・ブラウン・Jr/ニコラス・カントゥ,single,2026/9/21,https://res.cloudinary.com/hf9tv6vn/image/upload/55-165A.jpg,表面,portrait ,https://res.cloudinary.com/hf9tv6vn/image/upload/55-165B.jpg,裏面,portrait,,,,,,,
55-166,ビデオドローム 4K ディレクターズカット版,ビ,2023,,デビッド・クローネンバーグ,ジェームズ・ウッズ,single,2026/9/21,https://res.cloudinary.com/hf9tv6vn/image/upload/55-166A.jpg,表面,portrait ,https://res.cloudinary.com/hf9tv6vn/image/upload/55-166B.jpg,裏面,portrait,,,,,,,
55-167,キャロル・オブ・ザ・ベル　家族の絆を奏でる詩（うた）,キ,2021,,オレシア・モルグレッツ＝イサイェンコ,ヤナ・コロリョーヴァ/アンドリー・モストレーンコ/ヨアンナ・オポズダ/ポリナ・グロモヴァ/フルィスティーナ・オレヒヴナ・ウシーツカ,single,2026/9/21,https://res.cloudinary.com/hf9tv6vn/image/upload/55-167A.jpg,表面,portrait ,https://res.cloudinary.com/hf9tv6vn/image/upload/55-167B.jpg,裏面,portrait,,,,,,,
55-168,ハント,ハ,2022,,イ・ジョンジェ,イ・ジョンジェ/チョン・ウソン/チョン・ヘジン/ホ・ソンテ/コ・ユンジョン/キム・ジョンス/チョン・マンシク/オ・マンソク,single,2026/9/21,https://res.cloudinary.com/hf9tv6vn/image/upload/55-168A.jpg,表面,portrait ,https://res.cloudinary.com/hf9tv6vn/image/upload/55-168B.jpg,裏面,portrait,,,,,,,
55-169,パウ・パトロール ザ・マイティ・ムービー,パ,2023,,カル・バンカー,,single,2026/9/21,https://res.cloudinary.com/hf9tv6vn/image/upload/55-169A.jpg,表面,portrait ,https://res.cloudinary.com/hf9tv6vn/image/upload/55-169B.jpg,裏面,portrait,,,,,,,
55-170,MEG ザ・モンスターズ2,M,2023,,ベン・ウィートリー,ジェイソン・ステイサム/ウー・ジン/ソフィア・ツァイ/ペイジ・ケネディ/セルヒオ・ペリス＝メンチェータ/スカイラー・サミュエルズ/シエンナ・ギロリー/クリフ・カーティス,single,2026/9/21,https://res.cloudinary.com/hf9tv6vn/image/upload/55-170A.jpg,表面,portrait ,https://res.cloudinary.com/hf9tv6vn/image/upload/55-170B.jpg,裏面,portrait,,,,,,,
55-171,オクス駅お化け,オ,2023,,チョン・ヨンギ,キム・ボラ/キム・ジェヒョン/シン・ソユル,single,2026/9/21,https://res.cloudinary.com/hf9tv6vn/image/upload/55-171A.jpg,表面,portrait ,https://res.cloudinary.com/hf9tv6vn/image/upload/55-171B.jpg,裏面,portrait,,,,,,,
55-172,Pearl パール,P,2022,,タイ・ウェスト,ミア・ゴス/デヴィッド・コレンスウェット/タンディ・ライト/マシュー・サンダーランド,single,2026/9/21,https://res.cloudinary.com/hf9tv6vn/image/upload/55-172A.jpg,表面,portrait ,https://res.cloudinary.com/hf9tv6vn/image/upload/55-172B.jpg,裏面,portrait,,,,,,,
55-173,Pearl パール,P,2022,,タイ・ウェスト,ミア・ゴス/デヴィッド・コレンスウェット/タンディ・ライト/マシュー・サンダーランド,single,2026/9/21,https://res.cloudinary.com/hf9tv6vn/image/upload/55-173A.jpg,表面,portrait ,https://res.cloudinary.com/hf9tv6vn/image/upload/55-173B.jpg,裏面,portrait,,,,,,,
55-174,裸足になって,ハ,2022,,ムニア・メドゥール,リナ・クードリ/ラシダ・ブラクニ/ナディア・カシ/アミラ・イルダ・ドゥアウダ/メリエム・メジケーン/ザーラ・ドゥモンディ,single,2026/9/21,https://res.cloudinary.com/hf9tv6vn/image/upload/55-174A.jpg,表面,portrait ,https://res.cloudinary.com/hf9tv6vn/image/upload/55-174B.jpg,裏面,portrait,,,,,,,
55-175,イノセンツ,イ,2021,,エスキル・フォクト,ラーケル・レノーラ・フレットゥム/アルヴァ・ブリンスモ・ラームスタ/ミナ・ヤスミン・ブレムセット・アシェイム/サム・アシュラフ/エレン・ドリト・ピーターセン/モーテン・シュバラ,single,2026/9/21,https://res.cloudinary.com/hf9tv6vn/image/upload/55-175A.jpg,表面,portrait ,https://res.cloudinary.com/hf9tv6vn/image/upload/55-175B.jpg,裏面,portrait,,,,,,,
55-176,ウィッシュ,ウ,2023,,クリス・バック/ファウン・ヴィーラスンソーン,アリアナ・デボーズ/クリス・パイン/アラン・テュディック/アンジェリーク・カブラル/ヴィクター・ガーバー/ナターシャ・ロスウェル/ハーヴィー・ギレン/エヴァン・ピーターズ/ラミー・ユセフ/ジョン・ルドニツスキー,single,2026/9/21,https://res.cloudinary.com/hf9tv6vn/image/upload/55-176A.jpg,表面,portrait ,https://res.cloudinary.com/hf9tv6vn/image/upload/55-176B.jpg,裏面,landscape,,,,,,,
55-177,ウィッシュ,ウ,2023,,クリス・バック/ファウン・ヴィーラスンソーン,アリアナ・デボーズ/クリス・パイン/アラン・テュディック/アンジェリーク・カブラル/ヴィクター・ガーバー/ナターシャ・ロスウェル/ハーヴィー・ギレン/エヴァン・ピーターズ/ラミー・ユセフ/ジョン・ルドニツスキー,bifold,2026/9/21,https://res.cloudinary.com/hf9tv6vn/image/upload/55-177A.jpg,表面,portrait ,https://res.cloudinary.com/hf9tv6vn/image/upload/55-177B.jpg,裏面,portrait,https://res.cloudinary.com/hf9tv6vn/image/upload/55-177C.jpg,中面,landscape,,,,
55-178,クエンティン・タランティーノ 映画に愛された男,ク,2019,,タラ・ウッド,ゾーイ・ベル/ブルース・ダーン/ロバート・フォスター/ジェイミー・フォックス/サミュエル・L・ジャクソン/ジェニファー・ジェイソン・リー/ダイアン・クルーガー/ルーシー・リュー/マイケル・マドセン/イーライ・ロス/ティム・ロス/カート・ラッセル/クリストフ・ヴァルツ,single,2026/9/21,https://res.cloudinary.com/hf9tv6vn/image/upload/55-178A.jpg,表面,portrait ,https://res.cloudinary.com/hf9tv6vn/image/upload/55-178B.jpg,裏面,portrait,,,,,,,
55-179,FLY!/フライ!,F,2023,,バンジャマン・レネール,クメイル・ナンジアニ/エリザベス・バンクス/キーガン＝マイケル・キー/オークワフィナ/ダニー・デヴィート,bifold,2026/9/21,https://res.cloudinary.com/hf9tv6vn/image/upload/55-179A.jpg,表面,portrait ,https://res.cloudinary.com/hf9tv6vn/image/upload/55-179B.jpg,裏面,portrait,https://res.cloudinary.com/hf9tv6vn/image/upload/55-179C.jpg,中面,landscape,,,,
55-180,トランスフォーマー/ビースト覚醒,ト,2023,,スティーヴン・ケイプル・ジュニア,アンソニー・ラモス/ドミニク・フィッシュバック/ルナ・ローレン・ヴェレス/ディーン・スコット・バスケス/トベ・ンウィーグウェ,single,2026/9/21,https://res.cloudinary.com/hf9tv6vn/image/upload/55-180A.jpg,表面,portrait ,https://res.cloudinary.com/hf9tv6vn/image/upload/55-180B.jpg,裏面,portrait,,,,,,,
55-181,トランスフォーマー/ビースト覚醒,ト,2023,,スティーヴン・ケイプル・ジュニア,アンソニー・ラモス/ドミニク・フィッシュバック/ルナ・ローレン・ヴェレス/ディーン・スコット・バスケス/トベ・ンウィーグウェ,bifold,2026/9/21,https://res.cloudinary.com/hf9tv6vn/image/upload/55-181A.jpg,表面,portrait ,https://res.cloudinary.com/hf9tv6vn/image/upload/55-181B.jpg,裏面,portrait,https://res.cloudinary.com/hf9tv6vn/image/upload/55-181C.jpg,中面,landscape,,,,
55-182,ザ・クリエイター/創造者,ザ,2023,,ギャレス・エドワーズ,ジョン・デヴィッド・ワシントン/ジェンマ・チャン/渡辺謙/スタージル・シンプソン/マデリン・ユナ・ヴォイルズ/アリソン・ジャネイ,single,2026/9/21,https://res.cloudinary.com/hf9tv6vn/image/upload/55-182A.jpg,表面,portrait ,https://res.cloudinary.com/hf9tv6vn/image/upload/55-182B.jpg,裏面,portrait,,,,,,,
55-183,ザ・クリエイター/創造者,ザ,2023,,ギャレス・エドワーズ,ジョン・デヴィッド・ワシントン/ジェンマ・チャン/渡辺謙/スタージル・シンプソン/マデリン・ユナ・ヴォイルズ/アリソン・ジャネイ,single,2026/9/21,https://res.cloudinary.com/hf9tv6vn/image/upload/55-183A.jpg,表面,portrait ,https://res.cloudinary.com/hf9tv6vn/image/upload/55-183B.jpg,裏面,portrait,,,,,,,
55-184,グランツーリスモ,グ,2023,,ニール・ブロムカンプ,デヴィッド・ハーバー/オーランド・ブルーム/アーチー・マデクウィ/ダレン・バーネット/ジェリ・ハリウェル＝ホーナー/ジャイモン・フンスー,single,2026/9/21,https://res.cloudinary.com/hf9tv6vn/image/upload/55-184A.jpg,表面,portrait ,https://res.cloudinary.com/hf9tv6vn/image/upload/55-184B.jpg,裏面,landscape,,,,,,,
55-185,名探偵ポアロ：ベネチアの亡霊,メ,2023,,ケネス・ブラナー,ケネス・ブラナー/カイル・アレン/カミーユ・コッタンジェイミー・ドーナン/ティナ・フェイ/ジュード・ヒル/アリ・カーン/エマ・レアード/ケリー・ライリー/リッカルド・スカマルチョ/ミシェル・ヨー,single,2026/9/21,https://res.cloudinary.com/hf9tv6vn/image/upload/55-185A.jpg,表面,portrait ,https://res.cloudinary.com/hf9tv6vn/image/upload/55-185B.jpg,裏面,portrait,,,,,,,
55-186,ウォンカとチョコレート工場のはじまり,ウ,2023,,ポール・キング,ティモテ・シャラメ/オリヴィア・コールマン/ヒュー・グラント/ケイラ・レーン/キーガン＝マイケル・キー/パターソン・ジョセフ/マット・ルーカス/マシュー・ベイントン/サリー・ホーキンス/ローワン・アトキンソン,single,2026/9/21,https://res.cloudinary.com/hf9tv6vn/image/upload/55-186A.jpg,表面,portrait ,https://res.cloudinary.com/hf9tv6vn/image/upload/55-186B.jpg,裏面,landscape,,,,,,,
55-187,ウォンカとチョコレート工場のはじまり,ウ,2023,,ポール・キング,ティモテ・シャラメ/オリヴィア・コールマン/ヒュー・グラント/ケイラ・レーン/キーガン＝マイケル・キー/パターソン・ジョセフ/マット・ルーカス/マシュー・ベイントン/サリー・ホーキンス/ローワン・アトキンソン,single,2026/9/21,https://res.cloudinary.com/hf9tv6vn/image/upload/55-187A.jpg,表面,portrait ,https://res.cloudinary.com/hf9tv6vn/image/upload/55-187B.jpg,裏面,landscape,,,,,,,
55-188,SISU シス　不死身の男,S,2023,,ヤルマリ・ヘランダー,ヨルマ・トンミラ/アクセル・ヘニー/ジャック・ドゥーラン/ミモサ・ヴィッラモ/オンニ・トンミラ,single,2026/9/21,https://res.cloudinary.com/hf9tv6vn/image/upload/55-188A.jpg,表面,portrait ,https://res.cloudinary.com/hf9tv6vn/image/upload/55-188B.jpg,裏面,portrait,,,,,,,
55-189,ドミノ,ド,2023,,ロバート・ロドリゲス,ベン・アフレック/アリシー・ブラガJ・D・パルド/ハラ・フィンリー/ダイオ・オケニイ/ジェフ・フェイヒー/ジャッキー・アール・ヘイリー/ウィリアム・フィクナー,single,2026/9/21,https://res.cloudinary.com/hf9tv6vn/image/upload/55-189A.jpg,表面,portrait ,https://res.cloudinary.com/hf9tv6vn/image/upload/55-189B.jpg,裏面,portrait,,,,,,,
55-190,Fair Play/フェアプレー,F,2023,,クロエ・ドモント,フィービー・ディネバー/オールデン・エアエンライク/エディ・マーサ ン/リッチ・ソマー/セバスチャン・デ・ソウザ/パトリック・フィッシュラー,single,2026/9/21,https://res.cloudinary.com/hf9tv6vn/image/upload/55-190A.jpg,表面,portrait ,,,,,,,,,,
55-191,PIGGY ピギー,P,2022,,カルロタ・ペレダ,ラウラ・ガラン/カルメン・マチ/リチャード・ホームズ/ピラール・カストロ,single,2026/9/21,https://res.cloudinary.com/hf9tv6vn/image/upload/55-191A.jpg,表面,portrait ,https://res.cloudinary.com/hf9tv6vn/image/upload/55-191B.jpg,裏面,portrait,,,,,,,
55-192,マーベルズ,マ,2023,,ニア・ダコスタ,ブリー・ラーソン/テヨナ・パリス/イマン・ヴェラーニ/ザウイ・アシュトン/ゲイリー・ルイス/パク・ソジュン/ゼノビア・シュロフ/モハン・カプール/サーガル・シェイク/サミュエル・L・ジャクソン,single,2026/9/21,https://res.cloudinary.com/hf9tv6vn/image/upload/55-192A.jpg,表面,portrait ,https://res.cloudinary.com/hf9tv6vn/image/upload/55-192B.jpg,裏面,portrait,,,,,,,
55-193,マーベルズ,マ,2023,,ニア・ダコスタ,ブリー・ラーソン/テヨナ・パリス/イマン・ヴェラーニ/ザウイ・アシュトン/ゲイリー・ルイス/パク・ソジュン/ゼノビア・シュロフ/モハン・カプール/サーガル・シェイク/サミュエル・L・ジャクソン,single,2026/9/21,https://res.cloudinary.com/hf9tv6vn/image/upload/55-193A.jpg,表面,portrait ,https://res.cloudinary.com/hf9tv6vn/image/upload/55-193B.jpg,裏面,landscape,,,,,,,
55-194,オペレーション・フォーチュン,オ,2023,,ガイ・リッチー,ジェイソン・ステイサム/オーブリー・プラザ/ジョシュ・ハートネット/ケイリー・エルウィス/バグジー・マローン/ヒュー・グラント,bifold,2026/9/21,https://res.cloudinary.com/hf9tv6vn/image/upload/55-194A.jpg,表面,portrait ,https://res.cloudinary.com/hf9tv6vn/image/upload/55-194B.jpg,裏面,portrait,https://res.cloudinary.com/hf9tv6vn/image/upload/55-194C.jpg,中面,landscape,,,,
55-195,クライムズ・オブ・ザ・フューチャー,ク,2022,,デヴィッド・クローネンバーグ,ヴィゴ・モーテンセン/レア・セドゥ/クリステン・スチュワート,single,2026/9/21,https://res.cloudinary.com/hf9tv6vn/image/upload/55-195A.jpg,表面,portrait ,https://res.cloudinary.com/hf9tv6vn/image/upload/55-195B.jpg,裏面,portrait,,,,,,,
55-196,エクソシスト 信じる者,エ,2023,,デヴィッド・ゴードン・グリーン,レスリー・オドム・Jr/リディア・ジュエット/オリヴィア・オニール/ジェニファー・ネトルズノーバート・レオ・バッツ/アン・ダウド/エレン・バースティン,single,2026/9/21,https://res.cloudinary.com/hf9tv6vn/image/upload/55-196A.jpg,表面,portrait ,https://res.cloudinary.com/hf9tv6vn/image/upload/55-196B.jpg,裏面,landscape,,,,,,,
55-197,ナポレオン,ナ,2023,,リドリー・スコット,ホアキン・フェニックス/ヴァネッサ・カービー,single,2026/9/21,https://res.cloudinary.com/hf9tv6vn/image/upload/55-197A.jpg,表面,portrait ,https://res.cloudinary.com/hf9tv6vn/image/upload/55-197B.jpg,裏面,portrait,,,,,,,
55-198,PERFECT DAYS,P,2023,,ヴィム・ヴェンダース,役所広司/柄本時生/中野有紗/アオイヤマダ/麻生祐未/石川さゆり/三浦友和/田中泯,single,2026/9/21,https://res.cloudinary.com/hf9tv6vn/image/upload/55-198A.jpg,表面,portrait ,https://res.cloudinary.com/hf9tv6vn/image/upload/55-198B.jpg,裏面,portrait,,,,,,,
55-199,ロスト・フライト,ロ,2023,,ジャン＝フランソワ・リシェ,ジェラルド・バトラー/マイク・コルター/ヨソン・アン/ダニエラ・ピネダ/トニー・ゴールドウィン,single,2026/9/21,https://res.cloudinary.com/hf9tv6vn/image/upload/55-199A.jpg,表面,portrait ,https://res.cloudinary.com/hf9tv6vn/image/upload/55-199B.jpg,裏面,portrait,,,,,,,
55-200,スラムドッグス,ス,2023,,ジョシュ・グリーンバウム,ウィル・フォーテ,single,2026/9/21,https://res.cloudinary.com/hf9tv6vn/image/upload/55-200A.jpg,表面,portrait ,https://res.cloudinary.com/hf9tv6vn/image/upload/55-200B.jpg,裏面,portrait,,,,,,,
Jan-54,"i ＆ i after Bob Marley 21,000miles",I,2009,,IZABA,リコ マイカル・ローズ/イエローマン ジュディ・モワット/リコ・ロドリゲス リタ・マーレー/マキシ・プリースト/ランキン・タクシー/ウインストン・マカナフ/ビーニ・マン/井上青/ジョー山中/ZEEBRA,single,2026/9/23,https://res.cloudinary.com/hf9tv6vn/image/upload/54-1A.jpg,表面,portrait ,https://res.cloudinary.com/hf9tv6vn/image/upload/54-1B.jpg,裏面,portrait,,,,,,,
Feb-54,ビバリーヒルズ・チワワ,ビ,2008,,ラジャ・ゴズネル,パイパー・ペラーボ/ドリュー・バリモア,single,2026/9/23,https://res.cloudinary.com/hf9tv6vn/image/upload/54-2A.jpg,表面,portrait ,https://res.cloudinary.com/hf9tv6vn/image/upload/54-2B.jpg,裏面,portrait,,,,,,,
Mar-54,エル・カンタンテ,エ,2006,,レオン・イチャソ,ジェニファー・ロペス/マーク・アンソニー,single,2026/9/23,https://res.cloudinary.com/hf9tv6vn/image/upload/54-3A.jpg,表面,portrait ,https://res.cloudinary.com/hf9tv6vn/image/upload/54-3B.jpg,裏面,portrait,,,,,,,
Apr-54,食客,シ,2007,,チョン・ユンス,キム・ガンウ/イム・ウォニ/イ・ハナ/チョン・ウンピョ/キム・サンホ/チョン・ジン/チョン・ジン/キム・ジンテ,single,2026/9/23,https://res.cloudinary.com/hf9tv6vn/image/upload/54-4A.jpg,表面,portrait ,https://res.cloudinary.com/hf9tv6vn/image/upload/54-4B.jpg,裏面,portrait,,,,,,,
May-54,食客,シ,2007,,チョン・ユンス,キム・ガンウ/イム・ウォニ/イ・ハナ/チョン・ウンピョ/キム・サンホ/チョン・ジン/チョン・ジン/キム・ジンテ,single,2026/9/23,https://res.cloudinary.com/hf9tv6vn/image/upload/54-5A.jpg,表面,portrait ,https://res.cloudinary.com/hf9tv6vn/image/upload/54-5B.jpg,裏面,portrait,,,,,,,
Jun-54,未来の食卓,ミ,2008,,ジャン＝ポール・ジョー,エドゥアール・ショーレ/ペリコ・ルガッス,single,2026/9/23,https://res.cloudinary.com/hf9tv6vn/image/upload/54-6A.jpg,表面,portrait ,https://res.cloudinary.com/hf9tv6vn/image/upload/54-6B.jpg,裏面,portrait,,,,,,,
Jul-54,愛を読むひと,ア,2008,,スティーブン・ダルドリー,ケイト・ウィンスレット/レイフ・ファインズ,bifold,2026/9/23,https://res.cloudinary.com/hf9tv6vn/image/upload/54-7A.jpg,表面,portrait ,https://res.cloudinary.com/hf9tv6vn/image/upload/54-7B.jpg,裏面,portrait,https://res.cloudinary.com/hf9tv6vn/image/upload/54-7C.jpg,中面,landscape,,,,
Aug-54,コネクテッド,コ,2008,,ベニー・チャン,ルイス・クー,single,2026/9/23,https://res.cloudinary.com/hf9tv6vn/image/upload/54-8A.jpg,表面,portrait ,https://res.cloudinary.com/hf9tv6vn/image/upload/54-8B.jpg,裏面,portrait,,,,,,,
Sep-54,サブウェイ123 激突,サ,2009,,トニー・スコット,ジョン・トラボルタ/デンゼル・ワシントン,single,2026/9/23,https://res.cloudinary.com/hf9tv6vn/image/upload/54-9A.jpg,表面,portrait ,https://res.cloudinary.com/hf9tv6vn/image/upload/54-9B.jpg,裏面,portrait,,,,,,,
Oct-54,"ノーボーイズ,ノークライ",ノ,2009,,キム・ヨンナム,妻夫木聡/ハ・ジョンウ,single,2026/9/23,https://res.cloudinary.com/hf9tv6vn/image/upload/54-10A.jpg,表面,portrait ,https://res.cloudinary.com/hf9tv6vn/image/upload/54-10B.jpg,裏面,portrait,,,,,,,
Nov-54,"ノーボーイズ,ノークライ",ノ,2009,,キム・ヨンナム,妻夫木聡/ハ・ジョンウ,single,2026/9/23,https://res.cloudinary.com/hf9tv6vn/image/upload/54-11A.jpg,表面,portrait ,https://res.cloudinary.com/hf9tv6vn/image/upload/54-11B.jpg,裏面,portrait,,,,,,,
Dec-54,ハリー・ポッターと謎のプリンス,ハ,2009,,デイビッド・イェーツ,ダニエル・ラドクリフ/ルパート・グリント/エマ・ワトソン/ヘレナ・ボナム＝カーター/ジム・ブロードベント/マイケル・ガンボン/アラン・リックマン/マギー・スミス/ティモシー・スポール/デヴィッド・シューリス/デイビッド・ブラッドリー/ワーウィック・デイヴィス/トム・フェルトン/ジェマ・ジョーンズ/ヘレン・マックロリー/ナタリア・テナ/ジュリー・ウォルターズ/マーク・ウィリアムズ/ボニー・ライト,single,2026/9/23,https://res.cloudinary.com/hf9tv6vn/image/upload/54-12A.jpg,表面,portrait ,https://res.cloudinary.com/hf9tv6vn/image/upload/54-12B.jpg,裏面,portrait,,,,,,,
54-13,ハリー・ポッターと謎のプリンス,ハ,2009,,デイビッド・イェーツ,ダニエル・ラドクリフ/ルパート・グリント/エマ・ワトソン/ヘレナ・ボナム＝カーター/ジム・ブロードベント/マイケル・ガンボン/アラン・リックマン/マギー・スミス/ティモシー・スポール/デヴィッド・シューリス/デイビッド・ブラッドリー/ワーウィック・デイヴィス/トム・フェルトン/ジェマ・ジョーンズ/ヘレン・マックロリー/ナタリア・テナ/ジュリー・ウォルターズ/マーク・ウィリアムズ/ボニー・ライト,single,2026/9/23,https://res.cloudinary.com/hf9tv6vn/image/upload/54-13A.jpg,表面,portrait ,https://res.cloudinary.com/hf9tv6vn/image/upload/54-13B.jpg,裏面,portrait,,,,,,,
54-14,ドゥームズデイ,ド,2008,,ニール・マーシャル,ローナ・ミトラ/ボブ・ホスキンス/エイドリアン・レスター/デヴィッド・オハラ/マルコム・マクダウェル,single,2026/9/23,https://res.cloudinary.com/hf9tv6vn/image/upload/54-14A.jpg,表面,portrait ,https://res.cloudinary.com/hf9tv6vn/image/upload/54-14B.jpg,裏面,portrait,,,,,,,
54-15,戦場でワルツを,セ,2008,,アリ・フォルマン,アリ・フォルマン,single,2026/9/23,https://res.cloudinary.com/hf9tv6vn/image/upload/54-15A.jpg,表面,portrait ,https://res.cloudinary.com/hf9tv6vn/image/upload/54-15B.jpg,裏面,portrait,,,,,,,
54-16,30デイズ・ナイト,3,2007,,デヴィッド・スレイド,ジョシュ・ハートネット,single,2026/9/23,https://res.cloudinary.com/hf9tv6vn/image/upload/54-16A.jpg,表面,portrait ,https://res.cloudinary.com/hf9tv6vn/image/upload/54-16B.jpg,裏面,portrait,,,,,,,
54-17,96時間,9,2008,,ピエール・モレル,リーアム・ニーソン/マギー・グレイス/ファムケ・ヤンセン,single,2026/9/23,https://res.cloudinary.com/hf9tv6vn/image/upload/54-17A.jpg,表面,portrait ,https://res.cloudinary.com/hf9tv6vn/image/upload/54-17B.jpg,裏面,portrait,,,,,,,
54-18,そんな彼なら捨てちゃえば?,ソ,2009,,ケン・クワピス,ベン・アフレック/ジェニファー・アニストン/ドリュー・バリモア/ジェニファー・コネリー/ケヴィン・コナリー/ブラッドリー・クーパー/ジニファー・グッドウィン/スカーレット・ヨハンソン/クリス・クリストファーソン/ジャスティン・ロング,single,2026/9/23,https://res.cloudinary.com/hf9tv6vn/image/upload/54-18A.jpg,表面,portrait ,https://res.cloudinary.com/hf9tv6vn/image/upload/54-18B.jpg,裏面,portrait,,,,,,,
54-19,セブンデイズ,セ,2009,,ウォン・シニョン,キム・ユンジン,single,2026/9/23,https://res.cloudinary.com/hf9tv6vn/image/upload/54-19A.jpg,表面,portrait ,https://res.cloudinary.com/hf9tv6vn/image/upload/54-19B.jpg,裏面,portrait,,,,,,,
54-20,ダニエル/悪魔の赤ちゃん,ダ,2008,,ジョセフ・ラスナック,ビジュー・フィリップス/ジェームズ・マーレイ/ラファエル・コールマン,single,2026/9/23,https://res.cloudinary.com/hf9tv6vn/image/upload/54-20A.jpg,表面,portrait ,https://res.cloudinary.com/hf9tv6vn/image/upload/54-20B.jpg,裏面,portrait,,,,,,,
54-21,The Present,T,2009,,トーマス・キャンベル,ダン・マロイ/カシア・メドー/ハリソン・ローチ/ロブ・マチャド,single,2026/9/23,https://res.cloudinary.com/hf9tv6vn/image/upload/54-21A.jpg,表面,portrait ,https://res.cloudinary.com/hf9tv6vn/image/upload/54-21B.jpg,裏面,portrait,,,,,,,
54-22,バスティン・ダウン・ザ・ドア,バ,2008,,ジェレミー・ゴッシュ,ウェイン・“ラビット”・バーソロミュー/イアン・カーンズ/マーク・リチャーズ/ショーン・トムソン/ピーター・タウネンド/トム・カレン/ケリー・スレイター/ドリュー・カンピオン/エディ・ロスマン/フレッド・ヘミングス/ロブ・マチャド,single,2026/9/23,https://res.cloudinary.com/hf9tv6vn/image/upload/54-22A.jpg,表面,portrait ,https://res.cloudinary.com/hf9tv6vn/image/upload/54-22B.jpg,裏面,portrait,,,,,,,
54-23,マックス・ペイン,マ,2008,,ジョン・ムーア,マーク・ウォールバーグ/ボー・ブリッジス/アマウリー・ノラスコ/ミラ・クニスオルガ・キュリレンコ/クリス・“リュダクリス”・ブリッジス/クリス・オドネル,single,2026/9/23,https://res.cloudinary.com/hf9tv6vn/image/upload/54-23A.jpg,表面,portrait ,https://res.cloudinary.com/hf9tv6vn/image/upload/54-23B.jpg,裏面,portrait,,,,,,,
54-24,夏時間の庭,ナ,2008,,オリヴィエ・アサヤス,ジュリエット・ビノシュ/シャルル・ベルリング/エディット・スコブ,bifold,2026/9/23,https://res.cloudinary.com/hf9tv6vn/image/upload/54-24A.jpg,表面,portrait ,https://res.cloudinary.com/hf9tv6vn/image/upload/54-24B.jpg,裏面,portrait,https://res.cloudinary.com/hf9tv6vn/image/upload/54-24C.jpg,中面,landscape,,,,
54-25,トーマスをすくえ!! ミステリーマウンテン,ト,2008,,スティーブ・アスキス,,single,2026/9/23,https://res.cloudinary.com/hf9tv6vn/image/upload/54-25A.jpg,表面,portrait ,https://res.cloudinary.com/hf9tv6vn/image/upload/54-25B.jpg,裏面,portrait,,,,,,,
54-26,パティ・スミス：ドリーム・オブ・ライフ,パ,2008,,スティーヴン・セブリング,パティ・スミス/ジェイ・ディー・ドハーティ/フリー/フィリップ・グラス/レニー・ケイ,single,2026/9/23,https://res.cloudinary.com/hf9tv6vn/image/upload/54-26A.jpg,表面,portrait ,https://res.cloudinary.com/hf9tv6vn/image/upload/54-26B.jpg,裏面,portrait,,,,,,,
54-27,屋根裏のポムネンカ,ヤ,2009,,イジー・バルタ,イジー・ラーブス/ルチエ・ペルメトヴァー/ボリス・ヒブネル/イヴァン・トロヤン/ウラディミール・ヤヴォルスキー/バルボラ・フルザーノヴァー/ナダ・コンヴァリンコヴァー/ペトル・ナーロズニー/ミロスラフ・タボルスキー,single,2026/9/23,https://res.cloudinary.com/hf9tv6vn/image/upload/54-27A.jpg,表面,portrait ,https://res.cloudinary.com/hf9tv6vn/image/upload/54-27B.jpg,裏面,portrait,,,,,,,
54-28,あの日/欲望の大地で,ア,2008,,ギジェルモ・アリアガ,シャーリーズ・セロン/キム・ベイシンガー/ジェニファー・ローレンス,single,2026/9/23,https://res.cloudinary.com/hf9tv6vn/image/upload/54-28A.jpg,表面,portrait ,https://res.cloudinary.com/hf9tv6vn/image/upload/54-28B.jpg,裏面,portrait,,,,,,,
54-29,ディズニーネイチャー　フラミンゴに隠された地球の秘密,デ,2008,,マシュー・エバーハード/リーンダー・ワード,,bifold,2026/9/23,https://res.cloudinary.com/hf9tv6vn/image/upload/54-29A.jpg,表面,portrait ,https://res.cloudinary.com/hf9tv6vn/image/upload/54-29B.jpg,裏面,portrait,https://res.cloudinary.com/hf9tv6vn/image/upload/54-29C.jpg,中面,landscape,,,,
54-30,ライアン・ラーキン　路上に咲いたアニメーション,ラ,2009,,ライアン・ラーキン/クリス・ランドレス/ローレンス・グリーン/ローリー・ゴードン,,single,2026/9/23,https://res.cloudinary.com/hf9tv6vn/image/upload/54-30A.jpg,表面,portrait ,https://res.cloudinary.com/hf9tv6vn/image/upload/54-30B.jpg,裏面,portrait,,,,,,,
54-31,アンナと過ごした4日間,ア,2008,,イエジー・スコリモフスキ,アルトゥル・ステランコ/キンガ・プレイス/イエジー・フェドロヴィチ/バルバラ・コウォジェイスカ,single,2026/9/23,https://res.cloudinary.com/hf9tv6vn/image/upload/54-31A.jpg,表面,portrait ,https://res.cloudinary.com/hf9tv6vn/image/upload/54-31B.jpg,裏面,portrait,,,,,,,
54-32,ウルヴァリン:X-MEN ZERO,ウ,2009,,ギャヴィン・フッド,ヒュー・ジャックマン/リーヴ・シュレイバー/ダニー・ヒューストン/リン・コリンズ/ライアン・レイノルズ,single,2026/9/23,https://res.cloudinary.com/hf9tv6vn/image/upload/54-32A.jpg,表面,portrait ,https://res.cloudinary.com/hf9tv6vn/image/upload/54-32B.jpg,裏面,portrait,,,,,,,
54-33,ポンペイ/雲の下に生きる,ポ,2025,,ジャンフランコ・ロージ,,single,2026/9/23,https://res.cloudinary.com/hf9tv6vn/image/upload/54-33A.jpg,表面,portrait ,https://res.cloudinary.com/hf9tv6vn/image/upload/54-33B.jpg,裏面,portrait,,,,,,,
54-34,トランスポーター3 アンリミテッド,ト,2008,,オリヴィエ・メガトン,ジェイソン・ステイサム/ナタリア・ルダコーワ/ロバート・ネッパー,single,2026/9/23,https://res.cloudinary.com/hf9tv6vn/image/upload/54-34A.jpg,表面,portrait ,https://res.cloudinary.com/hf9tv6vn/image/upload/54-34B.jpg,裏面,portrait,,,,,,,
54-35,劇場版ムーミン パペット・アニメーション 〜ムーミン谷の夏まつり〜,ゲ,2008,,マリア・リンドバーグ,,single,2026/9/23,https://res.cloudinary.com/hf9tv6vn/image/upload/54-35A.jpg,表面,portrait ,https://res.cloudinary.com/hf9tv6vn/image/upload/54-35B.jpg,裏面,portrait,,,,,,,
54-36,ポー川のひかり,ポ,2007,,エルマンノ・オルミ,ラズ・デガン,single,2026/9/23,https://res.cloudinary.com/hf9tv6vn/image/upload/54-36A.jpg,表面,portrait ,https://res.cloudinary.com/hf9tv6vn/image/upload/54-36B.jpg,裏面,portrait,,,,,,,
54-37,グッド・バッド・ウィアード,グ,2008,,キム・ジウン,チョン・ウソン/イ・ビョンホン/ソン・ガンホ,single,2026/9/23,https://res.cloudinary.com/hf9tv6vn/image/upload/54-37A.jpg,表面,portrait ,https://res.cloudinary.com/hf9tv6vn/image/upload/54-37B.jpg,裏面,portrait,,,,,,,
54-38,あなたが母親の手料理を食べられる回数は/あとどれくらい残ってますか？,ア,2026,,キム・テヨン,チェ・ウシク/チャン・ヘジン/コン・スンヨン,single,2026/9/23,https://res.cloudinary.com/hf9tv6vn/image/upload/54-38A.jpg,表面,portrait ,https://res.cloudinary.com/hf9tv6vn/image/upload/54-38B.jpg,裏面,portrait,,,,,,,
54-39,ナイト ミュージアム2,ナ,2009,,ショーン・レヴィ,ベン・スティラー/エイミー・アダムス/オーウェン・ウィルソン/ハンク・アザリア/クリストファー・ゲスト/アラン・シャバ/ロビン・ウィリアムズ,bifold,2026/9/23,https://res.cloudinary.com/hf9tv6vn/image/upload/54-39A.jpg,表面,portrait ,https://res.cloudinary.com/hf9tv6vn/image/upload/54-39B.jpg,裏面,portrait,https://res.cloudinary.com/hf9tv6vn/image/upload/54-39C.jpg,中面,landscape,,,,
54-40,モンスターVSエイリアン,モ,2009,,ロブ・レターマン/コンラッド・ヴァーノン,リース・ウィザースプーン,bifold,2026/9/23,https://res.cloudinary.com/hf9tv6vn/image/upload/54-40A.jpg,表面,portrait ,https://res.cloudinary.com/hf9tv6vn/image/upload/54-40B.jpg,裏面,portrait,https://res.cloudinary.com/hf9tv6vn/image/upload/54-40C.jpg,中面,landscape,,,,
54-41,地下鉄のザジ　完全修復ニュープリント版,チ,2009,,ルイ・マル,カトリーヌ・ドモンジョ/ フィリップ・ノワレ/カルラ・マルリエ,single,2026/9/23,https://res.cloudinary.com/hf9tv6vn/image/upload/54-41A.jpg,表面,portrait ,https://res.cloudinary.com/hf9tv6vn/image/upload/54-41B.jpg,裏面,portrait,,,,,,,
54-42,くもりときどきミートボール,ク,2009,,フィル・ロード/クリストファー・ミラー,ビル・ヘイダー/アンナ・ファリス/ミスターT/ジェームズ・カーン/ブルース・キャンベル/アンディ・サムバーグ,single,2026/9/23,https://res.cloudinary.com/hf9tv6vn/image/upload/54-42A.jpg,表面,portrait ,https://res.cloudinary.com/hf9tv6vn/image/upload/54-42B.jpg,裏面,portrait,,,,,,,
54-43,千年の祈り,セ,2007,,ウェイン・ワン,ヘンリー・オー/フェイ・ユー,single,2026/9/23,https://res.cloudinary.com/hf9tv6vn/image/upload/54-43A.jpg,表面,portrait ,https://res.cloudinary.com/hf9tv6vn/image/upload/54-43B.jpg,裏面,portrait,,,,,,,
54-44,G.I.ジョー,G,2009,,スティーヴン・ソマーズ,チャニング・テイタム/レイチェル・ニコルズ/マーロン・ウェイアンズ/シエナ・ミラー/イ・ビョンホン/レイ・パーク/クリストファー・エクルストン/ジョセフ・ゴードン＝レヴィット/デニス・クエイド,quadfold,2026/9/23,https://res.cloudinary.com/hf9tv6vn/image/upload/54-44A.jpg,表面,landscape,https://res.cloudinary.com/hf9tv6vn/image/upload/54-44B.jpg,裏面,landscape,https://res.cloudinary.com/hf9tv6vn/image/upload/54-44C.jpg,中面,landscape,https://res.cloudinary.com/hf9tv6vn/image/upload/54-44D.jpg,中面,landscape,
54-45,G.I.ジョー,G,2009,,スティーヴン・ソマーズ,チャニング・テイタム/レイチェル・ニコルズ/マーロン・ウェイアンズ/シエナ・ミラー/イ・ビョンホン/レイ・パーク/クリストファー・エクルストン/ジョセフ・ゴードン＝レヴィット/デニス・クエイド,single,2026/9/23,https://res.cloudinary.com/hf9tv6vn/image/upload/54-45A.jpg,表面,portrait ,https://res.cloudinary.com/hf9tv6vn/image/upload/54-45B.jpg,裏面,portrait,,,,,,,
54-46,マーシャル博士の恐竜ランド,マ,2009,,ブラッド・シルバーリング,ウィル・フェレル/ダニー・マクブライド,single,2026/9/23,https://res.cloudinary.com/hf9tv6vn/image/upload/54-46A.jpg,表面,portrait ,https://res.cloudinary.com/hf9tv6vn/image/upload/54-46B.jpg,裏面,portrait,,,,,,,
54-47,"ノーボーイズ,ノークライ",ノ,2009,,キム・ヨンナム,妻夫木聡/ハ・ジョンウ,single,2026/9/23,https://res.cloudinary.com/hf9tv6vn/image/upload/54-47A.jpg,表面,portrait ,https://res.cloudinary.com/hf9tv6vn/image/upload/54-47B.jpg,裏面,portrait,,,,,,,
54-48,THE ダイエット！,T,2007,,関口祐加,関口祐加,single,2026/9/23,https://res.cloudinary.com/hf9tv6vn/image/upload/54-48A.jpg,表面,portrait ,https://res.cloudinary.com/hf9tv6vn/image/upload/54-48B.jpg,裏面,portrait,,,,,,,
54-49,あなたは私の婿になる,ア,2009,,アン・フレッチャー,サンドラ・ブロック/ライアン・レイノルズ,single,2026/9/23,https://res.cloudinary.com/hf9tv6vn/image/upload/54-49A.jpg,表面,portrait ,https://res.cloudinary.com/hf9tv6vn/image/upload/54-49B.jpg,裏面,portrait,,,,,,,
54-50,狼の死刑宣告,オ,2007,,ジェームズ・ワン,ケヴィン・ベーコン/ギャレット・ヘドランド/ケリー・プレストン/アイシャ・タイラー/ジョン・グッドマン,single,2026/9/23,https://res.cloudinary.com/hf9tv6vn/image/upload/54-50A.jpg,表面,portrait ,https://res.cloudinary.com/hf9tv6vn/image/upload/54-50B.jpg,裏面,portrait,,,,,,,
54-51,狼の死刑宣告,オ,2007,,ジェームズ・ワン,ケヴィン・ベーコン/ギャレット・ヘドランド/ケリー・プレストン/アイシャ・タイラー/ジョン・グッドマン,single,2026/9/23,https://res.cloudinary.com/hf9tv6vn/image/upload/54-51A.jpg,表面,portrait ,https://res.cloudinary.com/hf9tv6vn/image/upload/54-51B.jpg,裏面,portrait,,,,,,,
54-52,母なる証明,ハ,2009,,ポン・ジュノ,キム・ヘジャ/ウォンビン/チン・グ,single,2026/9/23,https://res.cloudinary.com/hf9tv6vn/image/upload/54-52A.jpg,表面,portrait ,https://res.cloudinary.com/hf9tv6vn/image/upload/54-52B.jpg,裏面,portrait,,,,,,,
54-53,屋根裏のポムネンカ,ヤ,2009,,イジー・バルタ,イジー・ラーブス/ルチエ・ペルメトヴァー/ボリス・ヒブネル/イヴァン・トロヤン/ウラディミール・ヤヴォルスキー/バルボラ・フルザーノヴァー/ナダ・コンヴァリンコヴァー/ペトル・ナーロズニー/ミロスラフ・タボルスキー,single,2026/9/23,https://res.cloudinary.com/hf9tv6vn/image/upload/54-53A.jpg,表面,portrait ,https://res.cloudinary.com/hf9tv6vn/image/upload/54-53B.jpg,裏面,portrait,,,,,,,
54-54,意志の勝利　リバイバル,イ,2009,,レニ・リーフェンシュタール,アドルフ・ヒトラー/ルドルフ・ヘス/ロベルト・ライ/ヨーゼフ・ゲッベルスヘルマン・ゲーリング/ハインリヒ・ヒムラー/フィクトール・ルッツェ/アルフレート・ローゼンベルク,single,2026/9/23,https://res.cloudinary.com/hf9tv6vn/image/upload/54-54A.jpg,表面,portrait ,https://res.cloudinary.com/hf9tv6vn/image/upload/54-54B.jpg,裏面,portrait,,,,,,,
54-55,私の中のあなた,ワ,2009,,ニック・カサヴェテス,キャメロン・ディアス/アビゲイル・ブレスリン/アレック・ボールドウィン/ジェイソン・パトリック/ソフィア・ヴァジリーヴァ/ジョーン・キューザック,single,2026/9/23,https://res.cloudinary.com/hf9tv6vn/image/upload/54-55A.jpg,表面,portrait ,https://res.cloudinary.com/hf9tv6vn/image/upload/54-55B.jpg,裏面,portrait,,,,,,,
54-56,男と女の不都合な真実,オ,2009,,ロバート・ルケティック,キャサリン・ハイグル/ジェラルド・バトラー/エリック・ウィンター/ジョン・マイケル・ヒギンズ/ニック・サーシー/ケヴィン・コノリー/シェリル・ハインズ,single,2026/9/23,https://res.cloudinary.com/hf9tv6vn/image/upload/54-56A.jpg,表面,portrait ,https://res.cloudinary.com/hf9tv6vn/image/upload/54-56B.jpg,裏面,portrait,,,,,,,
54-57,副王家の一族,フ,2007,,ロベルト・ファエンツァ,アレッサンドロ・プレツィオージ/ランド・ブッツァンカ/クリスティーナ・カポトンディ/グイド・カプリーノ/フランコ・ブランチャローリ/ルチア・ボゼー,single,2026/9/23,https://res.cloudinary.com/hf9tv6vn/image/upload/54-57A.jpg,表面,portrait ,https://res.cloudinary.com/hf9tv6vn/image/upload/54-57B.jpg,裏面,portrait,,,,,,,
54-58,シャッター アイランド,シ,2010,,マーティン・スコセッシ,レオナルド・ディカプリオ/マーク・ラファロ,single,2026/9/23,https://res.cloudinary.com/hf9tv6vn/image/upload/54-58A.jpg,表面,portrait ,https://res.cloudinary.com/hf9tv6vn/image/upload/54-58B.jpg,裏面,portrait,,,,,,,
54-59,ホースメン,ホ,2009,,ジョナス・アカーランド,デニス・クエイド/チャン・ツィイー,single,2026/9/23,https://res.cloudinary.com/hf9tv6vn/image/upload/54-59A.jpg,表面,portrait ,https://res.cloudinary.com/hf9tv6vn/image/upload/54-59B.jpg,裏面,portrait,,,,,,,
54-60,斬撃-ZANGEKI-,ザ,2009,,リチャード・クルード,スティーヴン・セガール,single,2026/9/23,https://res.cloudinary.com/hf9tv6vn/image/upload/54-60A.jpg,表面,portrait ,https://res.cloudinary.com/hf9tv6vn/image/upload/54-60B.jpg,裏面,portrait,,,,,,,
54-61,Disney's クリスマス・キャロル,D,2009,,ロバート・ゼメキス,ジム・キャリー/ゲーリー・オールドマン/ロビン・ライト/コリン・ファース/ボブ・ホスキンス/ケーリー・エルウェス/フェイ・マスターソン/ダリル・サバラ,single,2026/9/23,https://res.cloudinary.com/hf9tv6vn/image/upload/54-61A.jpg,表面,portrait ,https://res.cloudinary.com/hf9tv6vn/image/upload/54-61B.jpg,裏面,portrait,,,,,,,
54-62,カールじいさんの空飛ぶ家,カ,2009,,ピート・ドクター/ボブ・ピーターソン,エドワード・アズナー/ジョーダン・ナガイ/ピート・ドクター/ボブ・ピーターソンクリストファー・プラマー/エリザベス・ドクター,single,2026/9/23,https://res.cloudinary.com/hf9tv6vn/image/upload/54-62A.jpg,表面,portrait ,https://res.cloudinary.com/hf9tv6vn/image/upload/54-62B.jpg,裏面,portrait,,,,,,,
54-63,カールじいさんの空飛ぶ家,カ,2009,,ピート・ドクター/ボブ・ピーターソン,エドワード・アズナー/ジョーダン・ナガイ/ピート・ドクター/ボブ・ピーターソンクリストファー・プラマー/エリザベス・ドクター,bifold,2026/9/23,https://res.cloudinary.com/hf9tv6vn/image/upload/54-63A.jpg,表面,portrait ,https://res.cloudinary.com/hf9tv6vn/image/upload/54-63B.jpg,裏面,portrait,https://res.cloudinary.com/hf9tv6vn/image/upload/54-63C.jpg,中面,landscape,,,,
54-64,ワイルド・スピード MAX,ワ,2009,,ジャスティン・リン,ヴィン・ディーゼル/ポール・ウォーカー/ミシェル・ロドリゲス/ジョーダナ・ブリュースター/ジョン・オーティス/ラズ・アロンソ/ガル・ガドット,single,2026/9/23,https://res.cloudinary.com/hf9tv6vn/image/upload/54-64A.jpg,表面,portrait ,https://res.cloudinary.com/hf9tv6vn/image/upload/54-64B.jpg,裏面,landscape,,,,,,,
54-65,ワイルド・スピード MAX,ワ,2009,,ジャスティン・リン,ヴィン・ディーゼル/ポール・ウォーカー/ミシェル・ロドリゲス/ジョーダナ・ブリュースター/ジョン・オーティス/ラズ・アロンソ/ガル・ガドット,single,2026/9/23,https://res.cloudinary.com/hf9tv6vn/image/upload/54-65A.jpg,表面,landscape,https://res.cloudinary.com/hf9tv6vn/image/upload/54-65B.jpg,裏面,landscape,,,,,,,
54-66,アバンチュールはパリで,ア,2008,,ホン・サンス,キム・ヨンホ/パク・ウネ,single,2026/9/23,https://res.cloudinary.com/hf9tv6vn/image/upload/54-66A.jpg,表面,portrait ,https://res.cloudinary.com/hf9tv6vn/image/upload/54-66B.jpg,裏面,portrait,,,,,,,
54-67,赤と黒　デジタルリマスター版,ア,2009,,クロード・オータン＝ララ,ジェラール・フィリップ/ダニエル・ダリュー/アントネラ・ルアルディ,bifold,2026/9/23,https://res.cloudinary.com/hf9tv6vn/image/upload/54-67A.jpg,表面,portrait ,https://res.cloudinary.com/hf9tv6vn/image/upload/54-67B.jpg,裏面,portrait,https://res.cloudinary.com/hf9tv6vn/image/upload/54-67C.jpg,中面,landscape,,,,
54-68,ココ・アヴァン・シャネル,コ,2009,,アンヌ・フォンテーヌ,オドレイ・トトゥ/ブノワ・ポールヴールド,single,2026/9/23,https://res.cloudinary.com/hf9tv6vn/image/upload/54-68A.jpg,表面,portrait ,https://res.cloudinary.com/hf9tv6vn/image/upload/54-68B.jpg,裏面,portrait,,,,,,,
54-69,ココ・アヴァン・シャネル,コ,2009,,アンヌ・フォンテーヌ,オドレイ・トトゥ/ブノワ・ポールヴールド,single,2026/9/23,https://res.cloudinary.com/hf9tv6vn/image/upload/54-69A.jpg,表面,portrait ,https://res.cloudinary.com/hf9tv6vn/image/upload/54-69B.jpg,裏面,portrait,,,,,,,
54-70,シャネル アンド ストラヴィンスキー,シ,2009,,ヤン・クーネン,アナ・ムグラリス/マッツ・ミケルセン,single,2026/9/23,https://res.cloudinary.com/hf9tv6vn/image/upload/54-70A.jpg,表面,portrait ,https://res.cloudinary.com/hf9tv6vn/image/upload/54-70B.jpg,裏面,portrait,,,,,,,
54-71,ウイグルからきた少年,ウ,2008,,佐野伸寿,ラスール・ウルミリャロフ/カエサル・ドイセハノフアナスタシア・ビルツォーバ/ダルジャン・オミルバエフ,single,2026/9/23,https://res.cloudinary.com/hf9tv6vn/image/upload/54-71A.jpg,表面,portrait ,https://res.cloudinary.com/hf9tv6vn/image/upload/54-71B.jpg,裏面,portrait,,,,,,,
54-72,マーターズ,マ,2008,,パスカル・ロウジェ,モルジャーナ・アラウィ/ミレーヌ・ジャンパノイ,single,2026/9/23,https://res.cloudinary.com/hf9tv6vn/image/upload/54-72A.jpg,表面,portrait ,https://res.cloudinary.com/hf9tv6vn/image/upload/54-72B.jpg,裏面,portrait,,,,,,,
54-73,マーターズ,マ,2008,,パスカル・ロウジェ,モルジャーナ・アラウィ/ミレーヌ・ジャンパノイ,single,2026/9/23,https://res.cloudinary.com/hf9tv6vn/image/upload/54-73A.jpg,表面,portrait ,https://res.cloudinary.com/hf9tv6vn/image/upload/54-73B.jpg,裏面,portrait,,,,,,,
54-74,ハイウォーター,ハ,2009,,デイナ・ブラウン,サニー・ガルシア/ケリー・スレーター/トム・カレン/ロシェル・バラード,single,2026/9/23,https://res.cloudinary.com/hf9tv6vn/image/upload/54-74A.jpg,表面,portrait ,https://res.cloudinary.com/hf9tv6vn/image/upload/54-74B.jpg,裏面,portrait,,,,,,,
54-75,2012,2,2009,,ローランド・エメリッヒ,ジョン・キューザック/アマンダ・ピート/ダニー・グローヴァー/タンディ・ニュートン/オリヴァー・プラットキウェテル・イジョフォー/ウディ・ハレルソン/ジョージ・シーガル,single,2026/9/23,https://res.cloudinary.com/hf9tv6vn/image/upload/54-75A.jpg,表面,portrait ,https://res.cloudinary.com/hf9tv6vn/image/upload/54-75B.jpg,裏面,portrait,,,,,,,
54-76,リミッツ・オブ・コントロール,リ,2009,,ジム・ジャームッシュ,イザック・ド・バンコレ/ティルダ・スウィントン/ジョン・ハート/ガエル・ガルシア・ベルナル/ビル・マーレイ,single,2026/9/23,https://res.cloudinary.com/hf9tv6vn/image/upload/54-76A.jpg,表面,portrait ,https://res.cloudinary.com/hf9tv6vn/image/upload/54-76B.jpg,裏面,portrait,,,,,,,
54-77,宇宙へ。（そらへ。）,ソ,2009,,リチャード・デイル,,single,2026/9/23,https://res.cloudinary.com/hf9tv6vn/image/upload/54-77A.jpg,表面,portrait ,https://res.cloudinary.com/hf9tv6vn/image/upload/54-77B.jpg,裏面,portrait,,,,,,,
54-78,ファイティング・シェフ　美食オリンピックへの道,フ,2007,,ホセ・ルイス・ロペス・リナレス,ヘスース・アルマグロ/セルジュ・ヴィエラ/ペドロ・ラルンベ/ポール・ボキューズ,single,2026/9/23,https://res.cloudinary.com/hf9tv6vn/image/upload/54-78A.jpg,表面,portrait ,https://res.cloudinary.com/hf9tv6vn/image/upload/54-78B.jpg,裏面,portrait,,,,,,,
54-79,倫敦から来た男,ロ,2007,,タル・ベーラ,ミロスラヴ・クロボット/ティルダ・スウィントン,single,2026/9/23,https://res.cloudinary.com/hf9tv6vn/image/upload/54-79A.jpg,表面,portrait ,https://res.cloudinary.com/hf9tv6vn/image/upload/54-79B.jpg,裏面,portrait,,,,,,,
54-80,ボヴァリー夫人,ボ,2009,,アレクサンドル・ソクーロフ,セシル・ゼルヴダキ,single,2026/9/23,https://res.cloudinary.com/hf9tv6vn/image/upload/54-80A.jpg,表面,portrait ,https://res.cloudinary.com/hf9tv6vn/image/upload/54-80B.jpg,裏面,portrait,,,,,,,
54-81,かいじゅうたちのいるところ,カ,2009,,スパイク・ジョーンズ,キャサリン・キーナー/マックス・レコーズ/マーク・ラファロ,single,2026/9/24,https://res.cloudinary.com/hf9tv6vn/image/upload/54-81A.jpg,表面,portrait ,https://res.cloudinary.com/hf9tv6vn/image/upload/54-81B.jpg,裏面,portrait,,,,,,,
54-82,エリック・クラプトン＆ジェフ・ベック LIVE the MOVIE!,エ,2009,,マーティン・アトキンス/ステュアート・ワッツ,エリック・クラプトン/ジェフ・ベック,bifold,2026/9/24,https://res.cloudinary.com/hf9tv6vn/image/upload/54-82A.jpg,表面,portrait ,https://res.cloudinary.com/hf9tv6vn/image/upload/54-82B.jpg,裏面,portrait,https://res.cloudinary.com/hf9tv6vn/image/upload/54-82C.jpg,中面,landscape,,,,
54-83,脳内ニューヨーク,ノ,2008,,チャーリー・カウフマン,フィリップ・シーモア・ホフマン/サマンサ・モートン/ミシェル・ウィリアムズ,single,2026/9/24,https://res.cloudinary.com/hf9tv6vn/image/upload/54-83A.jpg,表面,portrait ,https://res.cloudinary.com/hf9tv6vn/image/upload/54-83B.jpg,裏面,portrait,,,,,,,
54-84,陰獣,イ,2008,,バルベ・シュロデール,ブノワ・マジメル/源利華,single,2026/9/24,https://res.cloudinary.com/hf9tv6vn/image/upload/54-84A.jpg,表面,portrait ,https://res.cloudinary.com/hf9tv6vn/image/upload/54-84B.jpg,裏面,portrait,,,,,,,
54-85,クンドゥン,ク,2009,,マーティン・スコセッシ,テンジン・トゥタブ・ツァロン/ギュルメ・テトン,single,2026/9/24,https://res.cloudinary.com/hf9tv6vn/image/upload/54-85A.jpg,表面,portrait ,https://res.cloudinary.com/hf9tv6vn/image/upload/54-85B.jpg,裏面,portrait,,,,,,,
54-86,ミウの歌〜Love of Siam〜,ミ,2007,,チューキアット・サックウィーラクン,ウィウィシット・ヒランヤウォンクン/マリオ・マウラー,single,2026/9/24,https://res.cloudinary.com/hf9tv6vn/image/upload/54-86A.jpg,表面,portrait ,https://res.cloudinary.com/hf9tv6vn/image/upload/54-86B.jpg,裏面,portrait,,,,,,,
54-87,ピリペンコさんの手づくり潜水艦,ピ,2006,,ヤン・ヒンリック・ドレーフス/レネー・ハルダー,ウラジーミル・アンドレイェヴィチ・ピリペンコ/アーニャ・ミハイロヴナ・ピリペンコ/セルゲイ・セミョーノヴィチ・ホンチャロフ,single,2026/9/24,https://res.cloudinary.com/hf9tv6vn/image/upload/54-87A.jpg,表面,portrait ,https://res.cloudinary.com/hf9tv6vn/image/upload/54-87B.jpg,裏面,portrait,,,,,,,
54-88,ユキとニナ,ユ,2009,,諏訪敦彦/イポリット・ジラルド,ノエ・サンピ/アリエル・ムーテル/ツユ・シミズ/イポリット・ジラルド /マリリーヌ・カント ,single,2026/9/24,https://res.cloudinary.com/hf9tv6vn/image/upload/54-88A.jpg,表面,portrait ,https://res.cloudinary.com/hf9tv6vn/image/upload/54-88B.jpg,裏面,portrait,,,,,,,
54-89,シング・フォー・ダルフール,シ,2007,,ヨハン・クレイマー,ペール・モリナ/メリーナ・マシューズ/ビッキー・ペニャ,bifold,2026/9/24,https://res.cloudinary.com/hf9tv6vn/image/upload/54-89A.jpg,表面,portrait ,https://res.cloudinary.com/hf9tv6vn/image/upload/54-89B.jpg,裏面,portrait,https://res.cloudinary.com/hf9tv6vn/image/upload/54-89C.jpg,中面,landscape,,,,
54-90,パイレーツ・ロック,パ,2009,,リチャード・カーティス,フィリップ・シーモア・ホフマン/ビル・ナイ/リス・エヴァンス/ニック・フロスト/ケネス・ブラナー,single,2026/9/24,https://res.cloudinary.com/hf9tv6vn/image/upload/54-90A.jpg,表面,portrait ,https://res.cloudinary.com/hf9tv6vn/image/upload/54-90B.jpg,裏面,portrait,,,,,,,
54-91,スペル,ス,2009,,サム・ライミ,アリソン・ローマン/ジャスティン・ロング/ローナ・レイヴァー/ディリープ・ラオ/デヴィッド・ペイマー/アドリアナ・バラッザ,single,2026/9/24,https://res.cloudinary.com/hf9tv6vn/image/upload/54-91A.jpg,表面,portrait ,https://res.cloudinary.com/hf9tv6vn/image/upload/54-91B.jpg,裏面,portrait,,,,,,,
54-92,ドゥーニャとデイジー,ド,2008,,ダナ・ネクスタン,マリアム・ハッソーニ/エヴァ・ヴァンダー・ウェイデーヴェン/クリスティン・ヴァン・ストラーレン/テオ・マーセン/ラチダ・イアッララ/マフーブ・ベンムーサ/イリアス・オッジャ/イリアス・アダッブ/ティゴ・ゲルナンド/ミチャ・ハルスホフ/ファテマ・ウーチェイ/マルセル・ムステルス/アリックス・アダムス,single,2026/9/24,https://res.cloudinary.com/hf9tv6vn/image/upload/54-92A.jpg,表面,portrait ,https://res.cloudinary.com/hf9tv6vn/image/upload/54-92B.jpg,裏面,portrait,,,,,,,
54-93,デビル・ハザード,デ,2008,,ジェイソン・コネリー,キューバ・グッディング・Jr/ヴァレリー・クルス/レイ・ウィンストン/ロン・パールマン/タリン・マニング/ヘンリー・ロリンズ/ビル・モーズリイ,single,2026/9/24,https://res.cloudinary.com/hf9tv6vn/image/upload/54-93A.jpg,表面,portrait ,https://res.cloudinary.com/hf9tv6vn/image/upload/54-93B.jpg,裏面,portrait,,,,,,,
54-94,アニエスの浜辺,ア,2008,,アニエス・ヴァルダ,アニエス・ヴァルダ/マチュー・ドゥミ,single,2026/9/24,https://res.cloudinary.com/hf9tv6vn/image/upload/54-94A.jpg,表面,portrait ,https://res.cloudinary.com/hf9tv6vn/image/upload/54-94B.jpg,裏面,portrait,,,,,,,
54-95,誰がため,タ,2008,,オーレ・クリスチャン・マセン,トゥーレ・リントハート/マッツ・ミケルセン,single,2026/9/24,https://res.cloudinary.com/hf9tv6vn/image/upload/54-95A.jpg,表面,portrait ,https://res.cloudinary.com/hf9tv6vn/image/upload/54-95B.jpg,裏面,portrait,,,,,,,
54-96,リミッツ・オブ・コントロール,リ,2009,,ジム・ジャームッシュ,イザック・ド・バンコレ/ティルダ・スウィントン/ジョン・ハート/ガエル・ガルシア・ベルナル/ビル・マーレイ,single,2026/9/24,https://res.cloudinary.com/hf9tv6vn/image/upload/54-96A.jpg,表面,portrait ,https://res.cloudinary.com/hf9tv6vn/image/upload/54-96B.jpg,裏面,portrait,,,,,,,
54-97,九月に降る風,9,2008,,トム・リン,リディアン・ヴォーン/チャン・チエ/ジェニファー・チュウ/ワン・ポーチエ,single,2026/9/24,https://res.cloudinary.com/hf9tv6vn/image/upload/54-97A.jpg,表面,portrait ,https://res.cloudinary.com/hf9tv6vn/image/upload/54-97B.jpg,裏面,portrait,,,,,,,
54-98,正義のゆくえ I.C.E.特別捜査官,セ,2009,,ウェイン・クラマー,ハリソン・フォード/レイ・リオッタ/アシュレイ・ジャッド,single,2026/9/24,https://res.cloudinary.com/hf9tv6vn/image/upload/54-98A.jpg,表面,portrait ,https://res.cloudinary.com/hf9tv6vn/image/upload/54-98B.jpg,裏面,portrait,,,,,,,
54-99,きみがぼくを見つけた日,キ,2009,,ロベルト・シュヴェンケ,レイチェル・マクアダムス/エリック・バナ,single,2026/9/24,https://res.cloudinary.com/hf9tv6vn/image/upload/54-99A.jpg,表面,portrait ,https://res.cloudinary.com/hf9tv6vn/image/upload/54-99B.jpg,裏面,portrait,,,,,,,
54-100,バタフライ・エフェクト3/最後の選択,バ,2009,,セス・グロスマン,クリス・カーマック/レイチェル・マイナー/ミア・セラフィノ/サラ・ハーベル/ケヴィン・ヨン/リンチ・R・トラヴィス/リチャード・ウィルキンソン,single,2026/9/24,https://res.cloudinary.com/hf9tv6vn/image/upload/54-100A.jpg,表面,portrait ,https://res.cloudinary.com/hf9tv6vn/image/upload/54-100B.jpg,裏面,portrait,,,,,,,
54-101,マーシャル博士の恐竜ランド,マ,2009,,ブラッド・シルバーリング,ウィル・フェレル/ダニー・マクブライド,single,2026/9/24,https://res.cloudinary.com/hf9tv6vn/image/upload/54-101A.jpg,表面,portrait ,https://res.cloudinary.com/hf9tv6vn/image/upload/54-101B.jpg,裏面,portrait,,,,,,,
54-102,パリ・オペラ座のすべて,パ,2009,,フレデリック・ワイズマン,オペラ座バレエ団エトワール,single,2026/9/24,https://res.cloudinary.com/hf9tv6vn/image/upload/54-102A.jpg,表面,portrait ,https://res.cloudinary.com/hf9tv6vn/image/upload/54-102B.jpg,裏面,portrait,,,,,,,
54-103,きみに微笑む雨,キ,2009,,ホ・ジノ,チョン・ウソン/カオ・ユアンユアン,single,2026/9/24,https://res.cloudinary.com/hf9tv6vn/image/upload/54-103A.jpg,表面,portrait ,https://res.cloudinary.com/hf9tv6vn/image/upload/54-103B.jpg,裏面,portrait,,,,,,,
54-104,パブリック・エネミーズ,パ,2009,,マイケル・マン,ジョニー・デップ/クリスチャン・ベール/マリオン・コティヤール/ビリー・クラダップ/スティーヴン・ドーフ/スティーヴン・ラング,single,2026/9/24,https://res.cloudinary.com/hf9tv6vn/image/upload/54-104A.jpg,表面,portrait ,https://res.cloudinary.com/hf9tv6vn/image/upload/54-104B.jpg,裏面,portrait,,,,,,,
54-105,スワップ・スワップ　伝説のセックスクラブ,ス,2008,,マシュー・カウフマン/ジョン・ハート,,single,2026/9/24,https://res.cloudinary.com/hf9tv6vn/image/upload/54-105A.jpg,表面,portrait ,https://res.cloudinary.com/hf9tv6vn/image/upload/54-105B.jpg,裏面,portrait,,,,,,,
54-106,REC/レック2,R,2009,,ジャウマ・バラゲロ/パコ・プラサ,パブロ・ロッソ/ジョナサン・メイヨール/オスカル・サンチェス・サフラ/アリエル・カサス/アレハンドロ・カサセカ/ラファ・パラ/ペップ・モリナ/アンドレア・ロス/アレックス・バトジョリ/パウ・ポチョ/フリ・ファブレガス/ハビエル・ボテト/ニコ・バイシャス/フェラン・テラッツァ/クラウディア・シルバ/マルタ・カーボネル/ホルヘ＝ヤマン・セラノ/アナ・イサベル・ベラスケス,single,2026/9/24,https://res.cloudinary.com/hf9tv6vn/image/upload/54-106A.jpg,表面,portrait ,https://res.cloudinary.com/hf9tv6vn/image/upload/54-106B.jpg,裏面,portrait,,,,,,,
54-107,運命を分けたザイル2,ウ,2007,,ルイーズ・オズモンド,ジョー・シンプソン/ロジェ・シャーリ/シモン・アンターマッテン/アンドレアス・アベグレン/シリル・ベルト,single,2026/9/24,https://res.cloudinary.com/hf9tv6vn/image/upload/54-107A.jpg,表面,portrait ,https://res.cloudinary.com/hf9tv6vn/image/upload/54-107B.jpg,裏面,portrait,,,,,,,
54-108,NINE,N,2009,,ロブ・マーシャル,ダニエル・デイ＝ルイス/マリオン・コティヤール/ペネロペ・クルス/ジュディ・デンチ/ファーギー/ケイト・ハドソン/ニコール・キッドマン/ソフィア・ローレン,single,2026/9/24,https://res.cloudinary.com/hf9tv6vn/image/upload/54-108A.jpg,表面,portrait ,https://res.cloudinary.com/hf9tv6vn/image/upload/54-108B.jpg,裏面,portrait,,,,,,,
54-109,実験室KR-13,ジ,2009,,ジョナサン・リーベスマン,ニック・キャノン/ティモシー・ハットン/シェー・ウィガム/クレア・デュヴァル/クロエ・セヴィニー/ピーター・ストーメア,single,2026/9/24,https://res.cloudinary.com/hf9tv6vn/image/upload/54-109A.jpg,表面,portrait ,https://res.cloudinary.com/hf9tv6vn/image/upload/54-109B.jpg,裏面,portrait,,,,,,,
54-110,アート・オブ・ウォー2,ア,2008,,ジョセフ・ラスナック,ウェズリー・スナイプス,single,2026/9/24,https://res.cloudinary.com/hf9tv6vn/image/upload/54-110A.jpg,表面,portrait ,https://res.cloudinary.com/hf9tv6vn/image/upload/54-110B.jpg,裏面,portrait,,,,,,,
54-111,PUSH 光と闇の能力者,P,2009,,ポール・マクギガン,クリス・エヴァンス/ダコタ・ファニング/カミーラ・ベル/ジャイモン・フンスー,single,2026/9/24,https://res.cloudinary.com/hf9tv6vn/image/upload/54-111A.jpg,表面,portrait ,https://res.cloudinary.com/hf9tv6vn/image/upload/54-111B.jpg,裏面,portrait,,,,,,,
54-112,ファイナル・デッドサーキット 3D,フ,2009,,デヴィッド・R・エリス,クリスタ・アレン/リチャード・T・ジョーンズ/ニック・ザーノ,single,2026/9/24,https://res.cloudinary.com/hf9tv6vn/image/upload/54-112A.jpg,表面,portrait ,https://res.cloudinary.com/hf9tv6vn/image/upload/54-112B.jpg,裏面,portrait,,,,,,,
54-113,孫文 ～100年先を見た男～,ソ,2009,,デレク・チウ,ワン・ジェンチョン/ウィンストン・チャオ/ウー・ユエ/アンジェリカ・リー/チャオ・チョン/ヴィッキー・リウ,single,2026/9/24,https://res.cloudinary.com/hf9tv6vn/image/upload/54-113A.jpg,表面,portrait ,https://res.cloudinary.com/hf9tv6vn/image/upload/54-113B.jpg,裏面,portrait,,,,,,,
54-114,ニュームーン/トワイライト・サーガ,ニ,2009,,クリス・ワイツ,クリステン・スチュワート/ロバート・パティンソン/テイラー・ロートナー,single,2026/9/24,https://res.cloudinary.com/hf9tv6vn/image/upload/54-114A.jpg,表面,portrait ,https://res.cloudinary.com/hf9tv6vn/image/upload/54-114B.jpg,裏面,portrait,,,,,,,
54-115,ニュームーン/トワイライト・サーガ,ニ,2009,,クリス・ワイツ,クリステン・スチュワート/ロバート・パティンソン/テイラー・ロートナー,bifold,2026/9/24,https://res.cloudinary.com/hf9tv6vn/image/upload/54-115A.jpg,表面,portrait ,https://res.cloudinary.com/hf9tv6vn/image/upload/54-115B.jpg,裏面,portrait,https://res.cloudinary.com/hf9tv6vn/image/upload/54-115C.jpg,中面,landscape,,,,
54-116,ブラック・ウォーター,ブ,2008,,アンドリュー・トラウキ/デヴィッド・ネルリッヒ,ダイアナ・グレン,single,2026/9/24,https://res.cloudinary.com/hf9tv6vn/image/upload/54-116A.jpg,表面,portrait ,https://res.cloudinary.com/hf9tv6vn/image/upload/54-116B.jpg,裏面,portrait,,,,,,,
54-117,ハウエルズ家のちょっとおかしなお葬式,ハ,2007,,フランク・オズ,マシュー・マクファディン/ユエン・ブレムナー/アラン・テュディック/ピーター・ディンクレイジキーリー・ホーズ/アンディ・ナイマン/デイジー・ドノヴァン/ジェーン・アッシャー/クリス・マーシャル/ルパート・グレイヴス/ピーター・ヴォーン/ピーター・イーガン,bifold,2026/9/24,https://res.cloudinary.com/hf9tv6vn/image/upload/54-117A.jpg,表面,portrait ,https://res.cloudinary.com/hf9tv6vn/image/upload/54-117B.jpg,裏面,portrait,https://res.cloudinary.com/hf9tv6vn/image/upload/54-117C.jpg,中面,landscape,,,,
54-118,500日のサマー,5,2009,,マーク・ウェブ,ジョセフ・ゴードン＝レヴィット/ズーイー・デシャネル,single,2026/9/24,https://res.cloudinary.com/hf9tv6vn/image/upload/54-118A.jpg,表面,portrait ,https://res.cloudinary.com/hf9tv6vn/image/upload/54-118B.jpg,裏面,portrait,,,,,,,
54-119,アンヴィル! 夢を諦めきれない男たち,ア,2009,,サーシャ・ガヴァシ,スティーヴ・“リップス”・クドロー/ロブ・ライナー/ジーファイヴ/アイヴァン・ハード/クリス・タンガリーディズ/ティッチアナ・アリゴーニ/ラーズ・ウルリッヒ/マルコム・ドーム/レミー/スコット・イアン/スラッシュ/トム・アラヤ,single,2026/9/24,https://res.cloudinary.com/hf9tv6vn/image/upload/54-119A.jpg,表面,portrait ,https://res.cloudinary.com/hf9tv6vn/image/upload/54-119B.jpg,裏面,portrait,,,,,,,
54-120,海角七号 君想う/国境の南,カ,2008,,ウェイ・ダーション,ファン・イーチェン/田中千絵,single,2026/9/24,https://res.cloudinary.com/hf9tv6vn/image/upload/54-120A.jpg,表面,portrait ,https://res.cloudinary.com/hf9tv6vn/image/upload/54-120B.jpg,裏面,portrait,,,,,,,
54-121,海角七号 君想う/国境の南,カ,2008,,ウェイ・ダーション,ファン・イーチェン/田中千絵,single,2026/9/24,https://res.cloudinary.com/hf9tv6vn/image/upload/54-121A.jpg,表面,portrait ,https://res.cloudinary.com/hf9tv6vn/image/upload/54-121B.jpg,裏面,portrait,,,,,,,
54-122,アバター,ア,2009,,ジェームズ・キャメロン,サム・ワーシントン/ゾーイ・サルダナ/シガニー・ウィーバー/スティーヴン・ラング/ミシェル・ロドリゲス/ジョヴァンニ・リビシ/ジョエル・デヴィッド・ムーア/ディリープ・ラオ/ラズ・アロンソ/ウェス・ステュディ/CCH・パウンダー,single,2026/9/24,https://res.cloudinary.com/hf9tv6vn/image/upload/54-122A.jpg,表面,portrait ,https://res.cloudinary.com/hf9tv6vn/image/upload/54-122B.jpg,裏面,landscape,,,,,,,
54-123,アリス・イン・ワンダーランド,ア,2010,,ティム・バートン,ミア・ワシコウスカ/ジョニー・デップ/ヘレナ・ボナム＝カーター/アン・ハサウェイ,single,2026/9/24,https://res.cloudinary.com/hf9tv6vn/image/upload/54-123A.jpg,表面,portrait ,https://res.cloudinary.com/hf9tv6vn/image/upload/54-123B.jpg,裏面,portrait,,,,,,,
54-124,私の中のあなた,ワ,2009,,ニック・カサヴェテス,キャメロン・ディアス/アビゲイル・ブレスリン/アレック・ボールドウィン/ジェイソン・パトリック/ソフィア・ヴァジリーヴァ/ジョーン・キューザック,bifold,2026/9/24,https://res.cloudinary.com/hf9tv6vn/image/upload/54-124A.jpg,表面,portrait ,https://res.cloudinary.com/hf9tv6vn/image/upload/54-124B.jpg,裏面,portrait,https://res.cloudinary.com/hf9tv6vn/image/upload/54-124C.jpg,中面,landscape,,,,
54-125,Disney's クリスマス・キャロル,D,2009,,ロバート・ゼメキス,ジム・キャリー/ゲーリー・オールドマン/ロビン・ライト/コリン・ファース/ボブ・ホスキンス/ケーリー・エルウェス/フェイ・マスターソン/ダリル・サバラ,single,2026/9/24,https://res.cloudinary.com/hf9tv6vn/image/upload/54-125A.jpg,表面,portrait ,https://res.cloudinary.com/hf9tv6vn/image/upload/54-125B.jpg,裏面,portrait,,,,,,,
54-126,マイケル・ジャクソン THIS IS IT,マ,2009,,マイケル・ジャクソン/ケニー・オルテガ,マイケル・ジャクソン/マイケル・ベルデン,single,2026/9/24,https://res.cloudinary.com/hf9tv6vn/image/upload/54-126A.jpg,表面,portrait ,https://res.cloudinary.com/hf9tv6vn/image/upload/54-126B.jpg,裏面,portrait,,,,,,,
54-127,ワイルド・スピード MAX,ワ,2009,,ジャスティン・リン,ヴィン・ディーゼル/ポール・ウォーカー/ミシェル・ロドリゲス/ジョーダナ・ブリュースター/ジョン・オーティス/ラズ・アロンソ/ガル・ガドット,single,2026/9/24,https://res.cloudinary.com/hf9tv6vn/image/upload/54-127A.jpg,表面,portrait ,https://res.cloudinary.com/hf9tv6vn/image/upload/54-127B.jpg,裏面,portrait,,,,,,,
54-128,モンスターハンター,モ,2020,,ポール・W・S・アンダーソン,ミラ・ジョヴォヴィッチ/トニー・ジャー/ティップ・“T.I.”・ハリス/ミーガン・グッド/ディエゴ・ボネータ/ジョシュ・ヘルマン/ジン・アウヨン/ロン・パールマン,single,2026/9/24,https://res.cloudinary.com/hf9tv6vn/image/upload/54-128A.jpg,表面,portrait ,https://res.cloudinary.com/hf9tv6vn/image/upload/54-128B.jpg,裏面,landscape,,,,,,,
54-129,ラーヤと龍の王国,ラ,2021,,ドン・ホール/カルロス・ロペス・エストラーダ,ケリー・マリー・トラン/オークワフィナ/アイザック・ワン/ジェンマ・チャン/ダニエル・デイ・キム/ベネディクト・ウォン/サンドラ・オー/タライア・トラン/ルシル・スーン/アラン・テュディック,single,2026/9/24,https://res.cloudinary.com/hf9tv6vn/image/upload/54-129A.jpg,表面,portrait ,https://res.cloudinary.com/hf9tv6vn/image/upload/54-129B.jpg,裏面,landscape,,,,,,,
54-130,ココ・アヴァン・シャネル,コ,2009,,アンヌ・フォンテーヌ,オドレイ・トトゥ/ブノワ・ポールヴールド,quadfold,2026/9/24,https://res.cloudinary.com/hf9tv6vn/image/upload/54-130A.jpg,表面,landscape,https://res.cloudinary.com/hf9tv6vn/image/upload/54-130B.jpg,中面,landscape,https://res.cloudinary.com/hf9tv6vn/image/upload/54-130C.jpg,中面,landscape,https://res.cloudinary.com/hf9tv6vn/image/upload/54-130D.jpg,中面,landscape,
54-131,プレイモービル マーラとチャーリーの大冒険,プ,2019,,リーノ・ディサルヴォ,アニャ・テイラー＝ジョイ/ガブリエル・ベイトマン/ジム・ガフィガン/アダム・ランバート,single,2026/9/24,https://res.cloudinary.com/hf9tv6vn/image/upload/54-131A.jpg,表面,portrait ,https://res.cloudinary.com/hf9tv6vn/image/upload/54-131B.jpg,裏面,portrait,,,,,,,
54-132,ブラック・ウィドウ,ブ,2021,,ケイト・ショートランド,スカーレット・ヨハンソン/フローレンス・ピュー/デヴィッド・ハーバー/O・T・ファグベンル/オルガ・キュリレンコ/ウィリアム・ハート/レイ・ウィンストン/レイチェル・ワイズ,single,2026/9/24,https://res.cloudinary.com/hf9tv6vn/image/upload/54-132A.jpg,表面,portrait ,https://res.cloudinary.com/hf9tv6vn/image/upload/54-132B.jpg,裏面,landscape,,,,,,,
54-133,ブラック・ウィドウ,ブ,2021,,ケイト・ショートランド,スカーレット・ヨハンソン/フローレンス・ピュー/デヴィッド・ハーバー/O・T・ファグベンル/オルガ・キュリレンコ/ウィリアム・ハート/レイ・ウィンストン/レイチェル・ワイズ,single,2026/9/24,https://res.cloudinary.com/hf9tv6vn/image/upload/54-133A.jpg,表面,portrait ,https://res.cloudinary.com/hf9tv6vn/image/upload/54-133B.jpg,裏面,portrait,,,,,,,
54-134,トムとジェリー,ト,2021,,ティム・ストーリー,クロエ・グレース・モレッツ/マイケル・ペーニャ/コリン・ジョスト/ロブ・ディレイニー/ケン・チョン,single,2026/9/24,https://res.cloudinary.com/hf9tv6vn/image/upload/54-134A.jpg,表面,portrait ,https://res.cloudinary.com/hf9tv6vn/image/upload/54-134B.jpg,裏面,portrait,,,,,,,
54-135,トムとジェリー,ト,2021,,ティム・ストーリー,クロエ・グレース・モレッツ/マイケル・ペーニャ/コリン・ジョスト/ロブ・ディレイニー/ケン・チョン,single,2026/9/24,https://res.cloudinary.com/hf9tv6vn/image/upload/54-135A.jpg,表面,portrait ,https://res.cloudinary.com/hf9tv6vn/image/upload/54-135B.jpg,裏面,portrait,,,,,,,
54-136,新感染半島 ファイナル・ステージ,シ,2020,,ヨン・サンホ,カン・ドンウォン/イ・ジョンヒョン/キム・ドユン/クォン・ヘヒョ/イ・レ/イ・イェウォン/キム・ミンジェ/ク・ギョファン,single,2026/9/24,https://res.cloudinary.com/hf9tv6vn/image/upload/54-136A.jpg,表面,portrait ,https://res.cloudinary.com/hf9tv6vn/image/upload/54-136B.jpg,裏面,portrait,,,,,,,
54-137,ワンダーウーマン 1984,ワ,2020,,パティ・ジェンキンス,ガル・ガドット/クリス・パインクリステン・ウィグ/ペドロ・パスカル/ロビン・ライト/コニー・ニールセン/アムール・ワケド/クリストファー・ポラーハ/ナターシャ・ロスウェル,single,2026/9/24,https://res.cloudinary.com/hf9tv6vn/image/upload/54-137A.jpg,表面,portrait ,https://res.cloudinary.com/hf9tv6vn/image/upload/54-137B.jpg,裏面,portrait,,,,,,,
54-138,魔女がいっぱい,マ,2020,,ロバート・ゼメキス,アン・ハサウェイ/オクタヴィア・スペンサー/スタンリー・トゥッチ/クリス・ロック,single,2026/9/24,https://res.cloudinary.com/hf9tv6vn/image/upload/54-138A.jpg,表面,portrait ,https://res.cloudinary.com/hf9tv6vn/image/upload/54-138B.jpg,裏面,portrait,,,,,,,
54-139,ビルとテッドの時空旅行 音楽で世界を救え!,ビ,2020,,ディーン・パリソット,キアヌ・リーブス/アレックス・ウィンター/サマラ・ウィーヴィング/ブリジット・ランディ＝ペイン/ウィリアム・サドラー,single,2026/9/24,https://res.cloudinary.com/hf9tv6vn/image/upload/54-139A.jpg,表面,portrait ,https://res.cloudinary.com/hf9tv6vn/image/upload/54-139B.jpg,裏面,portrait,,,,,,,
54-140,キングスマン:ファースト・エージェント,キ,2021,,マシュー・ヴォーン,レイフ・ファインズ/ジェマ・アータートン/リス・エヴァンス/マシュー・グッド/トム・ホランダー/ハリス・ディキンソン/アーロン・テイラー＝ジョンソン/ダニエル・ブリュール/ジャイモン・フンスー/チャールズ・ダンス,single,2026/9/24,https://res.cloudinary.com/hf9tv6vn/image/upload/54-140A.jpg,表面,portrait ,https://res.cloudinary.com/hf9tv6vn/image/upload/54-140B.jpg,裏面,portrait,,,,,,,
54-141,キングスマン:ファースト・エージェント,キ,2021,,マシュー・ヴォーン,レイフ・ファインズ/ジェマ・アータートン/リス・エヴァンス/マシュー・グッド/トム・ホランダー/ハリス・ディキンソン/アーロン・テイラー＝ジョンソン/ダニエル・ブリュール/ジャイモン・フンスー/チャールズ・ダンス,single,2026/9/24,https://res.cloudinary.com/hf9tv6vn/image/upload/54-141A.jpg,表面,portrait ,https://res.cloudinary.com/hf9tv6vn/image/upload/54-141B.jpg,裏面,portrait,,,,,,,
54-142,ラブ・セカンド・サイト はじまりは初恋のおわりから,ラ,2019,,ユーゴ・ジェラン,フランソワ・シヴィル/ジョセフィーヌ・ジャピ/バンジャマン・ラヴェルネ,single,2026/9/24,https://res.cloudinary.com/hf9tv6vn/image/upload/54-142A.jpg,表面,portrait ,https://res.cloudinary.com/hf9tv6vn/image/upload/54-142B.jpg,裏面,portrait,,,,,,,
54-143,ゴジラvsコング,ゴ,2021,,アダム・ウィンガード,アレクサンダー・スカルスガルド/ミリー・ボビー・ブラウン/レベッカ・ホール/ブライアン・タイリー・ヘンリー/小栗旬/エイザ・ゴンザレス/ジュリアン・デニソン/カイル・チャンドラー/カイリー・ホットル/ランス・レディック/デミアン・ビチル,single,2026/9/24,https://res.cloudinary.com/hf9tv6vn/image/upload/54-143A.jpg,表面,portrait ,https://res.cloudinary.com/hf9tv6vn/image/upload/54-143B.jpg,裏面,portrait,,,,,,,
54-144,ローズメイカー　奇跡のバラ,ロ,2020,,ピエール・ピノー,カトリーヌ・フロ/メラン・オメルタ/ファツァー・ブヤメッド/オリヴィア・コート/マリー・プショー/ヴァンサン・ドゥディエンヌ,single,2026/9/24,https://res.cloudinary.com/hf9tv6vn/image/upload/54-144A.jpg,表面,portrait ,https://res.cloudinary.com/hf9tv6vn/image/upload/54-144B.jpg,裏面,portrait,,,,,,,
54-145,アオラレ,ア,2020,,デリック・ボルテ,ラッセル・クロウ/カレン・ピストリアス/ガブリエル・ベイトマン/ジミ・シンプソン,single,2026/9/24,https://res.cloudinary.com/hf9tv6vn/image/upload/54-145A.jpg,表面,portrait ,https://res.cloudinary.com/hf9tv6vn/image/upload/54-145B.jpg,裏面,portrait,,,,,,,
54-146,ローグ,ロ,2020,,M・J・バセット,ミーガン・フォックス/フィリップ・ウィンチェスター,single,2026/9/24,https://res.cloudinary.com/hf9tv6vn/image/upload/54-146A.jpg,表面,portrait ,https://res.cloudinary.com/hf9tv6vn/image/upload/54-146B.jpg,裏面,portrait,,,,,,,
54-147,Mr.ノーバディ,M,2021,,イリヤ・ナイシュラー,ボブ・オデンカーク/コニー・ニールセン/RZA/クリストファー・ロイド/アレクセイ・セレブリャコフ,single,2026/9/24,https://res.cloudinary.com/hf9tv6vn/image/upload/54-147A.jpg,表面,portrait ,https://res.cloudinary.com/hf9tv6vn/image/upload/54-147B.jpg,裏面,portrait,,,,,,,
54-148,クワイエット・プレイス 破られた沈黙,ク,2021,,ジョン・クラシンスキー,ミリセント・シモンズ/ノア・ジュープ/エミリー・ブラント/キリアン・マーフィー/ジャイモン・フンスー/ジョン・クラシンスキー,single,2026/9/24,https://res.cloudinary.com/hf9tv6vn/image/upload/54-148A.jpg,表面,portrait ,https://res.cloudinary.com/hf9tv6vn/image/upload/54-148B.jpg,裏面,portrait,,,,,,,
54-149,ハチとパルマの物語,ハ,2021,,アレクサンドル・ドモガロフ・ジュニア,レオニド・バーソフ/ヴィクトル・ドブロヌラヴォフ/渡辺裕之/藤田朋子/アナスタシア・シガ,single,2026/9/24,https://res.cloudinary.com/hf9tv6vn/image/upload/54-149A.jpg,表面,portrait ,https://res.cloudinary.com/hf9tv6vn/image/upload/54-149B.jpg,裏面,portrait,,,,,,,
54-150,ピーターラビット2/バーナバスの誘惑,ピ,2021,,ウィル・グラック,ローズ・バーン/ドーナル・グリーソン/デヴィッド・オイェロウォ/エリザベス・デビッキ/レニー・ジェームズ/マーゴット・ロビー/ジェームズ・コーデン,bifold,2026/9/24,https://res.cloudinary.com/hf9tv6vn/image/upload/54-150A.jpg,表面,portrait ,https://res.cloudinary.com/hf9tv6vn/image/upload/54-150B.jpg,裏面,portrait,https://res.cloudinary.com/hf9tv6vn/image/upload/54-150C.jpg,中面,portrait,,,,
54-151,モータルコンバット,モ,2021,,サイモン・マッコイド,ルイス・タン/ジェシカ・マクナミー/ジョシュ・ローソン/浅野忠信/メカッド・ブルックス/ルディ・リン/マックス・ハン/チン・ハン/ジョー・タスリム/真田広之,single,2026/9/25,https://res.cloudinary.com/hf9tv6vn/image/upload/54-151A.jpg,表面,portrait ,https://res.cloudinary.com/hf9tv6vn/image/upload/54-151B.jpg,裏面,landscape,,,,,,,
54-152,イルミナティ 世界を操る闇の秘密結社,イ,2019,,ジョニー・ロイヤル,ジョニー・ロイヤル/アダム・ケンダル,single,2026/9/25,https://res.cloudinary.com/hf9tv6vn/image/upload/54-152A.jpg,表面,portrait ,https://res.cloudinary.com/hf9tv6vn/image/upload/54-152B.jpg,裏面,portrait,,,,,,,
54-153,ファイナル・プラン,フ,2020,,マーク・ウィリアムズ,リーアム・ニーソン/ケイト・ウォルシュ/ジェイ・コートニー/ジェフリー・ドノヴァン,single,2026/9/25,https://res.cloudinary.com/hf9tv6vn/image/upload/54-153A.jpg,表面,portrait ,https://res.cloudinary.com/hf9tv6vn/image/upload/54-153B.jpg,裏面,landscape,,,,,,,
54-154,SEOBOK/ソボク,S,2021,,イ・ヨンジュ,コン・ユ/パク・ボゴム/チョ・ウジン/チャン・ヨンナム/パク・ビョンウン,single,2026/9/25,https://res.cloudinary.com/hf9tv6vn/image/upload/54-154A.jpg,表面,portrait ,https://res.cloudinary.com/hf9tv6vn/image/upload/54-154B.jpg,裏面,portrait,,,,,,,
54-155,フリー・ガイ,フ,2021,,ショーン・レヴィ,ライアン・レイノルズ/ジョディ・カマーリル・レル・ハウリー/ウトカルシュ・アンブドゥカル/ジョー・キーリー/タイカ・ワイティティ,single,2026/9/25,https://res.cloudinary.com/hf9tv6vn/image/upload/54-155A.jpg,表面,portrait ,https://res.cloudinary.com/hf9tv6vn/image/upload/54-155B.jpg,裏面,portrait,,,,,,,
54-156,ジェントルメン,ジ,2019,,ガイ・リッチー,マシュー・マコノヒー/チャーリー・ハナム/ヘンリー・ゴールディング/ミシェル・ドッカリー/エディ・マーサン/ジェレミー・ストロング/コリン・ファレル/ヒュー・グラント,single,2026/9/25,https://res.cloudinary.com/hf9tv6vn/image/upload/54-156A.jpg,表面,portrait ,https://res.cloudinary.com/hf9tv6vn/image/upload/54-156B.jpg,裏面,portrait,,,,,,,
54-157,UFO 真相検証ファイル Part2 衝撃!カメラに映った宇宙人たち,U,2019,,ダーシー・ウィアー,,single,2026/9/25,https://res.cloudinary.com/hf9tv6vn/image/upload/54-157A.jpg,表面,portrait ,https://res.cloudinary.com/hf9tv6vn/image/upload/54-157B.jpg,裏面,portrait,,,,,,,
54-158,007/ノー・タイム・トゥ・ダイ,0,2021,,キャリー・ジョージ・フクナガ,ダニエル・クレイグ/ラミ・マレック/レア・セドゥ/ラシャーナ・リンチベン・ウィショー/ナオミ・ハリス/ビリー・マグヌッセン/アナ・デ・アルマス/デヴィッド・デンシック/ロリー・キニア/ダリ・ベンサーラ/ジェフリー・ライト/クリストフ・ヴァルツ/レイフ・ファインズ,single,2026/9/25,https://res.cloudinary.com/hf9tv6vn/image/upload/54-158A.jpg,表面,portrait ,https://res.cloudinary.com/hf9tv6vn/image/upload/54-158B.jpg,裏面,portrait,,,,,,,
54-159,パウ・パトロール　カーレース大作戦 GO! GO!,パ,2019,,チャールズ・E・バスティアン,,single,2026/9/25,https://res.cloudinary.com/hf9tv6vn/image/upload/54-159A.jpg,表面,portrait ,https://res.cloudinary.com/hf9tv6vn/image/upload/54-159B.jpg,裏面,landscape,,,,,,,
54-160,プリズン・エスケープ 脱出への10の鍵,プ,2020,,フランシス・アナン,ダニエル・ラドクリフ/ダニエル・ウェバー/イアン・ハート/マーク・レナード・ウィンター,single,2026/9/25,https://res.cloudinary.com/hf9tv6vn/image/upload/54-160A.jpg,表面,portrait ,https://res.cloudinary.com/hf9tv6vn/image/upload/54-160B.jpg,裏面,portrait,,,,,,,
54-161,ソウルフル・ワールド,ソ,2020,,ピート・ドクター,ジェイミー・フォックス/ティナ・フェイ,single,2026/9/25,https://res.cloudinary.com/hf9tv6vn/image/upload/54-161A.jpg,表面,portrait ,https://res.cloudinary.com/hf9tv6vn/image/upload/54-161B.jpg,裏面,portrait,,,,,,,
54-162,エマ/愛の罠,エ,2019,,パブロ・ラライン,マリアーナ・ディ・ジローラモ/ガエル・ガルシア・ベルナル/パオラ・ジャンニーニ サンティアゴ・カブレラ/クリスティアン・スアレス,single,2026/9/25,https://res.cloudinary.com/hf9tv6vn/image/upload/54-162A.jpg,表面,portrait ,https://res.cloudinary.com/hf9tv6vn/image/upload/54-162B.jpg,裏面,portrait,,,,,,,
54-163,エマ/愛の罠,エ,2019,,パブロ・ラライン,マリアーナ・ディ・ジローラモ/ガエル・ガルシア・ベルナル/パオラ・ジャンニーニ サンティアゴ・カブレラ/クリスティアン・スアレス,bifold,2026/9/25,https://res.cloudinary.com/hf9tv6vn/image/upload/54-163A.jpg,表面,portrait ,https://res.cloudinary.com/hf9tv6vn/image/upload/54-163B.jpg,裏面,portrait,https://res.cloudinary.com/hf9tv6vn/image/upload/54-163C.jpg,中面,landscape,,,,
54-164,シラノ・ド・ベルジュラックに会いたい!,シ,2018,,アレクシス・ミシャリク,トマ・ソリヴェレ/オリヴィエ・グルメ/リュシー・ブジュナー/トム・レーブ/クレマンティーヌ・セラリエ/マティルド・セニエ,single,2026/9/25,https://res.cloudinary.com/hf9tv6vn/image/upload/54-164A.jpg,表面,portrait ,https://res.cloudinary.com/hf9tv6vn/image/upload/54-164B.jpg,裏面,portrait,,,,,,,
54-165,ザ・グラッジ 死霊の棲む屋敷,ザ,2020,,ニコラス・ペッシェ,アンドレア・ライズボロー/デミアン・ビチル/ジョン・チョー/ベティ・ギルピン,single,2026/9/25,https://res.cloudinary.com/hf9tv6vn/image/upload/54-165A.jpg,表面,portrait ,https://res.cloudinary.com/hf9tv6vn/image/upload/54-165B.jpg,裏面,portrait,,,,,,,
54-166,ナイル殺人事件,ナ,2022,,ケネス・ブラナー,トム・ベイトマン/アネット・ベニング/ケネス・ブラナー/ラッセル・ブランド/アリ・ファザル/ドーン・フレンチ/ガル・ガドット/アーミー・ハマー/ローズ・レスリー/エマ・マッキー/ソフィー・オコネドー/ジェニファー・ソーンダース/レティーシャ・ライト,single,2026/9/25,https://res.cloudinary.com/hf9tv6vn/image/upload/54-166A.jpg,表面,portrait ,https://res.cloudinary.com/hf9tv6vn/image/upload/54-166B.jpg,裏面,portrait,,,,,,,
54-167,トロールズ ミュージック★パワー,ト,2020,,ウォルト・ドーン/デヴィッド・P・スミス,アナ・ケンドリック/ジャスティン・ティンバーレイク/レイチェル・ブルーム/ロン・ファンチズ/ケリー・クラークソン/アンダーソン・パーク/サム・ロックウェル/ジョージ・クリントン/メアリー・J. ブライジ,single,2026/9/25,https://res.cloudinary.com/hf9tv6vn/image/upload/54-167A.jpg,表面,portrait ,https://res.cloudinary.com/hf9tv6vn/image/upload/54-167B.jpg,裏面,portrait,,,,,,,
54-168,小さなバイキング　ビッケ,チ,2019,,エリック・カズ,,single,2026/9/25,https://res.cloudinary.com/hf9tv6vn/image/upload/54-168A.jpg,表面,portrait ,https://res.cloudinary.com/hf9tv6vn/image/upload/54-168B.jpg,裏面,portrait,,,,,,,
54-169,グリーンランド -地球最後の2日間-,グ,2020,,リック・ローマン・ウォー,ジェラルド・バトラー/モリーナ・バッカリン/スコット・グレン/アンドリュー・バチェラー,bifold,2026/9/25,https://res.cloudinary.com/hf9tv6vn/image/upload/54-169A.jpg,表面,portrait ,https://res.cloudinary.com/hf9tv6vn/image/upload/54-169B.jpg,裏面,portrait,https://res.cloudinary.com/hf9tv6vn/image/upload/54-169C.jpg,中面,landscape,,,,
54-170,リトル・ジョー ,リ,2019,,ジェシカ・ハウスナー,エミリー・ビーチャム/ベン・ウィショー,single,2026/9/25,https://res.cloudinary.com/hf9tv6vn/image/upload/54-170A.jpg,表面,portrait ,https://res.cloudinary.com/hf9tv6vn/image/upload/54-170B.jpg,裏面,portrait,,,,,,,
54-171,海底47m 古代マヤの死の迷宮,カ,2019,,ヨハネス・ロバーツ,ソフィー・ネリッセ/コリーヌ・フォックス/ブリアンヌ・チュー/システィーン・スタローン,single,2026/9/25,https://res.cloudinary.com/hf9tv6vn/image/upload/54-171A.jpg,表面,portrait ,https://res.cloudinary.com/hf9tv6vn/image/upload/54-171B.jpg,裏面,portrait,,,,,,,
54-172,ミッドウェイ,ミ,2019,,ローランド・エメリッヒ,エド・スクライン/パトリック・ウィルソン/ルーク・エヴァンズ/アーロン・エッカート/ニック・ジョナス/豊川悦司/浅野忠信/國村隼/マンディ・ムーア/デニス・クエイド/ウディ・ハレルソン,single,2026/9/25,https://res.cloudinary.com/hf9tv6vn/image/upload/54-172A.jpg,表面,portrait ,https://res.cloudinary.com/hf9tv6vn/image/upload/54-172B.jpg,裏面,landscape,,,,,,,
54-173,ソニア　ナチスの女スパイ,ソ,2019,,イェンス・ヨンソン,"イングリッド・ボルゾ・ベルダル/ル	ロルフ・ラッスゴード/アレクサンダー・シェーア/ダミアン・シャペル",single,2026/9/25,https://res.cloudinary.com/hf9tv6vn/image/upload/54-173A.jpg,表面,portrait ,https://res.cloudinary.com/hf9tv6vn/image/upload/54-173B.jpg,裏面,portrait,,,,,,,
54-174,リトル・ミス・サンシャイン デジタル版,リ,2020,,ジョナサン・デイトン/ヴァレリー・ファリス,グレッグ・キニア/スティーヴ・カレル/トニ・コレット/ポール・ダノ/アビゲイル・ブレスリン/アラン・アーキン,single,2026/9/25,https://res.cloudinary.com/hf9tv6vn/image/upload/54-174A.jpg,表面,portrait ,https://res.cloudinary.com/hf9tv6vn/image/upload/54-174B.jpg,裏面,portrait,,,,,,,
54-175,アンチグラビティ,ア,2019,,ニキータ・アルグノフ,リナル・ムハメトフ/コンスタンチン・ラヴロネンコ/ルボフ・アクショノーヴァ/ミロシュ・ビコヴィッチ,single,2026/9/25,https://res.cloudinary.com/hf9tv6vn/image/upload/54-175A.jpg,表面,portrait ,https://res.cloudinary.com/hf9tv6vn/image/upload/54-175B.jpg,裏面,portrait,,,,,,,
54-176,ライド・ライク・ア・ガール,ラ,2019,,レイチェル・グリフィス,テリーサ・パーマー/サム・ニール/ブルック・サッチウェル/アンネリーゼ・アップス/ザラ・ゾーイ/ケイティ・キャッスルズ/スティーヴィー・ペイン,single,2026/9/25,https://res.cloudinary.com/hf9tv6vn/image/upload/54-176A.jpg,表面,portrait ,https://res.cloudinary.com/hf9tv6vn/image/upload/54-176B.jpg,裏面,portrait,,,,,,,
54-177,ジャングル・クルーズ,ジ,2021,,ジャウム・コレット＝セラ,ドウェイン・ジョンソン/エミリー・ブラント/エドガー・ラミレス/ジャック・ホワイトホール/ジェシー・プレモンス/ポール・ジアマッティ,single,2026/9/25,https://res.cloudinary.com/hf9tv6vn/image/upload/54-177A.jpg,表面,portrait ,https://res.cloudinary.com/hf9tv6vn/image/upload/54-177B.jpg,裏面,portrait,,,,,,,
54-178,ワイルド・スピード/ジェットブレイク,ワ,2021,,ジャスティン・リン,ヴィン・ディーゼル/ミシェル・ロドリゲス/ジョーダナ・ブリュースター/タイリース・ギブソン/クリス・“リュダクリス”・ブリッジス/ナタリー・エマニュエル/サン・カン/アンナ・サワイ/ルーカス・ブラック/ジョン・シナ/ヘレン・ミレン/カート・ラッセル/シャーリーズ・セロン,bifold,2026/9/25,https://res.cloudinary.com/hf9tv6vn/image/upload/54-178A.jpg,表面,portrait ,https://res.cloudinary.com/hf9tv6vn/image/upload/54-178B.jpg,裏面,portrait,https://res.cloudinary.com/hf9tv6vn/image/upload/54-178C.jpg,中面,landscape,,,,
54-179,ロン 僕のポンコツ・ボット,ロ,2021,,ジャン＝フィリップ・ヴァイン/サラ・スミス,ザック・ガリフィアナキス/ジャック・ディラン・グレイザー/オリヴィア・コールマン/エド・ヘルムズ/ジャスティス・スミス/ロブ・ディレイニー/カイリー・キャントラル/リカルド・ウルタド/マーカス・スクリブナー/トーマス・バルブスカ,single,2026/9/25,https://res.cloudinary.com/hf9tv6vn/image/upload/54-179A.jpg,表面,portrait ,https://res.cloudinary.com/hf9tv6vn/image/upload/54-179B.jpg,裏面,portrait,,,,,,,
54-180,キャッシュトラック,キ,2021,,ガイ・リッチー,ジェイソン・ステイサム/ホルト・マッキャラニー/ジェフリー・ドノヴァン/ジョシュ・ハートネット/ラズ・アロンソ/ラウル・カスティーロ/デオビア・オパレイ/エディ・マーサン/スコット・イーストウッド,single,2026/9/25,https://res.cloudinary.com/hf9tv6vn/image/upload/54-180A.jpg,表面,portrait ,https://res.cloudinary.com/hf9tv6vn/image/upload/54-180B.jpg,裏面,portrait,,,,,,,
54-181,レミニセンス,レ,2021,,リサ・ジョイ,ヒュー・ジャックマン/レベッカ・ファーガソン/タンディ・ニュートン/ダニエル・ウー/クリフ・カーティス/ブレット・カレン,single,2026/9/25,https://res.cloudinary.com/hf9tv6vn/image/upload/54-181A.jpg,表面,portrait ,https://res.cloudinary.com/hf9tv6vn/image/upload/54-181B.jpg,裏面,landscape,,,,,,,
54-182,モンタナの目撃者,モ,2021,,テイラー・シェリダン,アンジェリーナ・ジョリー/フィン・リトル/ニコラス・ホルト/エイダン・ギレン/ジョン・バーンサル/メディナ・センゴア/タイラー・ペリー,single,2026/9/25,https://res.cloudinary.com/hf9tv6vn/image/upload/54-182A.jpg,表面,portrait ,https://res.cloudinary.com/hf9tv6vn/image/upload/54-182B.jpg,裏面,portrait,,,,,,,
54-183,スペース・プレイヤーズ,ス,2021,,マルコム・D・リー,レブロン・ジェームズ/ドン・チードル/ソネクア・マーティン＝グリーン/ジェフ・バーグマン/エリック・バウザ/ゼンデイヤ,single,2026/9/25,https://res.cloudinary.com/hf9tv6vn/image/upload/54-183A.jpg,表面,portrait ,https://res.cloudinary.com/hf9tv6vn/image/upload/54-183B.jpg,裏面,portrait,,,,,,,
54-184,オールド,オ,2021,,M・ナイト・シャマラン,ガエル・ガルシア・ベルナル/ヴィッキー・クリープス/ルーファス・シーウェルアレックス・ウルフ/トーマシン・マッケンジー/アビー・リー/ニキ・アムカ＝バード/ケン・レオン/エリザ・スカンレン/アーロン・ピエール/エンベス・デイヴィッツ/イーモン・エリオット,single,2026/9/25,https://res.cloudinary.com/hf9tv6vn/image/upload/54-184A.jpg,表面,portrait ,https://res.cloudinary.com/hf9tv6vn/image/upload/54-184B.jpg,裏面,portrait,,,,,,,
54-185,ドント・ブリーズ2,ド,2021,,ロド・サヤゲス,スティーヴン・ラング/ブレンダン・セクストン3世/マデリン・グレイス,single,2026/9/25,https://res.cloudinary.com/hf9tv6vn/image/upload/54-185A.jpg,表面,portrait ,https://res.cloudinary.com/hf9tv6vn/image/upload/54-185B.jpg,裏面,portrait,,,,,,,
54-186,ザ・スーサイド・スクワッド “極”悪党/集結,ザ,2021,,ジェームズ・ガン,マーゴット・ロビー/イドリス・エルバ/ジョン・シナジョエル・キナマン/デヴィッド・ダストマルチャン/ダニエラ・メルシオール/スティーヴ・エイジー/シルヴェスター・スタローン/ヴィオラ・デイヴィス/ジェニファー・ホランド/アリシー・ブラガ/アン・ディエゴ・ボト/ホアキン・コシオ/マイケル・ルーカー/ジェイ・コートニー/ショーン・ガン/タイカ・ワイティティ/ピーター・カパルディ,single,2026/9/25,https://res.cloudinary.com/hf9tv6vn/image/upload/54-186A.jpg,表面,portrait ,https://res.cloudinary.com/hf9tv6vn/image/upload/54-186B.jpg,裏面,landscape,,,,,,,
54-187,ザ・スーサイド・スクワッド “極”悪党/集結,ザ,2021,,ジェームズ・ガン,マーゴット・ロビー/イドリス・エルバ/ジョン・シナジョエル・キナマン/デヴィッド・ダストマルチャン/ダニエラ・メルシオール/スティーヴ・エイジー/シルヴェスター・スタローン/ヴィオラ・デイヴィス/ジェニファー・ホランド/アリシー・ブラガ/アン・ディエゴ・ボト/ホアキン・コシオ/マイケル・ルーカー/ジェイ・コートニー/ショーン・ガン/タイカ・ワイティティ/ピーター・カパルディ,bifold,2026/9/25,https://res.cloudinary.com/hf9tv6vn/image/upload/54-187A.jpg,表面,portrait ,https://res.cloudinary.com/hf9tv6vn/image/upload/54-187B.jpg,裏面,portrait,https://res.cloudinary.com/hf9tv6vn/image/upload/54-187C.jpg,中面,landscape,,,,
54-188,MINAMATA－ミナマタ－,M,2020,,アンドリュー・レヴィタス,ジョニー・デップ/真田広之/美波/國村隼/加瀬亮/浅野忠信/岩瀬晶子/ビル・ナイ,single,2026/9/25,https://res.cloudinary.com/hf9tv6vn/image/upload/54-188A.jpg,表面,portrait ,https://res.cloudinary.com/hf9tv6vn/image/upload/54-188B.jpg,裏面,portrait,,,,,,,
54-189,Summer of 85,S,2020,,フランソワ・オゾン,フェリックス・ルフェーヴル/バンジャマン・ヴォワザン/フィリッピーヌ・ヴェルジュ/ヴァレリア・ブルーニ・テデスキ/メルヴィル・プポー/イザベル・ナンティ,single,2026/9/25,https://res.cloudinary.com/hf9tv6vn/image/upload/54-189A.jpg,表面,landscape,https://res.cloudinary.com/hf9tv6vn/image/upload/54-189B.jpg,裏面,landscape,,,,,,,
54-190,トップガン マーヴェリック,ト,2022,,ジョセフ・コシンスキー,トム・クルーズ/マイルズ・テラー/ジェニファー・コネリー/ジョン・ハムグレン・パウエル/ルイス・プルマン/エド・ハリス/ヴァル・キルマー,bifold,2026/9/25,https://res.cloudinary.com/hf9tv6vn/image/upload/54-190A.jpg,表面,portrait ,https://res.cloudinary.com/hf9tv6vn/image/upload/54-190B.jpg,裏面,portrait,https://res.cloudinary.com/hf9tv6vn/image/upload/54-190C.jpg,中面,landscape,,,,
54-191,死霊館 悪魔のせいなら/無罪。,シ,2021,,マイケル・チャベス,ヴェラ・ファーミガ/パトリック・ウィルソン/スターリング・ジェリンズ/ルアイリ・オコナー,bifold,2026/9/25,https://res.cloudinary.com/hf9tv6vn/image/upload/54-191A.jpg,表面,portrait ,https://res.cloudinary.com/hf9tv6vn/image/upload/54-191B.jpg,裏面,portrait,https://res.cloudinary.com/hf9tv6vn/image/upload/54-191C.jpg,中面,landscape,,,,
54-192,G.I.ジョー：漆黒のスネークアイズ,G,2021,,ロベルト・シュヴェンケ,ヘンリー・ゴールディング/アンドリュー・小路/ウルスラ・コルベロ/サマラ・ウィーヴィング/安部春香/平岳大/イコ・ウワイス,bifold,2026/9/25,https://res.cloudinary.com/hf9tv6vn/image/upload/54-192A.jpg,表面,portrait ,https://res.cloudinary.com/hf9tv6vn/image/upload/54-192B.jpg,裏面,portrait,https://res.cloudinary.com/hf9tv6vn/image/upload/54-192C.jpg,中面,landscape,,,,
54-193,DUNE/デューン 砂の惑星,D,2021,,ドゥニ・ヴィルヌーヴ,ティモシー・シャラメ/レベッカ・ファーガソン/オスカー・アイザック/ジョシュ・ブローリン/ステラン・スカルスガルド/デイヴ・バウティスタ/スティーヴン・マッキンリー・ヘンダーソン/ゼンデイヤ/チャン・チェン/シャロン・ダンカン＝ブルースター/シャーロット・ランプリング/ジェイソン・モモア/ハビエル・バルデム,bifold,2026/9/25,https://res.cloudinary.com/hf9tv6vn/image/upload/54-193A.jpg,表面,portrait ,https://res.cloudinary.com/hf9tv6vn/image/upload/54-193B.jpg,裏面,portrait,https://res.cloudinary.com/hf9tv6vn/image/upload/54-193C.jpg,中面,landscape,,,,
54-194,DUNE/デューン 砂の惑星,D,2021,,ドゥニ・ヴィルヌーヴ,ティモシー・シャラメ/レベッカ・ファーガソン/オスカー・アイザック/ジョシュ・ブローリン/ステラン・スカルスガルド/デイヴ・バウティスタ/スティーヴン・マッキンリー・ヘンダーソン/ゼンデイヤ/チャン・チェン/シャロン・ダンカン＝ブルースター/シャーロット・ランプリング/ジェイソン・モモア/ハビエル・バルデム,single,2026/9/25,https://res.cloudinary.com/hf9tv6vn/image/upload/54-194A.jpg,表面,portrait ,https://res.cloudinary.com/hf9tv6vn/image/upload/54-194B.jpg,裏面,landscape,,,,,,,
54-195,PITY ある不幸な男,P,2019,,バビス・マクリディス,ヤニス・ドラコプロス/エヴィ・サウリドウ/マキス・パパディミトリウ,single,2026/9/25,https://res.cloudinary.com/hf9tv6vn/image/upload/54-195A.jpg,表面,portrait ,https://res.cloudinary.com/hf9tv6vn/image/upload/54-195B.jpg,裏面,portrait,,,,,,,
54-196,最後の決闘裁判,サ,2021,,リドリー・スコット,マット・デイモン/アダム・ドライバー/ジョディ・カマー/ベン・アフレック,single,2026/9/25,https://res.cloudinary.com/hf9tv6vn/image/upload/54-196A.jpg,表面,portrait ,https://res.cloudinary.com/hf9tv6vn/image/upload/54-196B.jpg,裏面,portrait,,,,,,,
54-197,エターナルズ,エ,2021,,クロエ・ジャオ,ジェンマ・チャン/リチャード・マッデン/クメイル・ナンジアニ/リア・マクヒュー/ブライアン・タイリー・ヘンリー/ローレン・リドロフ/バリー・コーガン/ドン・リー/キット・ハリントン/サルマ・ハエック/アンジェリーナ・ジョリー/デビッド・ケイ/ビル・スカルスガルド,single,2026/9/25,https://res.cloudinary.com/hf9tv6vn/image/upload/54-197A.jpg,表面,portrait ,https://res.cloudinary.com/hf9tv6vn/image/upload/54-197B.jpg,裏面,portrait,,,,,,,
54-198,マルセル＆ムッシュ・パニョル,マ,2025,,シルヴァン・ショメ,,single,2026/9/25,https://res.cloudinary.com/hf9tv6vn/image/upload/54-198A.jpg,表面,portrait ,https://res.cloudinary.com/hf9tv6vn/image/upload/54-198B.jpg,裏面,portrait,,,,,,,
54-199,プラド美術館　驚異のコレクション,プ,2019,,バレリア・パリシ,ジェレミー・アイアンズ,single,2026/9/25,https://res.cloudinary.com/hf9tv6vn/image/upload/54-199A.jpg,表面,portrait ,https://res.cloudinary.com/hf9tv6vn/image/upload/54-199B.jpg,裏面,portrait,,,,,,,
54-200,ムーラン,ム,2020,,ニキ・カーロ,リウ・イーフェイ/ドニー・イェン/コン・リー/ジェット・リー/ジェイソン・スコット・リー/ヨソン・アン/ツィ・マー,single,2026/9/25,https://res.cloudinary.com/hf9tv6vn/image/upload/54-200A.jpg,表面,portrait ,https://res.cloudinary.com/hf9tv6vn/image/upload/54-200B.jpg,裏面,portrait,,,,,,,
6月1日,生き残るヤツ,イ,1971,,イヴァン・パッセル,ジョージ・シーガル/カレン・ブラック/ポーラ・プレンティス/ジェイ・フレッチャー/ヘクター・エリゾンド/ロバート・デ・ニーロ/エド・マドセン/マーシャ・ジーン・クルツ/アーヴィング・セルブスト/ジャック・ホランダー/バート・ヤング/ポール・ベンジャミン,single,2026/9/25,https://res.cloudinary.com/hf9tv6vn/image/upload/6-1A.jpg,表面,portrait ,https://res.cloudinary.com/hf9tv6vn/image/upload/6-1B.jpg,裏面,portrait,,,,,,,
6月2日,ミーン・ストリート,ミ,1973,,マーティン・スコセッシ,ロバート・デ・ニーロ/ハーヴェイ・カイテル/ デヴィッド・プローヴァル/エイミー・ロビンソン/リチャード・ロマナス/デヴィッド・キャラダイン/ロバート・キャラダイン,single,2026/9/25,https://res.cloudinary.com/hf9tv6vn/image/upload/6-2A.jpg,表面,portrait ,https://res.cloudinary.com/hf9tv6vn/image/upload/6-2B.jpg,裏面,portrait,,,,,,,
6月3日,ゴッドファーザー PART II,ゴ,1974,,フランシス・フォード・コッポラ,アル・パチーノ/ロバート・デュヴァル/ダイアン・キートン/ロバート・デ・ニーロ,single,2026/9/25,https://res.cloudinary.com/hf9tv6vn/image/upload/6-3A.jpg,表面,portrait ,https://res.cloudinary.com/hf9tv6vn/image/upload/6-3B.jpg,裏面,portrait,,,,,,,
6月4日,1900年,1,1976,,ベルナルド・ベルトルッチ,ロバート・デ・ニーロ/ジェラール・ドパルデュー/ドミニク・サンダ,single,2026/9/25,https://res.cloudinary.com/hf9tv6vn/image/upload/6-4A.jpg,表面,portrait ,https://res.cloudinary.com/hf9tv6vn/image/upload/6-4B.jpg,裏面,portrait,,,,,,,
6月5日,タクシードライバー,タ,1976,,マーティン・スコセッシ,ロバート・デ・ニーロ/シビル・シェパード/ハーヴェイ・カイテル/ジョディ・フォスター/ピーター・ボイル/アルバート・ブルックス,single,2026/9/25,https://res.cloudinary.com/hf9tv6vn/image/upload/6-5A.jpg,表面,portrait ,https://res.cloudinary.com/hf9tv6vn/image/upload/6-5B.jpg,裏面,portrait,,,,,,,
6月6日,ラスト・タイクーン,ラ,1976,,エリア・カザン,ロバート・デ・ニーロ/ジャック・ニコルソン/トニー・カーティス/ロバート・ミッチャム/ジャンヌ・モロー,single,2026/9/25,https://res.cloudinary.com/hf9tv6vn/image/upload/6-6A.jpg,表面,portrait ,https://res.cloudinary.com/hf9tv6vn/image/upload/6-6B.jpg,裏面,portrait,,,,,,,
6月7日,ニューヨーク・ニューヨーク,ニ,1977,,マーティン・スコセッシ,ライザ・ミネリ/ロバート・デ・ニーロ,single,2026/9/25,https://res.cloudinary.com/hf9tv6vn/image/upload/6-7A.jpg,表面,portrait ,https://res.cloudinary.com/hf9tv6vn/image/upload/6-7B.jpg,裏面,portrait,,,,,,,
6月8日,ディア・ハンター,デ,1978,,マイケル・チミノ,ロバート・デ・ニーロ/クリストファー・ウォーケン/ジョン・カザール/ジョン・サヴェージ/メリル・ストリープ,single,2026/9/25,https://res.cloudinary.com/hf9tv6vn/image/upload/6-8A.jpg,表面,portrait ,https://res.cloudinary.com/hf9tv6vn/image/upload/6-8B.jpg,裏面,portrait,,,,,,,
6月9日,ディア・ハンター,デ,1978,,マイケル・チミノ,ロバート・デ・ニーロ/クリストファー・ウォーケン/ジョン・カザール/ジョン・サヴェージ/メリル・ストリープ,single,2026/9/25,https://res.cloudinary.com/hf9tv6vn/image/upload/6-9A.jpg,表面,portrait ,https://res.cloudinary.com/hf9tv6vn/image/upload/6-9B.jpg,裏面,portrait,,,,,,,
6月10日,ディア・ハンター,デ,1978,,マイケル・チミノ,ロバート・デ・ニーロ/クリストファー・ウォーケン/ジョン・カザール/ジョン・サヴェージ/メリル・ストリープ,single,2026/9/25,https://res.cloudinary.com/hf9tv6vn/image/upload/6-10A.jpg,表面,portrait ,https://res.cloudinary.com/hf9tv6vn/image/upload/6-10B.jpg,裏面,portrait,,,,,,,
6月11日,レイジング・ブル,レ,1980,,マーティン・スコセッシ,ロバート・デ・ニーロ/キャシー・モリアーティ/ジョー・ペシ/フランク・ヴィンセント/ニコラス・コラサント/テレサ・サルダナ,single,2026/9/25,https://res.cloudinary.com/hf9tv6vn/image/upload/6-11A.jpg,表面,portrait ,https://res.cloudinary.com/hf9tv6vn/image/upload/6-11B.jpg,裏面,portrait,,,,,,,
6月12日,ゴッドファーザー/ゴッドファーザー PART II,ゴ,1981,,フランシス・フォード・コッポラ,マーロン・ブランド/アル・パチーノ/ロバート・デュヴァル/ダイアン・キートン/ロバート・デ・ニーロ,single,2026/9/25,https://res.cloudinary.com/hf9tv6vn/image/upload/6-12A.jpg,表面,portrait ,https://res.cloudinary.com/hf9tv6vn/image/upload/6-12B.jpg,裏面,portrait,,,,,,,
6月13日,告白,コ,1981,,ウール・グロスバード,ロバート・デ・ニーロ/ロバート・デュヴァル,single,2026/9/25,https://res.cloudinary.com/hf9tv6vn/image/upload/6-13A.jpg,表面,portrait ,https://res.cloudinary.com/hf9tv6vn/image/upload/6-13B.jpg,裏面,portrait,,,,,,,
6月14日,キング・オブ・コメディ,キ,1982,,マーティン・スコセッシ,ロバート・デ・ニーロ/ジェリー・ルイス,single,2026/9/25,https://res.cloudinary.com/hf9tv6vn/image/upload/6-14A.jpg,表面,portrait ,https://res.cloudinary.com/hf9tv6vn/image/upload/6-14B.jpg,裏面,portrait,,,,,,,
6月15日,恋におちて,コ,1984,,ウール・グロスバード,ロバート・デ・ニーロ/メリル・ストリープ,single,2026/9/25,https://res.cloudinary.com/hf9tv6vn/image/upload/6-15A.jpg,表面,portrait ,https://res.cloudinary.com/hf9tv6vn/image/upload/6-15B.jpg,裏面,portrait,,,,,,,
6月16日,恋におちて,コ,1984,,ウール・グロスバード,ロバート・デ・ニーロ/メリル・ストリープ,single,2026/9/25,https://res.cloudinary.com/hf9tv6vn/image/upload/6-16A.jpg,表面,portrait ,https://res.cloudinary.com/hf9tv6vn/image/upload/6-16B.jpg,裏面,portrait,,,,,,,
6月17日,ワンス・アポン・ア・タイム・イン・アメリカ,ワ,1984,,セルジオ・レオーネ,ロバート・デ・ニーロ/ジェームズ・ウッズ/エリザベス・マクガヴァン/ジョー・ペシ/ジェニファー・コネリー,single,2026/9/25,https://res.cloudinary.com/hf9tv6vn/image/upload/6-17A.jpg,表面,portrait ,https://res.cloudinary.com/hf9tv6vn/image/upload/6-17B.jpg,裏面,portrait,,,,,,,
6月18日,ワンス・アポン・ア・タイム・イン・アメリカ,ワ,1984,,セルジオ・レオーネ,ロバート・デ・ニーロ/ジェームズ・ウッズ/エリザベス・マクガヴァン/ジョー・ペシ/ジェニファー・コネリー,single,2026/9/25,https://res.cloudinary.com/hf9tv6vn/image/upload/6-18A.jpg,表面,portrait ,https://res.cloudinary.com/hf9tv6vn/image/upload/6-18B.jpg,裏面,portrait,,,,,,,
6月19日,未来世紀ブラジル,ミ,1985,,テリー・ギリアム,ジョナサン・プライス/ロバート・デ・ニーロ/マイケル・ペイリン,single,2026/9/25,https://res.cloudinary.com/hf9tv6vn/image/upload/6-19A.jpg,表面,portrait ,https://res.cloudinary.com/hf9tv6vn/image/upload/6-19B.jpg,裏面,portrait,,,,,,,
6月20日,未来世紀ブラジル/バイオ・インフェルノ,ミ,1985,,テリー・ギリアム/ハル・バーウッド,ジョナサン・プライス/ロバート・デ・ニーロ/マイケル・ペイリン/サム・ウォーターストン/キャスリーン・クインラン/ヤフェット・コットー/ジェフリー・デマン/リチャード・ダイサート,single,2026/9/25,https://res.cloudinary.com/hf9tv6vn/image/upload/6-20A.jpg,表面,landscape,https://res.cloudinary.com/hf9tv6vn/image/upload/6-20B.jpg,裏面,landscape,,,,,,,
6月21日,ミッション,ミ,1986,,ローランド・ジョフィ,ロバート・デ・ニーロ/ジェレミー・アイアンズ,single,2026/9/25,https://res.cloudinary.com/hf9tv6vn/image/upload/6-21A.jpg,表面,portrait ,https://res.cloudinary.com/hf9tv6vn/image/upload/6-21B.jpg,裏面,portrait,,,,,,,
6月22日,ミッション,ミ,1986,,ローランド・ジョフィ,ロバート・デ・ニーロ/ジェレミー・アイアンズ,single,2026/9/25,https://res.cloudinary.com/hf9tv6vn/image/upload/6-22A.jpg,表面,portrait ,https://res.cloudinary.com/hf9tv6vn/image/upload/6-22B.jpg,裏面,portrait,,,,,,,
6月23日,エンゼル・ハート,エ,1987,,アラン・パーカー,ミッキー・ローク/ロバート・デニーロ,single,2026/9/25,https://res.cloudinary.com/hf9tv6vn/image/upload/6-23A.jpg,表面,portrait ,https://res.cloudinary.com/hf9tv6vn/image/upload/6-23B.jpg,裏面,portrait,,,,,,,
6月24日,プレデター/エンゼル・ハート,プ,1987,,ジョン・マクティアナン/アラン・パーカー,アーノルド・シュワルツェネッガー/カール・ウェザース/エルピディア・カリー/ロビル・デューク/ジェシー・ベンチュラ/ケヴィン・ピーター・ホール/ミッキー・ローク/ロバート・デニーロ,single,2026/9/25,https://res.cloudinary.com/hf9tv6vn/image/upload/6-24A.jpg,表面,landscape,https://res.cloudinary.com/hf9tv6vn/image/upload/6-24B.jpg,裏面,landscape,,,,,,,
6月25日,ディア・アメリカ 戦場からの手紙,デ,1987,,ビル・コーチュリー,ロバート・デ・ニーロ/マイケル・J・フォックス/トム・ベレンジャー/マット・ディロン/ウィレム・デフォー/ショーン・ペン/ブライアン・デネヒー/ロビン・ウィリアムズ/マーティン・シーン/ロバート・ダウニー・Jr/エレン・バースティン/キャスリーン・ターナー/ハーヴェイ・カイテル,single,2026/9/25,https://res.cloudinary.com/hf9tv6vn/image/upload/6-25A.jpg,表面,portrait ,https://res.cloudinary.com/hf9tv6vn/image/upload/6-25B.jpg,裏面,portrait,,,,,,,
6月26日,アンタッチャブル,ア,1987,,ブライアン・デ・パルマ,ケビン・コスナー/チャールズ・マーティン・スミス/アンディ・ガルシア/ロバート・デ・ニーロ/ショーン・コネリー,single,2026/9/25,https://res.cloudinary.com/hf9tv6vn/image/upload/6-26A.jpg,表面,portrait ,https://res.cloudinary.com/hf9tv6vn/image/upload/6-26B.jpg,裏面,portrait,,,,,,,
6月27日,ミッドナイト・ラン,ミ,1988,,マーティン・ブレスト,ロバート・デ・ニーロ/チャールズ・グローディン,single,2026/9/25,https://res.cloudinary.com/hf9tv6vn/image/upload/6-27A.jpg,表面,portrait ,https://res.cloudinary.com/hf9tv6vn/image/upload/6-27B.jpg,裏面,portrait,,,,,,,
6月28日,ミッドナイト・ラン,ミ,1988,,マーティン・ブレスト,ロバート・デ・ニーロ/チャールズ・グローディン,single,2026/9/25,https://res.cloudinary.com/hf9tv6vn/image/upload/6-28A.jpg,表面,portrait ,https://res.cloudinary.com/hf9tv6vn/image/upload/6-28B.jpg,裏面,portrait,,,,,,,
6月29日,ジャックナイフ,ジ,1989,,デヴィッド・ジョーンズ,ロバート・デ・ニーロ/エド・ハリス/キャシー・ベイカー,single,2026/9/25,https://res.cloudinary.com/hf9tv6vn/image/upload/6-29A.jpg,表面,portrait ,https://res.cloudinary.com/hf9tv6vn/image/upload/6-29B.jpg,裏面,portrait,,,,,,,
6月30日,俺たちは天使じゃない,オ,1989,,ニール・ジョーダン,ロバート・デ・ニーロ/ショーン・ペン/デミ・ムーア,single,2026/9/25,https://res.cloudinary.com/hf9tv6vn/image/upload/6-30A.jpg,表面,portrait ,,,,,,,,,,
6-31,俺たちは天使じゃない,オ,1989,,ニール・ジョーダン,ロバート・デ・ニーロ/ショーン・ペン/デミ・ムーア,single,2026/9/25,https://res.cloudinary.com/hf9tv6vn/image/upload/6-31A.jpg,表面,portrait ,https://res.cloudinary.com/hf9tv6vn/image/upload/6-31B.jpg,裏面,portrait,,,,,,,
6-32,レナードの朝,レ,1991,,ペニー・マーシャル,ロバート・デ・ニーロ/ロビン・ウィリアムズ,single,2026/9/25,https://res.cloudinary.com/hf9tv6vn/image/upload/6-32A.jpg,表面,portrait ,https://res.cloudinary.com/hf9tv6vn/image/upload/6-32B.jpg,裏面,portrait,,,,,,,
6-33,グッドフェローズ,グ,1990,,マーティン・スコセッシ,レイ・リオッタ/ロバート・デ・ニーロ/ジョー・ペシ,single,2026/9/25,https://res.cloudinary.com/hf9tv6vn/image/upload/6-33A.jpg,表面,portrait ,https://res.cloudinary.com/hf9tv6vn/image/upload/6-33B.jpg,裏面,portrait,,,,,,,
6-34,アイリスへの手紙,ア,1990,,マーティン・リット,ジェーン・フォンダ/ロバート・デ・ニーロ,single,2026/9/25,https://res.cloudinary.com/hf9tv6vn/image/upload/6-34A.jpg,表面,portrait ,https://res.cloudinary.com/hf9tv6vn/image/upload/6-34B.jpg,裏面,portrait,,,,,,,
6-35,アイリスへの手紙,ア,1990,,マーティン・リット,ジェーン・フォンダ/ロバート・デ・ニーロ,single,2026/9/25,https://res.cloudinary.com/hf9tv6vn/image/upload/6-35A.jpg,表面,portrait ,https://res.cloudinary.com/hf9tv6vn/image/upload/6-35B.jpg,裏面,portrait,,,,,,,
6-36,バックドラフト,バ,1991,,ロン・ハワード,カート・ラッセル/ウィリアム・ボールドウィン/スコット・グレン/ジェニファー・ジェイソン・リー/レベッカ・デモーネイ/J・T・ウォルシュ/ドナルド・サザーランド/ロバート・デ・ニーロ,single,2026/9/25,https://res.cloudinary.com/hf9tv6vn/image/upload/6-36A.jpg,表面,portrait ,https://res.cloudinary.com/hf9tv6vn/image/upload/6-36B.jpg,裏面,portrait,,,,,,,
6-37,バックドラフト,バ,1991,,ロン・ハワード,カート・ラッセル/ウィリアム・ボールドウィン/スコット・グレン/ジェニファー・ジェイソン・リー/レベッカ・デモーネイ/J・T・ウォルシュ/ドナルド・サザーランド/ロバート・デ・ニーロ,single,2026/9/25,https://res.cloudinary.com/hf9tv6vn/image/upload/6-37A.jpg,表面,portrait ,https://res.cloudinary.com/hf9tv6vn/image/upload/6-37B.jpg,裏面,portrait,,,,,,,
6-38,ケープ・フィアー,ケ,1991,,マーティン・スコセッシ,ロバート・デ・ニーロ/ニック・ノルティ/ジェシカ・ラング/ジュリエット・ルイス/ジョー・ドン・ベイカー/イリーナ・ダグラス/ロバート・ミッチャム/グレゴリー・ペック,single,2026/9/25,https://res.cloudinary.com/hf9tv6vn/image/upload/6-38A.jpg,表面,portrait ,,,,,,,,,,
6-39,ケープ・フィアー,ケ,1991,,マーティン・スコセッシ,ロバート・デ・ニーロ/ニック・ノルティ/ジェシカ・ラング/ジュリエット・ルイス/ジョー・ドン・ベイカー/イリーナ・ダグラス/ロバート・ミッチャム/グレゴリー・ペック,single,2026/9/25,https://res.cloudinary.com/hf9tv6vn/image/upload/6-39A.jpg,表面,portrait ,https://res.cloudinary.com/hf9tv6vn/image/upload/6-39B.jpg,裏面,portrait,,,,,,,
6-40,真実の瞬間,シ,1991,,アーウィン・ウィンクラー,ロバート・デ・ニーロ,single,2026/9/25,https://res.cloudinary.com/hf9tv6vn/image/upload/6-40A.jpg,表面,portrait ,https://res.cloudinary.com/hf9tv6vn/image/upload/6-40B.jpg,裏面,portrait,,,,,,,
6-41,ミストレス,ミ,1992,,バリー・プリマス,ロバート・デ・ニーロ/マーティン・ランドー/ロバート・ウール/ダニー・アイエロ/クリストファー・ウォーケン,single,2026/9/25,https://res.cloudinary.com/hf9tv6vn/image/upload/6-41A.jpg,表面,portrait ,https://res.cloudinary.com/hf9tv6vn/image/upload/6-41B.jpg,裏面,portrait,,,,,,,
6-42,ナイト・アンド・ザ・シティ,ナ,1992,,アーウィン・ウィンクラー,ロバート・デ・ニーロ/ジェシカ・ラング,single,2026/9/25,https://res.cloudinary.com/hf9tv6vn/image/upload/6-42A.jpg,表面,portrait ,https://res.cloudinary.com/hf9tv6vn/image/upload/6-42B.jpg,裏面,portrait,,,,,,,
6-43,恋に落ちたら…,恋,1993,,ベルナルド・ベルトルッチ,ロバート・デ・ニーロ/ジェラール・ドパルデュー/ドミニク・サンダ,single,2026/9/25,https://res.cloudinary.com/hf9tv6vn/image/upload/6-43A.jpg,表面,portrait ,https://res.cloudinary.com/hf9tv6vn/image/upload/6-43B.jpg,裏面,portrait,,,,,,,
6-44,1900,1,1993,,ベルナルド・ベルトルッチ,ロバート・デ・ニーロ/ジェラール・ドパルデュー/ドミニク・サンダ,single,2026/9/25,https://res.cloudinary.com/hf9tv6vn/image/upload/6-44A.jpg,表面,portrait ,https://res.cloudinary.com/hf9tv6vn/image/upload/6-44B.jpg,裏面,portrait,,,,,,,
6-45,ボーイズ・ライフ,ボ,1993,,マイケル・ケイトン＝ジョーンズ,レオナルド・ディカプリオ/ロバート・デ・ニーロ/エレン・バーキン,single,2026/9/25,https://res.cloudinary.com/hf9tv6vn/image/upload/6-45A.jpg,表面,portrait ,https://res.cloudinary.com/hf9tv6vn/image/upload/6-45B.jpg,裏面,portrait,,,,,,,
6-46,ブロンクス物語/愛につつまれた街,ブ,1994,,ロバート・デ・ニーロ,リロ・ブランカート・ジュニア/ロバート・デ・ニーロ/チャズ・パルミンテリ/フランシス・キャプラ,single,2026/9/25,https://res.cloudinary.com/hf9tv6vn/image/upload/6-46A.jpg,表面,portrait ,https://res.cloudinary.com/hf9tv6vn/image/upload/6-46B.jpg,裏面,portrait,,,,,,,
6-47,ブロンクス物語/愛につつまれた街,ブ,1994,,ロバート・デ・ニーロ,リロ・ブランカート・ジュニア/ロバート・デ・ニーロ/チャズ・パルミンテリ/フランシス・キャプラ,single,2026/9/25,https://res.cloudinary.com/hf9tv6vn/image/upload/6-47A.jpg,表面,portrait ,https://res.cloudinary.com/hf9tv6vn/image/upload/6-47B.jpg,裏面,portrait,,,,,,,
6-48,フランケンシュタイン,フ,1994,,ケネス・ブラナー,ロバート・デ・ニーロ/ケネス・ブラナー,single,2026/9/25,https://res.cloudinary.com/hf9tv6vn/image/upload/6-48A.jpg,表面,portrait ,https://res.cloudinary.com/hf9tv6vn/image/upload/6-48B.jpg,裏面,portrait,,,,,,,
6-49,フランケンシュタイン,フ,1994,,ケネス・ブラナー,ロバート・デ・ニーロ/ケネス・ブラナー,single,2026/9/25,https://res.cloudinary.com/hf9tv6vn/image/upload/6-49A.jpg,表面,portrait ,https://res.cloudinary.com/hf9tv6vn/image/upload/6-49B.jpg,裏面,portrait,,,,,,,
6-50,百一夜,ヒ,1995,,アニエス・ヴァルダ,ミシェル・ピコリ/マルチェロ・マストロヤンニ/ジュリー・ガイエ/マチュー・ドゥミ/エマニュエル・サランジェ/アンリ・ガルサン/アラン・ドロン/ロバート・デ・ニーロ/カトリーヌ・ドヌーヴ/ロマーヌ・ボーランジェ/ハリソン・フォード/ジャンヌ・モロー/ジャン＝ポール・ベルモンド/ジェラール・ドパルデュー/ファニー・アルダン/ダリル・ハンナ/アヌーク・エーメ/ジーナ・ロロブリジーダ,single,2026/9/25,https://res.cloudinary.com/hf9tv6vn/image/upload/6-50A.jpg,表面,portrait ,https://res.cloudinary.com/hf9tv6vn/image/upload/6-50B.jpg,裏面,portrait,,,,,,,
6-51,カジノ,カ,1995,,マーティン・スコセッシ,ロバート・デ・ニーロ/シャロン・ストーン/ジョー・ペシ,single,2026/9/25,https://res.cloudinary.com/hf9tv6vn/image/upload/6-51A.jpg,表面,portrait ,https://res.cloudinary.com/hf9tv6vn/image/upload/6-51B.jpg,裏面,portrait,,,,,,,
6-52,カジノ,カ,1995,,マーティン・スコセッシ,ロバート・デ・ニーロ/シャロン・ストーン/ジョー・ペシ,single,2026/9/25,https://res.cloudinary.com/hf9tv6vn/image/upload/6-52A.jpg,表面,portrait ,https://res.cloudinary.com/hf9tv6vn/image/upload/6-52B.jpg,裏面,portrait,,,,,,,
6-53,カジノ,カ,1995,,マーティン・スコセッシ,ロバート・デ・ニーロ/シャロン・ストーン/ジョー・ペシ,single,2026/9/25,https://res.cloudinary.com/hf9tv6vn/image/upload/6-53A.jpg,表面,portrait ,https://res.cloudinary.com/hf9tv6vn/image/upload/6-53B.jpg,裏面,portrait,,,,,,,
6-54,ヒート,ヒ,1995,,マイケル・マン,アル・パチーノ/ロバート・デ・ニーロ/ヴァル・キルマー/トム・サイズモア/ダイアン・ヴェノーラエイミー・ブレネマンアシュレイ・ジャッド/ジョン・ヴォイト/ミケルティ・ウィリアムソン/ウェス・ステュディ/テッド・レヴィン,single,2026/9/25,https://res.cloudinary.com/hf9tv6vn/image/upload/6-54A.jpg,表面,portrait ,https://res.cloudinary.com/hf9tv6vn/image/upload/6-54B.jpg,裏面,portrait,,,,,,,
6-55,ヒート,ヒ,1995,,マイケル・マン,アル・パチーノ/ロバート・デ・ニーロ/ヴァル・キルマー/トム・サイズモア/ダイアン・ヴェノーラエイミー・ブレネマンアシュレイ・ジャッド/ジョン・ヴォイト/ミケルティ・ウィリアムソン/ウェス・ステュディ/テッド・レヴィン,single,2026/9/25,https://res.cloudinary.com/hf9tv6vn/image/upload/6-55A.jpg,表面,portrait ,https://res.cloudinary.com/hf9tv6vn/image/upload/6-55B.jpg,裏面,portrait,,,,,,,
6-56,マイ・ルーム,マ,1996,,ジェリー・ザックス,メリル・ストリープ/ダイアン・キートン/レオナルド・ディカプリオ/ロバート・デ・ニーロ,single,2026/9/25,https://res.cloudinary.com/hf9tv6vn/image/upload/6-56A.jpg,表面,portrait ,https://res.cloudinary.com/hf9tv6vn/image/upload/6-56B.jpg,裏面,portrait,,,,,,,
6-57,スリーパーズ,ス,1996,,バリー・レヴィンソン,ケヴィン・ベーコン/ロバート・デ・ニーロ/ダスティン・ホフマン/ジェイソン・パトリック/ブラッド・ピット,single,2026/9/25,https://res.cloudinary.com/hf9tv6vn/image/upload/6-57A.jpg,表面,portrait ,https://res.cloudinary.com/hf9tv6vn/image/upload/6-57B.jpg,裏面,portrait,,,,,,,
6-58,スリーパーズ,ス,1996,,バリー・レヴィンソン,ケヴィン・ベーコン/ロバート・デ・ニーロ/ダスティン・ホフマン/ジェイソン・パトリック/ブラッド・ピット,single,2026/9/25,https://res.cloudinary.com/hf9tv6vn/image/upload/6-58A.jpg,表面,portrait ,https://res.cloudinary.com/hf9tv6vn/image/upload/6-58B.jpg,裏面,portrait,,,,,,,
6-59,ザ・ファン,ザ,1996,,トニー・スコット,ロバート・デ・ニーロ.ウェズリー・スナイプス,single,2026/9/25,https://res.cloudinary.com/hf9tv6vn/image/upload/6-59A.jpg,表面,portrait ,https://res.cloudinary.com/hf9tv6vn/image/upload/6-59B.jpg,裏面,portrait,,,,,,,
6-60,ザ・ファン,ザ,1996,,トニー・スコット,ロバート・デ・ニーロ.ウェズリー・スナイプス,single,2026/9/25,https://res.cloudinary.com/hf9tv6vn/image/upload/6-60A.jpg,表面,portrait ,https://res.cloudinary.com/hf9tv6vn/image/upload/6-60B.jpg,裏面,portrait,,,,,,,
6-61,コップランド,コ,1997,,ジェームズ・マンゴールド,シルヴェスター・スタローン/ハーヴェイ・カイテル/レイ・リオッタ/ロバート・デ・ニーロ,single,2026/9/25,https://res.cloudinary.com/hf9tv6vn/image/upload/6-61A.jpg,表面,portrait ,https://res.cloudinary.com/hf9tv6vn/image/upload/6-61B.jpg,裏面,portrait,,,,,,,
6-62,コップランド,コ,1997,,ジェームズ・マンゴールド,シルヴェスター・スタローン/ハーヴェイ・カイテル/レイ・リオッタ/ロバート・デ・ニーロ,single,2026/9/25,https://res.cloudinary.com/hf9tv6vn/image/upload/6-62A.jpg,表面,portrait ,https://res.cloudinary.com/hf9tv6vn/image/upload/6-62B.jpg,裏面,portrait,,,,,,,
6-63,コップランド,コ,1997,,ジェームズ・マンゴールド,シルヴェスター・スタローン/ハーヴェイ・カイテル/レイ・リオッタ/ロバート・デ・ニーロ,single,2026/9/25,https://res.cloudinary.com/hf9tv6vn/image/upload/6-63A.jpg,表面,portrait ,https://res.cloudinary.com/hf9tv6vn/image/upload/6-63B.jpg,裏面,portrait,,,,,,,
6-64,ジャッキー・ブラウン,ジ,1997,,クエンティン・タランティーノ,パム・グリア/サミュエル・L・ジャクソン/ロバート・フォスター/ロバート・デ・ニーロ/ブリジット・フォンダ/マイケル・キートン,single,2026/9/25,https://res.cloudinary.com/hf9tv6vn/image/upload/6-64A.jpg,表面,landscape,https://res.cloudinary.com/hf9tv6vn/image/upload/6-64B.jpg,裏面,landscape,,,,,,,
6-65,KING OF CULT SHOW,K,1997,,,,single,2026/9/25,https://res.cloudinary.com/hf9tv6vn/image/upload/6-65A.jpg,表面,portrait ,https://res.cloudinary.com/hf9tv6vn/image/upload/6-65B.jpg,裏面,portrait,,,,,,,
6-66,KING OF CULT SHOW（未来世紀ブラジル）,K,1997,,テリー・ギリアム,ジョナサン・プライス/ロバート・デ・ニーロ/マイケル・ペイリン,single,2026/9/25,https://res.cloudinary.com/hf9tv6vn/image/upload/6-66A.jpg,表面,portrait ,https://res.cloudinary.com/hf9tv6vn/image/upload/6-66B.jpg,裏面,portrait,,,,,,,
6-67,ウワサの真相/ワグ・ザ・ドッグ,ウ,1997,,バリー・レビンソン,ダスティン・ホフマン/ロバート・デ・ニーロ/アン・ヘッチ,single,2026/9/25,https://res.cloudinary.com/hf9tv6vn/image/upload/6-67A.jpg,表面,portrait ,https://res.cloudinary.com/hf9tv6vn/image/upload/6-67B.jpg,裏面,portrait,,,,,,,
6-68,ウワサの真相/ワグ・ザ・ドッグ,ウ,1997,,バリー・レビンソン,ダスティン・ホフマン/ロバート・デ・ニーロ/アン・ヘッチ,single,2026/9/25,https://res.cloudinary.com/hf9tv6vn/image/upload/6-68A.jpg,表面,portrait ,https://res.cloudinary.com/hf9tv6vn/image/upload/6-68B.jpg,裏面,portrait,,,,,,,
6-69,大いなる遺産,オ,1998,,アルフォンソ・キュアロン,イーサン・ホーク/グウィネス・パルトロー/ハンク・アザリア/クリス・クーパー/アン・バンクロフト/ロバート・デ・ニーロ,single,2026/9/25,https://res.cloudinary.com/hf9tv6vn/image/upload/6-69A.jpg,表面,portrait ,https://res.cloudinary.com/hf9tv6vn/image/upload/6-69B.jpg,裏面,portrait,,,,,,,
6-70,RONIN,R,1998,,ジョン・フランケンハイマー,ロバート・デ・ニーロ/ジャン・レノ/ナターシャ・マケルホーン/ステラン・スカルスガルド/ショーン・ビーン/ジョナサン・プライス,single,2026/9/25,https://res.cloudinary.com/hf9tv6vn/image/upload/6-70A.jpg,表面,portrait ,https://res.cloudinary.com/hf9tv6vn/image/upload/6-70B.jpg,裏面,portrait,,,,,,,
6-71,アナライズ・ミー,ア,1999,,ハロルド・ライミス,ロバート・デ・ニーロ/ビリー・クリスタル,single,2026/9/25,https://res.cloudinary.com/hf9tv6vn/image/upload/6-71A.jpg,表面,portrait ,https://res.cloudinary.com/hf9tv6vn/image/upload/6-71B.jpg,裏面,portrait,,,,,,,
6-72,フローレス,フ,1999,,ジョエル・シュマッカー,ロバート・デ・ニーロ/フィリップ・シーモア・ホフマン,single,2026/9/25,https://res.cloudinary.com/hf9tv6vn/image/upload/6-72A.jpg,表面,portrait ,https://res.cloudinary.com/hf9tv6vn/image/upload/6-72B.jpg,裏面,portrait,,,,,,,
6-73,ミート・ザ・ペアレンツ,ミ,2000,,ジェイ・ローチ,ロバート・デ・ニーロ/ベン・スティラー,single,2026/9/25,https://res.cloudinary.com/hf9tv6vn/image/upload/6-73A.jpg,表面,portrait ,https://res.cloudinary.com/hf9tv6vn/image/upload/6-73B.jpg,裏面,portrait,,,,,,,
6-74,ミート・ザ・ペアレンツ,ミ,2000,,ジェイ・ローチ,ロバート・デ・ニーロ/ベン・スティラー,single,2026/9/25,https://res.cloudinary.com/hf9tv6vn/image/upload/6-74A.jpg,表面,portrait ,https://res.cloudinary.com/hf9tv6vn/image/upload/6-74B.jpg,裏面,portrait,,,,,,,
6-75,ザ・ダイバー,ザ,2000,,ジョージ・ティルマン・ジュニア,ロバート・デ・ニーロ/キューバ・グッディング・ジュニア,single,2026/9/25,https://res.cloudinary.com/hf9tv6vn/image/upload/6-75A.jpg,表面,portrait ,https://res.cloudinary.com/hf9tv6vn/image/upload/6-75B.jpg,裏面,portrait,,,,,,,
6-76,15ミニッツ,1,2001,,ジョン・ハーツフェルド,ロバート・デ・ニーロ/エドワード・バーンズ,single,2026/9/25,https://res.cloudinary.com/hf9tv6vn/image/upload/6-76A.jpg,表面,portrait ,https://res.cloudinary.com/hf9tv6vn/image/upload/6-76B.jpg,裏面,portrait,,,,,,,
6-77,スコア,ス,2001,,フランク・オズ,ロバート・デ・ニーロ/エドワード・ノートン/マーロン・ブランド/アンジェラ・バセット,single,2026/9/25,https://res.cloudinary.com/hf9tv6vn/image/upload/6-77A.jpg,表面,portrait ,https://res.cloudinary.com/hf9tv6vn/image/upload/6-77B.jpg,裏面,portrait,,,,,,,
6-78,スコア,ス,2001,,フランク・オズ,ロバート・デ・ニーロ/エドワード・ノートン/マーロン・ブランド/アンジェラ・バセット,single,2026/9/25,https://res.cloudinary.com/hf9tv6vn/image/upload/6-78A.jpg,表面,portrait ,https://res.cloudinary.com/hf9tv6vn/image/upload/6-78B.jpg,裏面,portrait,,,,,,,
6-79,アナライズ・ユー,ア,2002,,ハロルド・ライミス,ロバート・デ・ニーロ/ビリー・クリスタル/リサ・クドロー/ジョー・ビテレッリ/キャシー・モリアーティ,single,2026/9/25,https://res.cloudinary.com/hf9tv6vn/image/upload/6-79A.jpg,表面,portrait ,https://res.cloudinary.com/hf9tv6vn/image/upload/6-79B.jpg,裏面,portrait,,,,,,,
6-80,容疑者,ヨ,2002,,マイケル・ケイトン＝ジョーンズ,ロバート・デ・ニーロ/フランシス・マクドーマンド,single,2026/9/25,https://res.cloudinary.com/hf9tv6vn/image/upload/6-80A.jpg,表面,portrait ,https://res.cloudinary.com/hf9tv6vn/image/upload/6-80B.jpg,裏面,portrait,,,,,,,
6-81,ショウタイム,シ,2002,,トム・ダイ,ロバート・デニーロ/エディ・マーフィ,single,2026/9/25,https://res.cloudinary.com/hf9tv6vn/image/upload/6-81A.jpg,表面,portrait ,https://res.cloudinary.com/hf9tv6vn/image/upload/6-81B.jpg,裏面,portrait,,,,,,,
6-82,ミート・ザ・ペアレンツ2,ミ,2004,,ジェイ・ローチ,ロバート・デ・ニーロ/ベン・スティラー/ダスティン・ホフマン,single,2026/9/25,https://res.cloudinary.com/hf9tv6vn/image/upload/6-82A.jpg,表面,portrait ,https://res.cloudinary.com/hf9tv6vn/image/upload/6-82B.jpg,裏面,portrait,,,,,,,
10月1日,少林寺木人拳/太陽のきずあと,シ,1976,,【少林寺木人拳】チェン・チーホワ/ロー・ウェイ：【太陽のきずあと】曽根中生,【少林寺木人拳】ジャッキー・チェン/カム・コン/ドリス・ロン：【太陽のきずあと】金田賢一/貞永敏/林未来/田中浩二/緒形拳/横山エミー,single,2026/9/26,https://res.cloudinary.com/hf9tv6vn/image/upload/10-1A.jpg,表面,landscape,https://res.cloudinary.com/hf9tv6vn/image/upload/10-1B.jpg,裏面,landscape,,,,,,,
10月2日,少林寺木人拳,シ,1976,,チェン・チーホワ/ロー・ウェイ,ジャッキー・チェン/カム・コン/ドリス・ロン,single,2026/9/26,https://res.cloudinary.com/hf9tv6vn/image/upload/10-2A.jpg,表面,portrait ,https://res.cloudinary.com/hf9tv6vn/image/upload/10-2B.jpg,裏面,portrait,,,,,,,
10月3日,成龍拳,セ,1977,,ロー・ウェイ,ジャッキー・チェン/シュー・フォン,single,2026/9/26,https://res.cloudinary.com/hf9tv6vn/image/upload/10-3A.jpg,表面,portrait ,https://res.cloudinary.com/hf9tv6vn/image/upload/10-3B.jpg,裏面,portrait,,,,,,,
10月4日,ドランクモンキー 酔拳,ド,1978,,ユエン・ウーピン,ジャッキー・チェン/ユエン・シャオティエン,single,2026/9/26,https://res.cloudinary.com/hf9tv6vn/image/upload/10-4A.jpg,表面,portrait ,https://res.cloudinary.com/hf9tv6vn/image/upload/10-4B.jpg,裏面,portrait,,,,,,,
10月5日,ドランクモンキー 酔拳,ド,1978,,ユエン・ウーピン,ジャッキー・チェン/ユエン・シャオティエン,single,2026/9/26,https://res.cloudinary.com/hf9tv6vn/image/upload/10-5A.jpg,表面,portrait ,https://res.cloudinary.com/hf9tv6vn/image/upload/10-5B.jpg,裏面,portrait,,,,,,,
10月6日,ドランクモンキー 酔拳/トラック野郎 熱風5000キロ,ド,1978,,【ドランクモンキー酔拳】ユエン・ウーピン：【トラック野郎熱風5000キロ】鈴木則文,【ドランクモンキー酔拳】ジャッキー・チェン/ユエン・シャオティエン：【トラック野郎 熱風5000キロ】菅原文太/愛川欽也/春川ますみ/せんだみつお/小野みゆき/地井武男/金田龍之介,single,2026/9/26,https://res.cloudinary.com/hf9tv6vn/image/upload/10-6A.jpg,表面,portrait ,https://res.cloudinary.com/hf9tv6vn/image/upload/10-6B.jpg,裏面,portrait,,,,,,,
10月7日,カンニング・モンキー天中拳/伊賀野カバ丸,カ,1980,,【カンニング・モンキー 天中拳】チェン・チーホワ：【伊賀野カバ丸】鈴木則文,【カンニング・モンキー 天中拳】ジャッキー・チェン:【伊賀野カバ丸】黒崎輝/高木淳也/真田広之/武田久美子/大葉健二/森永奈緒美/朝丘雪路/千葉真一,bifold,2026/9/26,https://res.cloudinary.com/hf9tv6vn/image/upload/10-7A.jpg,表面,portrait ,https://res.cloudinary.com/hf9tv6vn/image/upload/10-7B.jpg,裏面,portrait,https://res.cloudinary.com/hf9tv6vn/image/upload/10-7C.jpg,中面,landscape,,,,
10月8日,カンニング・モンキー天中拳,カ,1980,,チェン・チーホワ,ジャッキー・チェン,single,2026/9/26,https://res.cloudinary.com/hf9tv6vn/image/upload/10-8A.jpg,表面,portrait ,https://res.cloudinary.com/hf9tv6vn/image/upload/10-8B.jpg,裏面,portrait,,,,,,,
10月9日,蛇鶴八拳,ジ,1978,,チェン・チーホワ,ジャッキー・チェン/ノラ・ミャオ,single,2026/9/26,https://res.cloudinary.com/hf9tv6vn/image/upload/10-9A.jpg,表面,portrait ,https://res.cloudinary.com/hf9tv6vn/image/upload/10-9B.jpg,裏面,portrait,,,,,,,
10月10日,スネーキーモンキー 蛇拳/処刑遊戯,ス,1978,,【スネ―キーモンキー蛇拳】ユエン・ウーピン：【処刑遊戯】村川透,【スネ―キーモンキー蛇拳】ジャッキー・チェン/ユエン・シャオティエン/ウォン・チェンリー：【処刑遊戯】松田優作,single,2026/9/26,https://res.cloudinary.com/hf9tv6vn/image/upload/10-10A.jpg,表面,landscape,https://res.cloudinary.com/hf9tv6vn/image/upload/10-10B.jpg,裏面,landscape,,,,,,,
10月11日,スネーキーモンキー 蛇拳,ス,1978,,ユエン・ウーピン,ジャッキー・チェン/ユエン・シャオティエン/ウォン・チェンリー,single,2026/9/26,https://res.cloudinary.com/hf9tv6vn/image/upload/10-11A.jpg,表面,portrait ,https://res.cloudinary.com/hf9tv6vn/image/upload/10-11B.jpg,裏面,portrait,,,,,,,
10月12日,拳精/不良少年,ケ,1978,,【拳精】ロー・ウェイ：【不良少年】後藤幸一,【拳精】ジャッキー・チェン：【不良少年】金田賢一/熊谷美由紀/梅宮辰夫/深見博/松尾嘉代/長門裕之,single,2026/9/26,https://res.cloudinary.com/hf9tv6vn/image/upload/10-12A.jpg,表面,landscape,https://res.cloudinary.com/hf9tv6vn/image/upload/10-12B.jpg,裏面,landscape,,,,,,,
10月13日,拳精,ケ,1978,,ロー・ウェイ,ジャッキー・チェン,single,2026/9/26,https://res.cloudinary.com/hf9tv6vn/image/upload/10-13A.jpg,表面,portrait ,https://res.cloudinary.com/hf9tv6vn/image/upload/10-13B.jpg,裏面,portrait,,,,,,,
10月14日,龍拳,リ,1979,,ロー・ウェイ,ジャッキー・チェン/ノラ・ミャオ,single,2026/9/26,https://res.cloudinary.com/hf9tv6vn/image/upload/10-14A.jpg,表面,portrait ,https://res.cloudinary.com/hf9tv6vn/image/upload/10-14B.jpg,裏面,portrait,,,,,,,
10月15日,クレージーモンキー 笑拳/薔薇の標的,ク,1979,,【クレージーモンキー 笑拳】ジャッキー・チェン:【薔薇の標的】村川透,"【クレージーモンキー 笑拳】	ジャッキー・チェン/ジェームス・ティエン/ヤム・サイクン：【薔薇の標的】舘ひろし/内田良平本間優二/中島ゆたか/山西道広/今井健二/佐藤慶/松田優作",single,2026/9/26,https://res.cloudinary.com/hf9tv6vn/image/upload/10-15A.jpg,表面,landscape,https://res.cloudinary.com/hf9tv6vn/image/upload/10-15B.jpg,裏面,landscape,,,,,,,
10月16日,クレージーモンキー 笑拳,ク,1979,,ジャッキー・チェン,ジャッキー・チェン/ジェームス・ティエン/ヤム・サイクン,single,2026/9/26,https://res.cloudinary.com/hf9tv6vn/image/upload/10-16A.jpg,表面,portrait ,https://res.cloudinary.com/hf9tv6vn/image/upload/10-16B.jpg,裏面,portrait,,,,,,,
10月17日,バトルクリーク・ブロー,バ,1980,,ロバート・クローズ,ジャッキー・チェン/ホセ・フェラー/クリスチーネ・ド・ベルー/マコ,single,2026/9/26,https://res.cloudinary.com/hf9tv6vn/image/upload/10-17A.jpg,表面,portrait ,https://res.cloudinary.com/hf9tv6vn/image/upload/10-17B.jpg,裏面,portrait,,,,,,,
10月18日,バトルクリーク・ブロー,バ,1980,,ロバート・クローズ,ジャッキー・チェン/ホセ・フェラー/クリスチーネ・ド・ベルー/マコ,single,2026/9/26,https://res.cloudinary.com/hf9tv6vn/image/upload/10-18A.jpg,表面,portrait ,https://res.cloudinary.com/hf9tv6vn/image/upload/10-18B.jpg,裏面,portrait,,,,,,,
10月19日,バトルクリーク・ブロー,バ,1980,,ロバート・クローズ,ジャッキー・チェン/ホセ・フェラー/クリスチーネ・ド・ベルー/マコ,single,2026/9/26,https://res.cloudinary.com/hf9tv6vn/image/upload/10-19A.jpg,表面,portrait ,https://res.cloudinary.com/hf9tv6vn/image/upload/10-19B.jpg,裏面,portrait,,,,,,,
10月20日,ヤング・マスター 師弟出馬,ヤ,1980,,ジャッキー・チェン,ジャッキー・チェン/ユン・ピョウ/ウェイ・ペイ,single,2026/9/26,https://res.cloudinary.com/hf9tv6vn/image/upload/10-20A.jpg,表面,portrait ,https://res.cloudinary.com/hf9tv6vn/image/upload/10-20B.jpg,裏面,portrait,,,,,,,
10月21日,キャノンボール,キ,1981,,ハル・ニーダム,バート・レイノルズ/ジャッキー・チェン/サミー・デイヴィスJr./ロジャー・ムーア,single,2026/9/26,https://res.cloudinary.com/hf9tv6vn/image/upload/10-21A.jpg,表面,portrait ,https://res.cloudinary.com/hf9tv6vn/image/upload/10-21B.jpg,裏面,portrait,,,,,,,
10月22日,キャノンボール,キ,1981,,ハル・ニーダム,バート・レイノルズ/ジャッキー・チェン/サミー・デイヴィスJr./ロジャー・ムーア,single,2026/9/26,https://res.cloudinary.com/hf9tv6vn/image/upload/10-22A.jpg,表面,landscape,https://res.cloudinary.com/hf9tv6vn/image/upload/10-22B.jpg,裏面,landscape,,,,,,,
10月23日,キャノンボール/エンドレス・ラブ,キ,1981,,【キャノンボール】ハル・ニーダム：【エンドレス・ラブ】フランコ・ゼフィレッリ,"【キャノンボール】バート・レイノルズ/ジャッキー・チェン/サミー・デイヴィスJr./ロジャー・ムーア：【エンドレス・ラブ】	ブルック・シールズ/マーティン・ヒューイット",single,2026/9/26,https://res.cloudinary.com/hf9tv6vn/image/upload/10-23A.jpg,表面,landscape,https://res.cloudinary.com/hf9tv6vn/image/upload/10-23B.jpg,裏面,landscape,,,,,,,
10月24日,ドラゴンロード,ド,1982,,ジャッキー・チェン,ジャッキー・チェン/マース,single,2026/9/26,https://res.cloudinary.com/hf9tv6vn/image/upload/10-24A.jpg,表面,portrait ,https://res.cloudinary.com/hf9tv6vn/image/upload/10-24B.jpg,裏面,portrait,,,,,,,
10月25日,ドラゴンロード,ド,1982,,ジャッキー・チェン,ジャッキー・チェン/マース,single,2026/9/26,https://res.cloudinary.com/hf9tv6vn/image/upload/10-25A.jpg,表面,landscape,https://res.cloudinary.com/hf9tv6vn/image/upload/10-25B.jpg,裏面,landscape,,,,,,,
10月26日,ドラゴン特攻隊,ド,1982,,チュー・イェンピン,ジミー・ウォング/ジャッキー・チェン,single,2026/9/26,https://res.cloudinary.com/hf9tv6vn/image/upload/10-26A.jpg,表面,portrait ,https://res.cloudinary.com/hf9tv6vn/image/upload/10-26B.jpg,裏面,portrait,,,,,,,
10月27日,ジャッキー・チェンの醒拳,ジ,1983,,チェン・チュアン,ジャッキー・チェン/ワイ・ティンチー/ハン・クォツァイ/ジェームズ・ティエン,single,2026/9/26,https://res.cloudinary.com/hf9tv6vn/image/upload/10-27A.jpg,表面,portrait ,https://res.cloudinary.com/hf9tv6vn/image/upload/10-27B.jpg,裏面,portrait,,,,,,,
10月28日,ジャッキー・チェンの醒拳/北斗の拳,ジ,1983,,【ジャッキー・チェンの醒拳】チェン・チュアン：【北斗の拳】芦田豊雄,【ジャッキー・チェンの醒拳】ジャッキー・チェン/ワイ・ティンチー/ハン・クォツァイ/ジェームズ・ティエン：【北斗の拳】神谷明/内海賢二,single,2026/9/26,https://res.cloudinary.com/hf9tv6vn/image/upload/10-28A.jpg,表面,landscape,https://res.cloudinary.com/hf9tv6vn/image/upload/10-28B.jpg,裏面,landscape,,,,,,,
10月29日,プロジェクトA,プ,1983,,ジャッキー・チェン,ジャッキー・チェン/サモ・ハン・キンポー/ユン・ピョウ,single,2026/9/26,https://res.cloudinary.com/hf9tv6vn/image/upload/10-29A.jpg,表面,portrait ,https://res.cloudinary.com/hf9tv6vn/image/upload/10-29B.jpg,裏面,portrait,,,,,,,
10月30日,プロジェクトA,プ,1983,,ジャッキー・チェン,ジャッキー・チェン/サモ・ハン・キンポー/ユン・ピョウ,single,2026/9/26,https://res.cloudinary.com/hf9tv6vn/image/upload/10-30A.jpg,表面,portrait ,https://res.cloudinary.com/hf9tv6vn/image/upload/10-30B.jpg,裏面,portrait,,,,,,,
10月31日,五福星,ゴ,1983,,サモ・ハン・キンポー,サモ・ハン・キンポー/ジョン・シャム/リチャード・ン/チャールス・チンフォン・ツイファン/ジャッキー・チェン,single,2026/9/26,https://res.cloudinary.com/hf9tv6vn/image/upload/10-31A.jpg,表面,portrait ,https://res.cloudinary.com/hf9tv6vn/image/upload/10-31B.jpg,裏面,portrait,,,,,,,
10-32,五福星,ゴ,1983,,サモ・ハン・キンポー,サモ・ハン・キンポー/ジョン・シャム/リチャード・ン/チャールス・チンフォン・ツイファン/ジャッキー・チェン,single,2026/9/26,https://res.cloudinary.com/hf9tv6vn/image/upload/10-32A.jpg,表面,portrait ,https://res.cloudinary.com/hf9tv6vn/image/upload/10-32B.jpg,裏面,portrait,,,,,,,
10-33,キャノンボール2,キ,1984,,ハル・ニーダム,バート・レイノルズ/ジャッキー・チェン/サミー・デイヴィスJr./フランク・シナトラ,single,2026/9/26,https://res.cloudinary.com/hf9tv6vn/image/upload/10-33A.jpg,表面,portrait ,https://res.cloudinary.com/hf9tv6vn/image/upload/10-33B.jpg,裏面,portrait,,,,,,,
10-34,キャノンボール2,キ,1984,,ハル・ニーダム,バート・レイノルズ/ジャッキー・チェン/サミー・デイヴィスJr./フランク・シナトラ,single,2026/9/26,https://res.cloudinary.com/hf9tv6vn/image/upload/10-34A.jpg,表面,landscape,https://res.cloudinary.com/hf9tv6vn/image/upload/10-34B.jpg,裏面,landscape,,,,,,,
10-35,スパルタンX,ス,1984,,サモ・ハン・キンポー,ジャッキー・チェン/サモ・ハン・キンポー/ユン・ピョウ/ローラ・フォルネル,single,2026/9/26,https://res.cloudinary.com/hf9tv6vn/image/upload/10-35A.jpg,表面,portrait ,https://res.cloudinary.com/hf9tv6vn/image/upload/10-35B.jpg,裏面,portrait,,,,,,,
10-36,スパルタンX,ス,1984,,サモ・ハン・キンポー,ジャッキー・チェン/サモ・ハン・キンポー/ユン・ピョウ/ローラ・フォルネル,single,2026/9/26,https://res.cloudinary.com/hf9tv6vn/image/upload/10-36A.jpg,表面,portrait ,https://res.cloudinary.com/hf9tv6vn/image/upload/10-36B.jpg,裏面,portrait,,,,,,,
10-37,スパルタンX/ヘブンリー・ボディーズ,ス,1984,,【スパルタンX】サモ・ハン・キンポー：【ヘブンリー・ボディーズ】ローレンス・デーン,【スパルタンX】ジャッキー・チェン/サモ・ハン・キンポー/ユン・ピョウ/ローラ・フォルネル：【ヘブンリー・ボディーズ】シンシア・デール,single,2026/9/26,https://res.cloudinary.com/hf9tv6vn/image/upload/10-37A.jpg,表面,landscape,https://res.cloudinary.com/hf9tv6vn/image/upload/10-37B.jpg,裏面,landscape,,,,,,,
10-38,ファースト・ミッション,フ,1985,,サモ・ハン・キンポー,ジャッキー・チェン/サモ・ハン・キンポー/エミリー・チュウ,single,2026/9/26,https://res.cloudinary.com/hf9tv6vn/image/upload/10-38A.jpg,表面,portrait ,https://res.cloudinary.com/hf9tv6vn/image/upload/10-38B.jpg,裏面,portrait,,,,,,,
10-39,香港発活劇エクスプレス 大福星,ホ,1985,,サモ・ハン・キンポー,サモ・ハン・キンポー/リチャード・ン/チャールス・チン/フォン・ツイファン/エリック・ツァン/ジャッキー・チェン/ユン・ピョウ,single,2026/9/26,https://res.cloudinary.com/hf9tv6vn/image/upload/10-39A.jpg,表面,landscape,https://res.cloudinary.com/hf9tv6vn/image/upload/10-39B.jpg,裏面,portrait,,,,,,,
10-40,香港発活劇エクスプレス 大福星,ホ,1985,,サモ・ハン・キンポー,サモ・ハン・キンポー/リチャード・ン/チャールス・チン/フォン・ツイファン/エリック・ツァン/ジャッキー・チェン/ユン・ピョウ,single,2026/9/26,https://res.cloudinary.com/hf9tv6vn/image/upload/10-40A.jpg,表面,portrait ,https://res.cloudinary.com/hf9tv6vn/image/upload/10-40B.jpg,裏面,portrait,,,,,,,
10-41,ポリス・ストーリー 香港国際警察,ポ,1985,,ジャッキー・チェン,ジャッキー・チェン/ブリジット・リン/マギー・チャン/トン・ピョウ,single,2026/9/26,https://res.cloudinary.com/hf9tv6vn/image/upload/10-41A.jpg,表面,portrait ,https://res.cloudinary.com/hf9tv6vn/image/upload/10-41B.jpg,裏面,portrait,,,,,,,
10-42,ポリス・ストーリー 香港国際警察,ポ,1985,,ジャッキー・チェン,ジャッキー・チェン/ブリジット・リン/マギー・チャン/トン・ピョウ,single,2026/9/26,https://res.cloudinary.com/hf9tv6vn/image/upload/10-42A.jpg,表面,landscape,https://res.cloudinary.com/hf9tv6vn/image/upload/10-42B.jpg,裏面,landscape,,,,,,,
10-43,ポリス・ストーリー 香港国際警察/コクーン,ポ,1985,,【ポリス・ストーリー 香港国際警察】ジャッキー・チェン：【コクーン】ロン・ハワード,【ポリス・ストーリー 香港国際警察】ジャッキー・チェン/ブリジット・リン/マギー・チャン/トン・ピョウ：【コクーン】ドン・アメチー/ウィルフォード・ブリムリー/ヒューム・クローニン/ブライアン・デネヒー,single,2026/9/26,https://res.cloudinary.com/hf9tv6vn/image/upload/10-43A.jpg,表面,landscape,https://res.cloudinary.com/hf9tv6vn/image/upload/10-43B.jpg,裏面,landscape,,,,,,,
10-44,プロテクター,プ,1985,,ジェームズ・グリッケンハウス/ジャッキー・チェン,ジャッキー・チェン/ダニー・アイエロ/ムーン・リー/ロイ・チャオ,single,2026/9/26,https://res.cloudinary.com/hf9tv6vn/image/upload/10-44A.jpg,表面,portrait ,https://res.cloudinary.com/hf9tv6vn/image/upload/10-44B.jpg,裏面,portrait,,,,,,,
10-45,プロテクター,プ,1985,,ジェームズ・グリッケンハウス/ジャッキー・チェン,ジャッキー・チェン/ダニー・アイエロ/ムーン・リー/ロイ・チャオ,single,2026/9/26,https://res.cloudinary.com/hf9tv6vn/image/upload/10-45A.jpg,表面,portrait ,https://res.cloudinary.com/hf9tv6vn/image/upload/10-45B.jpg,裏面,portrait,,,,,,,
10-46,プロテクター/ペンギンズ・メモリー 幸福物語,プ,1985,,【プロテクター】ジェームズ・グリッケンハウス/ジャッキー・チェン：【ペンギンズ・メモリー 幸福物語】木村俊士,【プロテクター】ジャッキー・チェン/ダニー・アイエロ/ムーン・リー/ロイ・チャオ,single,2026/9/26,https://res.cloudinary.com/hf9tv6vn/image/upload/10-46A.jpg,表面,landscape,https://res.cloudinary.com/hf9tv6vn/image/upload/10-46B.jpg,裏面,landscape,,,,,,,
10-47,七福星/あぶない刑事,シ,1985,,【七福星】サモ・ハン・キンポー：【あぶない刑事】長谷部安春,【七福星】サモ・ハン・キンポー/リチャード・ン/エリック・ツァン/フォン・ツイファン/チャールス・チン/ジャッキー・チェン/ユン・ピョウ：【あぶない刑事】舘ひろし/柴田恭兵/浅野温子/仲村トオル/木の実ナナ/中条静夫,bifold,2026/9/26,https://res.cloudinary.com/hf9tv6vn/image/upload/10-47A.jpg,表面,portrait ,https://res.cloudinary.com/hf9tv6vn/image/upload/10-47B.jpg,裏面,portrait,https://res.cloudinary.com/hf9tv6vn/image/upload/10-47C.jpg,中面,landscape,,,,
10-48,サンダーアーム 龍兄虎弟,サ,1986,,ジャッキー・チェン,ジャッキー・チェン/アラン・タム/ロザムンド・クワン/ローラ・フォルネル,single,2026/9/26,https://res.cloudinary.com/hf9tv6vn/image/upload/10-48A.jpg,表面,portrait ,https://res.cloudinary.com/hf9tv6vn/image/upload/10-48B.jpg,裏面,portrait,,,,,,,
10-49,サンダーアーム 龍兄虎弟,サ,1986,,ジャッキー・チェン,ジャッキー・チェン/アラン・タム/ロザムンド・クワン/ローラ・フォルネル,single,2026/9/26,https://res.cloudinary.com/hf9tv6vn/image/upload/10-49A.jpg,表面,portrait ,https://res.cloudinary.com/hf9tv6vn/image/upload/10-49B.jpg,裏面,portrait,,,,,,,
10-50,サンダーアーム 龍兄虎弟/エイリアン２,サ,1986,,【サンダーアーム 龍兄虎弟】ジャッキー・チェン：【エイリアン２】ジェームズ・キャメロン,【サンダーアーム 龍兄虎弟】ジャッキー・チェン/アラン・タム/ロザムンド・クワン/ローラ・フォルネル：【エイリアン２】シガニー・ウィーバー/マイケル・ビーン/キャリー・ヘン/ランス・ヘンリクセン/ビル・パクストン/ジェニット・ゴールドスタイン/ウィリアム・ホープ/マーク・ロルストン/アル・マシューズ/リッコ・ロス/シンシア・デイル・スコット/ポール・ライザー,single,2026/9/26,https://res.cloudinary.com/hf9tv6vn/image/upload/10-50A.jpg,表面,landscape,https://res.cloudinary.com/hf9tv6vn/image/upload/10-50B.jpg,裏面,landscape,,,,,,,
10-51,プロジェクトA2 史上最大の標的,プ,1987,,ジャッキー・チェン,ジャッキー・チェン/マギー・チャン/ロザムンド・クワン/デヴィッド・ラム/カリーナ・ラウ,single,2026/9/26,https://res.cloudinary.com/hf9tv6vn/image/upload/10-51A.jpg,表面,portrait ,https://res.cloudinary.com/hf9tv6vn/image/upload/10-51B.jpg,裏面,portrait,,,,,,,
10-52,プロジェクトA2 史上最大の標的,プ,1987,,ジャッキー・チェン,ジャッキー・チェン/マギー・チャン/ロザムンド・クワン/デヴィッド・ラム/カリーナ・ラウ,single,2026/9/26,https://res.cloudinary.com/hf9tv6vn/image/upload/10-52A.jpg,表面,portrait ,https://res.cloudinary.com/hf9tv6vn/image/upload/10-52B.jpg,裏面,portrait,,,,,,,
10-53,サイクロンZ,サ,1988,,サモ・ハン・キンポー,ジャッキー・チェン/サモ・ハン・キンポー/ユン・ピョウ,single,2026/9/26,https://res.cloudinary.com/hf9tv6vn/image/upload/10-53A.jpg,表面,portrait ,https://res.cloudinary.com/hf9tv6vn/image/upload/10-53B.jpg,裏面,portrait,,,,,,,
10-54,九龍の眼/クーロンズ・アイ（ポリスストーリー2）,ク,1988,,ジャッキー・チェン,ジャッキー・チェン/マギー・チャン/トン・ピョウ,single,2026/9/26,https://res.cloudinary.com/hf9tv6vn/image/upload/10-54A.jpg,表面,portrait ,https://res.cloudinary.com/hf9tv6vn/image/upload/10-54B.jpg,裏面,portrait,,,,,,,
10-55,九龍の眼/クーロンズ・アイ（ポリスストーリー2）,ク,1988,,ジャッキー・チェン,ジャッキー・チェン/マギー・チャン/トン・ピョウ,single,2026/9/26,https://res.cloudinary.com/hf9tv6vn/image/upload/10-55A.jpg,表面,portrait ,https://res.cloudinary.com/hf9tv6vn/image/upload/10-55B.jpg,裏面,portrait,,,,,,,
10-56,奇蹟/ミラクル,ミ,1989,,ジャッキー・チェン,ジャッキー・チェン/アニタ・ムイ/クェイ・アルイ/グロリア・イップ/オー・ジョンホン/ウー・マ/トン・ピョウ/リチャード・ン,single,2026/9/26,https://res.cloudinary.com/hf9tv6vn/image/upload/10-56A.jpg,表面,portrait ,https://res.cloudinary.com/hf9tv6vn/image/upload/10-56B.jpg,裏面,portrait,,,,,,,
10-57,プロジェクト・イーグル,プ,1991,,ジャッキー・チェン,ジャッキー・チェン/ドゥドゥ・チェン/エバ・コーボ/池田昌子,single,2026/9/26,https://res.cloudinary.com/hf9tv6vn/image/upload/10-57A.jpg,表面,portrait ,https://res.cloudinary.com/hf9tv6vn/image/upload/10-57B.jpg,裏面,portrait,,,,,,,
10-58,プロジェクト・イーグル,プ,1991,,ジャッキー・チェン,ジャッキー・チェン/ドゥドゥ・チェン/エバ・コーボ/池田昌子,single,2026/9/26,https://res.cloudinary.com/hf9tv6vn/image/upload/10-58A.jpg,表面,portrait ,https://res.cloudinary.com/hf9tv6vn/image/upload/10-58B.jpg,裏面,portrait,,,,,,,
10-59,炎の大捜査線,ホ,1991,,チュー・イェンピン,レオン・カーフェイ/ジャッキー・チェン/アンディ・ラウ/サモ・ハン・キンポー,single,2026/9/26,https://res.cloudinary.com/hf9tv6vn/image/upload/10-59A.jpg,表面,portrait ,https://res.cloudinary.com/hf9tv6vn/image/upload/10-59B.jpg,裏面,portrait,,,,,,,
10-60,ポリス・ストーリー3,ポ,1992,,スタンリー・トン,ジャッキー・チェン/ミシェール・キング/マギー・チャン,single,2026/9/26,https://res.cloudinary.com/hf9tv6vn/image/upload/10-60A.jpg,表面,portrait ,https://res.cloudinary.com/hf9tv6vn/image/upload/10-60B.jpg,裏面,portrait,,,,,,,
10-61,ポリス・ストーリー3,ポ,1992,,スタンリー・トン,ジャッキー・チェン/ミシェール・キング/マギー・チャン,single,2026/9/26,https://res.cloudinary.com/hf9tv6vn/image/upload/10-61A.jpg,表面,portrait ,https://res.cloudinary.com/hf9tv6vn/image/upload/10-61B.jpg,裏面,portrait,,,,,,,
10-62,ツイン・ドラゴン,ツ,1992,,ツイ・ハーク/リンゴ・ラム,ジャッキー・チェン/マギー・チャン/ニナ・リー,single,2026/9/26,https://res.cloudinary.com/hf9tv6vn/image/upload/10-62A.jpg,表面,portrait ,https://res.cloudinary.com/hf9tv6vn/image/upload/10-62B.jpg,裏面,portrait,,,,,,,
10-63,ツイン・ドラゴン,ツ,1992,,ツイ・ハーク/リンゴ・ラム,ジャッキー・チェン/マギー・チャン/ニナ・リー,single,2026/9/26,https://res.cloudinary.com/hf9tv6vn/image/upload/10-63A.jpg,表面,portrait ,https://res.cloudinary.com/hf9tv6vn/image/upload/10-63B.jpg,裏面,portrait,,,,,,,
10-64,シティーハンター,シ,1993,,ウォン・ジン,ジャッキー・チェン/後藤久美子/ジョイ・ウォン,single,2026/9/26,https://res.cloudinary.com/hf9tv6vn/image/upload/10-64A.jpg,表面,portrait ,https://res.cloudinary.com/hf9tv6vn/image/upload/10-64B.jpg,裏面,portrait,,,,,,,
10-65,新ポリス・ストーリー,シ,1993,,カーク・ウォン/ジャッキー・チェン,ジャッキー・チェン/ケント・チェン,single,2026/9/26,https://res.cloudinary.com/hf9tv6vn/image/upload/10-65A.jpg,表面,portrait ,https://res.cloudinary.com/hf9tv6vn/image/upload/10-65B.jpg,裏面,portrait,,,,,,,
10-66,酔拳2,ス,1994,,ラウ・カーリョン/ジャッキー・チェン,ジャッキー・チェン/アニタ・ムイ/ティ・ロン/ラウ・カーリョン,single,2026/9/26,https://res.cloudinary.com/hf9tv6vn/image/upload/10-66A.jpg,表面,portrait ,https://res.cloudinary.com/hf9tv6vn/image/upload/10-66B.jpg,裏面,portrait,,,,,,,
10-67,酔拳2,ス,1994,,ラウ・カーリョン/ジャッキー・チェン,ジャッキー・チェン/アニタ・ムイ/ティ・ロン/ラウ・カーリョン,single,2026/9/26,https://res.cloudinary.com/hf9tv6vn/image/upload/10-67A.jpg,表面,portrait ,https://res.cloudinary.com/hf9tv6vn/image/upload/10-67B.jpg,裏面,portrait,,,,,,,
10-68,レッド・ブロンクス,レ,1995,,スタンリー・トン,ジャッキー・チェン/アニタ・ムイ/フランソワーズ・イップ/トン・ピョウ,single,2026/9/26,https://res.cloudinary.com/hf9tv6vn/image/upload/10-68A.jpg,表面,portrait ,https://res.cloudinary.com/hf9tv6vn/image/upload/10-68B.jpg,裏面,portrait,,,,,,,
10-69,デッドヒート,デ,1995,,ゴードン・チャン,ジャッキー・チェン/アニタ・ユン/トーステン・ニッケル,single,2026/9/26,https://res.cloudinary.com/hf9tv6vn/image/upload/10-69A.jpg,表面,portrait ,https://res.cloudinary.com/hf9tv6vn/image/upload/10-69B.jpg,裏面,portrait,,,,,,,
10-70,デッドヒート,デ,1995,,ゴードン・チャン,ジャッキー・チェン/アニタ・ユン/トーステン・ニッケル,single,2026/9/26,https://res.cloudinary.com/hf9tv6vn/image/upload/10-70A.jpg,表面,portrait ,https://res.cloudinary.com/hf9tv6vn/image/upload/10-70B.jpg,裏面,portrait,,,,,,,
10-71,ファイナル・プロジェクト,フ,1996,,スタンリー・トン,ジャッキー・チェン/ジャクソン・ルー/アニー・ウー/トン・ピョウ,single,2026/9/26,https://res.cloudinary.com/hf9tv6vn/image/upload/10-71A.jpg,表面,portrait ,https://res.cloudinary.com/hf9tv6vn/image/upload/10-71B.jpg,裏面,landscape,,,,,,,
10-72,ファイナル・プロジェクト,フ,1996,,スタンリー・トン,ジャッキー・チェン/ジャクソン・ルー/アニー・ウー/トン・ピョウ,single,2026/9/26,https://res.cloudinary.com/hf9tv6vn/image/upload/10-72A.jpg,表面,portrait ,https://res.cloudinary.com/hf9tv6vn/image/upload/10-72B.jpg,裏面,landscape,,,,,,,
10-73,ナイスガイ,ナ,1997,,サモ・ハン・キンポー,ジャッキー・チェン/ミキ・リー/リチャード・ノートン,single,2026/9/26,https://res.cloudinary.com/hf9tv6vn/image/upload/10-73A.jpg,表面,portrait ,https://res.cloudinary.com/hf9tv6vn/image/upload/10-73B.jpg,裏面,landscape,,,,,,,
10-74,ナイスガイ,ナ,1997,,サモ・ハン・キンポー,ジャッキー・チェン/ミキ・リー/リチャード・ノートン,single,2026/9/26,https://res.cloudinary.com/hf9tv6vn/image/upload/10-74A.jpg,表面,portrait ,https://res.cloudinary.com/hf9tv6vn/image/upload/10-74B.jpg,裏面,portrait,,,,,,,
10-75,ラッシュアワー,ラ,1998,,ブレット・ラトナー,ジャッキー・チェン/クリス・タッカー,single,2026/9/26,https://res.cloudinary.com/hf9tv6vn/image/upload/10-75A.jpg,表面,portrait ,https://res.cloudinary.com/hf9tv6vn/image/upload/10-75B.jpg,裏面,portrait,,,,,,,
10-76,WHO AM I?,W,1998,,ジャッキー・チェン/ベニー・チャン,ジャッキー・チェン/ミシェル・フェレ/山本未來,single,2026/9/26,https://res.cloudinary.com/hf9tv6vn/image/upload/10-76A.jpg,表面,portrait ,https://res.cloudinary.com/hf9tv6vn/image/upload/10-76B.jpg,裏面,portrait,,,,,,,
10-77,ゴージャス,ゴ,1999,,ヴィンセント・コク,ジャッキー・チェン/スー・チー/トニー・レオン/リッチー・レン/エミール・チョウ,single,2026/9/26,https://res.cloudinary.com/hf9tv6vn/image/upload/10-77A.jpg,表面,portrait ,https://res.cloudinary.com/hf9tv6vn/image/upload/10-77B.jpg,裏面,portrait,,,,,,,
10-78,シャンハイ・ヌーン,シ,2000,,トム・ダイ,ジャッキー・チェン/オーウェン・ウィルソン/ルーシー・リュー,single,2026/9/26,https://res.cloudinary.com/hf9tv6vn/image/upload/10-78A.jpg,表面,portrait ,https://res.cloudinary.com/hf9tv6vn/image/upload/10-78B.jpg,裏面,portrait,,,,,,,
10-79,ラッシュアワー2,ラ,2001,,ブレット・ラトナー,ジャッキー・チェン/クリス・タッカー/チャン・ツィイー/ジョン・ローン,single,2026/9/26,https://res.cloudinary.com/hf9tv6vn/image/upload/10-79A.jpg,表面,portrait ,https://res.cloudinary.com/hf9tv6vn/image/upload/10-79B.jpg,裏面,portrait,,,,,,,
10-80,アクシデンタル・スパイ,ア,2001,,テディ・チャン,ジャッキー・チェン/ビビアン・スー,single,2026/9/26,https://res.cloudinary.com/hf9tv6vn/image/upload/10-80A.jpg,表面,portrait ,https://res.cloudinary.com/hf9tv6vn/image/upload/10-80B.jpg,裏面,portrait,,,,,,,
11月1日,アメリカン・グラフィティ,ア,1973,,ジョージ・ルーカス,リチャード・ドレイファス/ロニー・ハワード/ポール・ル・マット/チャールズ・マーティン・スミス/ハリソン・フォード,single,2026/9/26,https://res.cloudinary.com/hf9tv6vn/image/upload/11-1A.jpg,表面,portrait ,https://res.cloudinary.com/hf9tv6vn/image/upload/11-1B.jpg,裏面,portrait,,,,,,,
11月2日,アメリカン・グラフィティ <R>,ア,1984,,ジョージ・ルーカス,リチャード・ドレイファス/ロニー・ハワード/ポール・ル・マット/チャールズ・マーティン・スミス/ハリソン・フォード,single,2026/9/26,https://res.cloudinary.com/hf9tv6vn/image/upload/11-2A.jpg,表面,portrait ,https://res.cloudinary.com/hf9tv6vn/image/upload/11-2B.jpg,裏面,portrait,,,,,,,
11月3日,スター・ウォーズ,ス,1977,,ジョージ・ルーカス,マーク・ハミル/ハリソン・フォード/キャリー・フィッシャー/アレック・ギネス/ピーター・カッシング/アンソニー・ダニエルズ/ケニー・ベイカー/ピーター・メイヒュー/デヴィッド・プラウズ/ジェームズ・アール・ジョーンズ,single,2026/9/26,https://res.cloudinary.com/hf9tv6vn/image/upload/11-3A.jpg,表面,portrait ,https://res.cloudinary.com/hf9tv6vn/image/upload/11-3B.jpg,裏面,portrait,,,,,,,
11月4日,スター・ウォーズ,ス,1977,,ジョージ・ルーカス,マーク・ハミル/ハリソン・フォード/キャリー・フィッシャー/アレック・ギネス/ピーター・カッシング/アンソニー・ダニエルズ/ケニー・ベイカー/ピーター・メイヒュー/デヴィッド・プラウズ/ジェームズ・アール・ジョーンズ,single,2026/9/26,https://res.cloudinary.com/hf9tv6vn/image/upload/11-4A.jpg,表面,portrait ,https://res.cloudinary.com/hf9tv6vn/image/upload/11-4B.jpg,裏面,portrait,,,,,,,
11月5日,幸福の旅路,コ,1977,,ジェレミー・ケイガン,ヘンリー・ウィンクラー /サリー・フィールド/ハリソン・フォード,single,2026/9/26,https://res.cloudinary.com/hf9tv6vn/image/upload/11-5A.jpg,表面,portrait ,https://res.cloudinary.com/hf9tv6vn/image/upload/11-5B.jpg,裏面,portrait,,,,,,,
11月6日,ナバロンの嵐,ナ,1978,,ガイ・ハミルトン,ロバート・ショウ/ハリソン・フォードエドワード・フォックス/フランコ・ネロ/バーバラ・バック,single,2026/9/26,https://res.cloudinary.com/hf9tv6vn/image/upload/11-6A.jpg,表面,portrait ,https://res.cloudinary.com/hf9tv6vn/image/upload/11-6B.jpg,裏面,portrait,,,,,,,
11月7日,地獄の黙示録,ジ,1979,,フランシス・フォード・コッポラ,マーロン・ブランド/ロバート・デュヴァル/マーティン・シーン/フレデリック・フォレスト/アルバート・ホール/サム・ボトムズ/ラリー・フィッシュバーン/デニス・ホッパーハリソン・フォード,bifold,2026/9/26,https://res.cloudinary.com/hf9tv6vn/image/upload/11-7A.jpg,表面,portrait ,https://res.cloudinary.com/hf9tv6vn/image/upload/11-7B.jpg,裏面,portrait,https://res.cloudinary.com/hf9tv6vn/image/upload/11-7C.jpg,中面,landscape,,,,
11月8日,ハノーバー・ストリート 哀愁の街かど,ハ,1979,,ピーター・ハイアムズ,ハリソン・フォード/レスリー＝アン・ダウン/クリストファー・プラマー,single,2026/9/26,https://res.cloudinary.com/hf9tv6vn/image/upload/11-8A.jpg,表面,portrait ,https://res.cloudinary.com/hf9tv6vn/image/upload/11-8B.jpg,裏面,portrait,,,,,,,
11月9日,スター・ウォーズ 帝国の逆襲,ス,1980,,アーヴィン・カーシュナー,マーク・ハミル/ハリソン・フォード/キャリー・フィッシャー/ビリー・ディー・ウィリアムズ/アンソニー・ダニエル/デヴィッド・プラウズ/ケニー・ベイカー/ピーター・メイヒュー/フランク・オズ,single,2026/9/26,https://res.cloudinary.com/hf9tv6vn/image/upload/11-9A.jpg,表面,portrait ,https://res.cloudinary.com/hf9tv6vn/image/upload/11-9B.jpg,裏面,portrait,,,,,,,
11月10日,スター・ウォーズ 帝国の逆襲,ス,1980,,アーヴィン・カーシュナー,マーク・ハミル/ハリソン・フォード/キャリー・フィッシャー/ビリー・ディー・ウィリアムズ/アンソニー・ダニエル/デヴィッド・プラウズ/ケニー・ベイカー/ピーター・メイヒュー/フランク・オズ,single,2026/9/26,https://res.cloudinary.com/hf9tv6vn/image/upload/11-10A.jpg,表面,portrait ,https://res.cloudinary.com/hf9tv6vn/image/upload/11-10B.jpg,裏面,portrait,,,,,,,
11月11日,レイダース／失われたアーク《聖櫃》,レ,1981,,スティーヴン・スピルバーグ,ハリソン・フォード/カレン・アレン/ジョン・リス＝デイヴィスポール・フリーマン/ロナルド・レイシー/ヴォルフ・カーラー/アンソニー・ヒギンズ/デンホルム・エリオット,single,2026/9/26,https://res.cloudinary.com/hf9tv6vn/image/upload/11-11A.jpg,表面,portrait ,https://res.cloudinary.com/hf9tv6vn/image/upload/11-11B.jpg,裏面,portrait,,,,,,,
11月12日,レイダース／失われたアーク《聖櫃》<R>,レ,1984,,スティーヴン・スピルバーグ,ハリソン・フォード/カレン・アレン/ジョン・リス＝デイヴィスポール・フリーマン/ロナルド・レイシー/ヴォルフ・カーラー/アンソニー・ヒギンズ/デンホルム・エリオット,single,2026/9/26,https://res.cloudinary.com/hf9tv6vn/image/upload/11-12A.jpg,表面,portrait ,https://res.cloudinary.com/hf9tv6vn/image/upload/11-12B.jpg,裏面,portrait,,,,,,,
11月13日,ブレードランナー,ブ,1982,,リドリー・スコット,ハリソン・フォード/ルトガー・ハウアー/ショーン・ヤング/エドワード・ジェームズ・オルモス,single,2026/9/26,https://res.cloudinary.com/hf9tv6vn/image/upload/11-13A.jpg,表面,portrait ,https://res.cloudinary.com/hf9tv6vn/image/upload/11-13B.jpg,裏面,portrait,,,,,,,
11月14日,スター・ウォーズ ジェダイの復讐,ス,1983,,リチャード・マーカンド,マーク・ハミル/ハリソン・フォード/キャリー・フィッシャー/ビリー・ディー・ウィリアムズ/イアン・マクダーミド/アンソニー・ダニエルズ/ケニー・ベイカー/ピーター・メイヒュー/デヴィッド・プラウズ/ジェームズ・アール・ジョーンズ/フランク・オズ/デニス・ローソン/ケネス・コリー/セバスチャン・ショウ/アレック・ギネス/ジェレミー・ブロック/ワーウィック・デイヴィス,single,2026/9/26,https://res.cloudinary.com/hf9tv6vn/image/upload/11-14A.jpg,表面,portrait ,https://res.cloudinary.com/hf9tv6vn/image/upload/11-14B.jpg,裏面,portrait,,,,,,,
11月15日,スター・ウォーズ ジェダイの復讐,ス,1983,,リチャード・マーカンド,マーク・ハミル/ハリソン・フォード/キャリー・フィッシャー/ビリー・ディー・ウィリアムズ/イアン・マクダーミド/アンソニー・ダニエルズ/ケニー・ベイカー/ピーター・メイヒュー/デヴィッド・プラウズ/ジェームズ・アール・ジョーンズ/フランク・オズ/デニス・ローソン/ケネス・コリー/セバスチャン・ショウ/アレック・ギネス/ジェレミー・ブロック/ワーウィック・デイヴィス,single,2026/9/26,https://res.cloudinary.com/hf9tv6vn/image/upload/11-15A.jpg,表面,portrait ,https://res.cloudinary.com/hf9tv6vn/image/upload/11-15B.jpg,裏面,portrait,,,,,,,
11月16日,スター・ウォーズ 帝国の逆襲/スター・ウォーズ ジェダイの復讐<R>,ス,1984,,【スター・ウォーズ 帝国の逆襲】アーヴィン・カーシュナー：【スター・ウォーズ ジェダイの復讐】リチャード・マーカンド,マーク・ハミル/ハリソン・フォード/キャリー・フィッシャー,single,2026/9/26,https://res.cloudinary.com/hf9tv6vn/image/upload/11-16A.jpg,表面,landscape,https://res.cloudinary.com/hf9tv6vn/image/upload/11-16B.jpg,裏面,portrait,,,,,,,
11月17日,インディ・ジョーンズ/魔宮の伝説,イ,1984,,スティーヴン・スピルバーグ,ハリソン・フォード/ケイト・キャプショー/キー・ホイ・クァン/アムリーシュ・プリー/ロシャン・セス/フィリップ・ストーン/ロイ・チャオ,single,2026/9/26,https://res.cloudinary.com/hf9tv6vn/image/upload/11-17A.jpg,表面,portrait ,https://res.cloudinary.com/hf9tv6vn/image/upload/11-17B.jpg,裏面,portrait,,,,,,,
11月18日,インディ・ジョーンズ/魔宮の伝説,イ,1984,,スティーヴン・スピルバーグ,ハリソン・フォード/ケイト・キャプショー/キー・ホイ・クァン/アムリーシュ・プリー/ロシャン・セス/フィリップ・ストーン/ロイ・チャオ,single,2026/9/26,https://res.cloudinary.com/hf9tv6vn/image/upload/11-18A.jpg,表面,portrait ,https://res.cloudinary.com/hf9tv6vn/image/upload/11-18B.jpg,裏面,portrait,,,,,,,
11月19日,刑事ジョン・ブック 目撃者,ケ,1985,,ピーター・ウィアー,ハリソン・フォード/ケリー・マクギリス/ルーカス・ハース,single,2026/9/26,https://res.cloudinary.com/hf9tv6vn/image/upload/11-19A.jpg,表面,portrait ,https://res.cloudinary.com/hf9tv6vn/image/upload/11-19B.jpg,裏面,portrait,,,,,,,
11月20日,刑事ジョン・ブック 目撃者,ケ,1985,,ピーター・ウィアー,ハリソン・フォード/ケリー・マクギリス/ルーカス・ハース,single,2026/9/26,https://res.cloudinary.com/hf9tv6vn/image/upload/11-20A.jpg,表面,portrait ,https://res.cloudinary.com/hf9tv6vn/image/upload/11-20B.jpg,裏面,portrait,,,,,,,
11月21日,モスキート・コースト,モ,1986,,ピーター・ウィアー,ハリソン・フォード/ヘレン・ミレン/リバー・フェニックス,single,2026/9/26,https://res.cloudinary.com/hf9tv6vn/image/upload/11-21A.jpg,表面,portrait ,https://res.cloudinary.com/hf9tv6vn/image/upload/11-21B.jpg,裏面,portrait,,,,,,,
11月22日,フランティック,フ,1988,,ロマン・ポランスキー,ハリソン・フォード,single,2026/9/26,https://res.cloudinary.com/hf9tv6vn/image/upload/11-22A.jpg,表面,portrait ,https://res.cloudinary.com/hf9tv6vn/image/upload/11-22B.jpg,裏面,portrait,,,,,,,
11月23日,インディ・ジョーンズ／最後の聖戦,イ,1989,,スティーヴン・スピルバーグ,ハリソン・フォード/ショーン・コネリー/リヴァー・フェニックス/アリソン・ドゥーディ/デンホルム・エリオット/ジョン・リス＝デイヴィス/ジュリアン・グローヴァー/マイケル・バーン/マイケル・シェアード,single,2026/9/26,https://res.cloudinary.com/hf9tv6vn/image/upload/11-23A.jpg,表面,portrait ,https://res.cloudinary.com/hf9tv6vn/image/upload/11-23B.jpg,裏面,portrait,,,,,,,
11月24日,インディ・ジョーンズ／最後の聖戦,イ,1989,,スティーヴン・スピルバーグ,ハリソン・フォード/ショーン・コネリー/リヴァー・フェニックス/アリソン・ドゥーディ/デンホルム・エリオット/ジョン・リス＝デイヴィス/ジュリアン・グローヴァー/マイケル・バーン/マイケル・シェアード,single,2026/9/26,https://res.cloudinary.com/hf9tv6vn/image/upload/11-24A.jpg,表面,portrait ,https://res.cloudinary.com/hf9tv6vn/image/upload/11-24B.jpg,裏面,portrait,,,,,,,
11月25日,ワーキング・ガール,ワ,1988,,マイク・ニコルズ,メラニー・グリフィス/ハリソン・フォード/シガニー・ウィーバー,single,2026/9/26,https://res.cloudinary.com/hf9tv6vn/image/upload/11-25A.jpg,表面,portrait ,https://res.cloudinary.com/hf9tv6vn/image/upload/11-25B.jpg,裏面,portrait,,,,,,,
11月26日,運転免許証/ワーキング・ガール,ウ,1988,,【運転免許証 】グレッグ・ビーマン ：【ワーキングガール】マイク・ニコルズ,【運転免許証 】コリー・ハイム/コリー・フェルドマン/キャロル・ケイン ：【ワーキングガール】メラニー・グリフィス/ハリソン・フォード/シガニー・ウィーバー,single,2026/9/26,https://res.cloudinary.com/hf9tv6vn/image/upload/11-26A.jpg,表面,landscape,https://res.cloudinary.com/hf9tv6vn/image/upload/11-26B.jpg,裏面,landscape,,,,,,,
11月27日,推定無罪,ス,1990,,アラン・J・パクラ,ハリソン・フォード/ブライアン・デネヒー/ラウル・ジュリア/ボニー・ベデリア/ポール・ウィンフィールド/グレタ・スカッキ,single,2026/9/26,https://res.cloudinary.com/hf9tv6vn/image/upload/11-27A.jpg,表面,portrait ,https://res.cloudinary.com/hf9tv6vn/image/upload/11-27B.jpg,裏面,portrait,,,,,,,
11月28日,心の旅,コ,1991,,マイク・ニコルズ,ハリソン・フォード/アネット・ベニング,single,2026/9/26,https://res.cloudinary.com/hf9tv6vn/image/upload/11-28A.jpg,表面,portrait ,https://res.cloudinary.com/hf9tv6vn/image/upload/11-28B.jpg,裏面,portrait,,,,,,,
11月29日,パトリオット・ゲーム,パ,1992,,フィリップ・ノイス,ハリソン・フォード/アン・アーチャー/パトリック・バーギン/ショーン・ビーン/ソーラ・バーチ/ジェームズ・フォックス/サミュエル・L・ジャクソン/ジェームズ・アール・ジョーンズ/リチャード・ハリス,single,2026/9/26,https://res.cloudinary.com/hf9tv6vn/image/upload/11-29A.jpg,表面,portrait ,https://res.cloudinary.com/hf9tv6vn/image/upload/11-29B.jpg,裏面,portrait,,,,,,,
11月30日,パトリオット・ゲーム,パ,1992,,フィリップ・ノイス,ハリソン・フォード/アン・アーチャー/パトリック・バーギン/ショーン・ビーン/ソーラ・バーチ/ジェームズ・フォックス/サミュエル・L・ジャクソン/ジェームズ・アール・ジョーンズ/リチャード・ハリス,single,2026/9/26,https://res.cloudinary.com/hf9tv6vn/image/upload/11-30A.jpg,表面,portrait ,https://res.cloudinary.com/hf9tv6vn/image/upload/11-30B.jpg,裏面,portrait,,,,,,,
11-31,逃亡者,ト,1993,,アンドリュー・デイヴィス,ハリソン・フォード/トミー・リー・ジョーンズ/ジェローン・クラッベ/セーラ・ウォード/アンドレアス・カツーラス/ジョー・パントリアーノ,single,2026/9/26,https://res.cloudinary.com/hf9tv6vn/image/upload/11-31A.jpg,表面,portrait ,https://res.cloudinary.com/hf9tv6vn/image/upload/11-31B.jpg,裏面,portrait,,,,,,,
11-32,逃亡者,ト,1993,,アンドリュー・デイヴィス,ハリソン・フォード/トミー・リー・ジョーンズ/ジェローン・クラッベ/セーラ・ウォード/アンドレアス・カツーラス/ジョー・パントリアーノ,single,2026/9/26,https://res.cloudinary.com/hf9tv6vn/image/upload/11-32A.jpg,表面,portrait ,https://res.cloudinary.com/hf9tv6vn/image/upload/11-32B.jpg,裏面,portrait,,,,,,,
11-33,今そこにある危機,イ,1994,,フィリップ・ノイス,ハリソン・フォード/ウィレム・デフォー/アン・アーチャー/ジョアキム・デ・アルメイダ/ヘンリー・ツェニー/ハリス・ユーリン/ドナルド・モファット/ミゲル・サンドバル/ジェームズ・アール・ジョーンズ/レイモンド・クルス/ベンジャミン・ブラット/アン・マグナソン/ソーラ・バーチ,single,2026/9/26,https://res.cloudinary.com/hf9tv6vn/image/upload/11-33A.jpg,表面,portrait ,https://res.cloudinary.com/hf9tv6vn/image/upload/11-33B.jpg,裏面,portrait,,,,,,,
11-34,サブリナ,サ,1995,,シドニー・ポラック,ハリソン・フォード/ジュリア・オーモンド/グレッグ・キニア,single,2026/9/26,https://res.cloudinary.com/hf9tv6vn/image/upload/11-34A.jpg,表面,portrait ,https://res.cloudinary.com/hf9tv6vn/image/upload/11-34B.jpg,裏面,portrait,,,,,,,
11-35,エアフォース・ワン,エ,1997,,ウォルフガング・ペーターゼン,ハリソン・フォード/ゲイリー・オールドマン,single,2026/9/26,https://res.cloudinary.com/hf9tv6vn/image/upload/11-35A.jpg,表面,portrait ,https://res.cloudinary.com/hf9tv6vn/image/upload/11-35B.jpg,裏面,portrait,,,,,,,
11-36,エアフォース・ワン,エ,1997,,ウォルフガング・ペーターゼン,ハリソン・フォード/ゲイリー・オールドマン,single,2026/9/26,https://res.cloudinary.com/hf9tv6vn/image/upload/11-36A.jpg,表面,portrait ,https://res.cloudinary.com/hf9tv6vn/image/upload/11-36B.jpg,裏面,portrait,,,,,,,
11-37,ブレードランナー　ディレクターズ・カット　最終版,ブ,1992,,リドリー・スコット,ハリソン・フォード/ルトガー・ハウアー/ショーン・ヤング/エドワード・ジェームズ・オルモス,single,2026/9/26,https://res.cloudinary.com/hf9tv6vn/image/upload/11-37A.jpg,表面,portrait ,https://res.cloudinary.com/hf9tv6vn/image/upload/11-37B.jpg,裏面,portrait,,,,,,,
11-38,デビル,デ,1997,,アラン・J・パクラ,ハリソン・フォード/ブラッド・ピット,single,2026/9/26,https://res.cloudinary.com/hf9tv6vn/image/upload/11-38A.jpg,表面,portrait ,https://res.cloudinary.com/hf9tv6vn/image/upload/11-38B.jpg,裏面,portrait,,,,,,,
11-39,6デイズ 7ナイツ,6,1998,,アイヴァン・ライトマン,ハリソン・フォード/アン・ヘッシュ,single,2026/9/26,https://res.cloudinary.com/hf9tv6vn/image/upload/11-39A.jpg,表面,portrait ,https://res.cloudinary.com/hf9tv6vn/image/upload/11-39B.jpg,裏面,portrait,,,,,,,
11-40,6デイズ 7ナイツ,6,1998,,アイヴァン・ライトマン,ハリソン・フォード/アン・ヘッシュ,single,2026/9/26,https://res.cloudinary.com/hf9tv6vn/image/upload/11-40A.jpg,表面,portrait ,https://res.cloudinary.com/hf9tv6vn/image/upload/11-40B.jpg,裏面,portrait,,,,,,,
11-41,ランダム・ハーツ,ラ,1999,,シドニー・ポラック,ハリソン・フォード/クリスティン・スコット・トーマス,single,2026/9/26,https://res.cloudinary.com/hf9tv6vn/image/upload/11-41A.jpg,表面,portrait ,https://res.cloudinary.com/hf9tv6vn/image/upload/11-41B.jpg,裏面,portrait,,,,,,,
11-42,ランダム・ハーツ,ラ,1999,,シドニー・ポラック,ハリソン・フォード/クリスティン・スコット・トーマス,single,2026/9/26,https://res.cloudinary.com/hf9tv6vn/image/upload/11-42A.jpg,表面,portrait ,https://res.cloudinary.com/hf9tv6vn/image/upload/11-42B.jpg,裏面,portrait,,,,,,,
11-43,スター・ウォーズ　特別篇,ス,1997,,ジョージ・ルーカス,マーク・ハミル/ハリソン・フォード/キャリー・フィッシャー/アレック・ギネス/ピーター・カッシング/アンソニー・ダニエルズ/ケニー・ベイカー/ピーター・メイヒュー/デヴィッド・プラウズ/ジェームズ・アール・ジョーンズ,single,2026/9/26,https://res.cloudinary.com/hf9tv6vn/image/upload/11-43A.jpg,表面,portrait ,https://res.cloudinary.com/hf9tv6vn/image/upload/11-43B.jpg,裏面,portrait,,,,,,,
11-44,スター・ウォーズ　帝国の逆襲　特別篇,ス,1997,,アーヴィン・カーシュナー,マーク・ハミル/ハリソン・フォード/キャリー・フィッシャー/ビリー・ディー・ウィリアムズ/アンソニー・ダニエル/デヴィッド・プラウズ/ケニー・ベイカー/ピーター・メイヒュー/フランク・オズ,single,2026/9/26,https://res.cloudinary.com/hf9tv6vn/image/upload/11-44A.jpg,表面,portrait ,https://res.cloudinary.com/hf9tv6vn/image/upload/11-44B.jpg,裏面,portrait,,,,,,,
11-45,スター・ウォーズ　ジェダイの復讐　特別篇,ス,1997,,リチャード・マーカンド,マーク・ハミル/ハリソン・フォード/キャリー・フィッシャー/ビリー・ディー・ウィリアムズ/イアン・マクダーミド/アンソニー・ダニエルズ/ケニー・ベイカー/ピーター・メイヒュー/デヴィッド・プラウズ/ジェームズ・アール・ジョーンズ/フランク・オズ/デニス・ローソン/ケネス・コリー/セバスチャン・ショウ/アレック・ギネス/ジェレミー・ブロック/ワーウィック・デイヴィス,single,2026/9/26,https://res.cloudinary.com/hf9tv6vn/image/upload/11-45A.jpg,表面,portrait ,https://res.cloudinary.com/hf9tv6vn/image/upload/11-45B.jpg,裏面,portrait,,,,,,,
11-46,ホワット・ライズ・ビニース,ホ,2000,,ロバート・ゼメキス,ハリソン・フォード/ミシェル・ファイファー,single,2026/9/26,https://res.cloudinary.com/hf9tv6vn/image/upload/11-46A.jpg,表面,portrait ,https://res.cloudinary.com/hf9tv6vn/image/upload/11-46B.jpg,裏面,portrait,,,,,,,
11-47,ホワット・ライズ・ビニース,ホ,2000,,ロバート・ゼメキス,ハリソン・フォード/ミシェル・ファイファー,single,2026/9/26,https://res.cloudinary.com/hf9tv6vn/image/upload/11-47A.jpg,表面,portrait ,https://res.cloudinary.com/hf9tv6vn/image/upload/11-47B.jpg,裏面,portrait,,,,,,,
11-48,地獄の黙示録　特別完全版,ジ,2001,,フランシス・フォード・コッポラ,マーロン・ブランド/ロバート・デュヴァル/マーティン・シーン/フレデリック・フォレスト/アルバート・ホール/サム・ボトムズ/ラリー・フィッシュバーン/デニス・ホッパーハリソン・フォード,single,2026/9/26,https://res.cloudinary.com/hf9tv6vn/image/upload/11-48A.jpg,表面,portrait ,https://res.cloudinary.com/hf9tv6vn/image/upload/11-48B.jpg,裏面,portrait,,,,,,,
11-49,地獄の黙示録　特別完全版,ジ,2001,,フランシス・フォード・コッポラ,マーロン・ブランド/ロバート・デュヴァル/マーティン・シーン/フレデリック・フォレスト/アルバート・ホール/サム・ボトムズ/ラリー・フィッシュバーン/デニス・ホッパーハリソン・フォード,single,2026/9/26,https://res.cloudinary.com/hf9tv6vn/image/upload/11-49A.jpg,表面,portrait ,https://res.cloudinary.com/hf9tv6vn/image/upload/11-49B.jpg,裏面,portrait,,,,,,,
11-50,K-19,K,2002,,キャスリン・ビグロー,ハリソン・フォード/リーアム・ニーソン,single,2026/9/26,https://res.cloudinary.com/hf9tv6vn/image/upload/11-50A.jpg,表面,portrait ,https://res.cloudinary.com/hf9tv6vn/image/upload/11-50B.jpg,裏面,portrait,,,,,,,
11-51,K-19,K,2002,,キャスリン・ビグロー,ハリソン・フォード/リーアム・ニーソン,single,2026/9/26,https://res.cloudinary.com/hf9tv6vn/image/upload/11-51A.jpg,表面,portrait ,https://res.cloudinary.com/hf9tv6vn/image/upload/11-51B.jpg,裏面,portrait,,,,,,,
11-52,スター・ウォーズ ジェダイの復讐,ス,1983,,リチャード・マーカンド,マーク・ハミル/ハリソン・フォード/キャリー・フィッシャー/ビリー・ディー・ウィリアムズ/イアン・マクダーミド/アンソニー・ダニエルズ/ケニー・ベイカー/ピーター・メイヒュー/デヴィッド・プラウズ/ジェームズ・アール・ジョーンズ/フランク・オズ/デニス・ローソン/ケネス・コリー/セバスチャン・ショウ/アレック・ギネス/ジェレミー・ブロック/ワーウィック・デイヴィス,single,2026/9/26,https://res.cloudinary.com/hf9tv6vn/image/upload/11-52A.jpg,表面,portrait ,https://res.cloudinary.com/hf9tv6vn/image/upload/11-52B.jpg,裏面,portrait,,,,,,,
11-53,スター・ウォーズ 日本語版,ス,1980,,ジョージ・ルーカス,マーク・ハミル/ハリソン・フォード/キャリー・フィッシャー/アレック・ギネス/ピーター・カッシング/アンソニー・ダニエルズ/ケニー・ベイカー/ピーター・メイヒュー/デヴィッド・プラウズ/ジェームズ・アール・ジョーンズ,single,2026/9/26,https://res.cloudinary.com/hf9tv6vn/image/upload/11-53A.jpg,表面,portrait ,https://res.cloudinary.com/hf9tv6vn/image/upload/11-53B.jpg,裏面,portrait,,,,,,,
11-54,レイダース／失われたアーク《聖櫃》　中日シネラマ版,レ,1981,,スティーヴン・スピルバーグ,ハリソン・フォード/カレン・アレン/ジョン・リス＝デイヴィスポール・フリーマン/ロナルド・レイシー/ヴォルフ・カーラー/アンソニー・ヒギンズ/デンホルム・エリオット,single,2026/9/26,https://res.cloudinary.com/hf9tv6vn/image/upload/11-54A.jpg,表面,portrait ,https://res.cloudinary.com/hf9tv6vn/image/upload/11-54B.jpg,裏面,portrait,,,,,,,
11-55,レイダース／失われたアーク《聖櫃》　中日シネラマ版,レ,1981,,スティーヴン・スピルバーグ,ハリソン・フォード/カレン・アレン/ジョン・リス＝デイヴィスポール・フリーマン/ロナルド・レイシー/ヴォルフ・カーラー/アンソニー・ヒギンズ/デンホルム・エリオット,single,2026/9/26,https://res.cloudinary.com/hf9tv6vn/image/upload/11-55A.jpg,表面,portrait ,https://res.cloudinary.com/hf9tv6vn/image/upload/11-55B.jpg,裏面,portrait,,,,,,,
11-56,レイダース／失われたアーク《聖櫃》　中日シネラマ版,レ,1981,,スティーヴン・スピルバーグ,ハリソン・フォード/カレン・アレン/ジョン・リス＝デイヴィスポール・フリーマン/ロナルド・レイシー/ヴォルフ・カーラー/アンソニー・ヒギンズ/デンホルム・エリオット,single,2026/9/26,https://res.cloudinary.com/hf9tv6vn/image/upload/11-56A.jpg,表面,portrait ,https://res.cloudinary.com/hf9tv6vn/image/upload/11-56B.jpg,裏面,portrait,,,,,,,
11-57,レイダース／失われたアーク《聖櫃》　中日シネラマ版,レ,1981,,スティーヴン・スピルバーグ,ハリソン・フォード/カレン・アレン/ジョン・リス＝デイヴィスポール・フリーマン/ロナルド・レイシー/ヴォルフ・カーラー/アンソニー・ヒギンズ/デンホルム・エリオット,single,2026/9/26,https://res.cloudinary.com/hf9tv6vn/image/upload/11-57A.jpg,表面,landscape,https://res.cloudinary.com/hf9tv6vn/image/upload/11-57B.jpg,裏面,landscape,,,,,,,
11-58,レイダース／失われたアーク《聖櫃》　中日シネラマ版,レ,1981,,スティーヴン・スピルバーグ,ハリソン・フォード/カレン・アレン/ジョン・リス＝デイヴィスポール・フリーマン/ロナルド・レイシー/ヴォルフ・カーラー/アンソニー・ヒギンズ/デンホルム・エリオット,single,2026/9/26,https://res.cloudinary.com/hf9tv6vn/image/upload/11-58A.jpg,表面,landscape,https://res.cloudinary.com/hf9tv6vn/image/upload/11-58B.jpg,裏面,landscape,,,,,,,
11-59,ワーキング・ガール,ワ,1988,,マイク・ニコルズ,メラニー・グリフィス/ハリソン・フォード/シガニー・ウィーバー,single,2026/9/26,https://res.cloudinary.com/hf9tv6vn/image/upload/11-59A.jpg,表面,portrait ,https://res.cloudinary.com/hf9tv6vn/image/upload/11-59B.jpg,裏面,portrait,,,,,,,
11-60,スター・ウォーズ ジェダイの復讐,ス,1983,,リチャード・マーカンド,マーク・ハミル/ハリソン・フォード/キャリー・フィッシャー/ビリー・ディー・ウィリアムズ/イアン・マクダーミド/アンソニー・ダニエルズ/ケニー・ベイカー/ピーター・メイヒュー/デヴィッド・プラウズ/ジェームズ・アール・ジョーンズ/フランク・オズ/デニス・ローソン/ケネス・コリー/セバスチャン・ショウ/アレック・ギネス/ジェレミー・ブロック/ワーウィック・デイヴィス,single,2026/9/26,https://res.cloudinary.com/hf9tv6vn/image/upload/11-60A.jpg,表面,portrait ,https://res.cloudinary.com/hf9tv6vn/image/upload/11-60B.jpg,裏面,portrait,,,,,,,
11-61,インディ・ジョーンズ/クリスタル・スカルの王国,イ,2008,,スティーヴン・スピルバーグ,ハリソン・フォード/ケイト・ブランシェット/カレン・アレン/シャイア・ラブーフ/イゴール・ジジキン/レイ・ウィンストン/ジョン・ハート/ジム・ブロードベント,single,2026/9/26,https://res.cloudinary.com/hf9tv6vn/image/upload/11-61A.jpg,表面,portrait ,https://res.cloudinary.com/hf9tv6vn/image/upload/11-61B.jpg,裏面,portrait,,,,,,,
11-62,インディ・ジョーンズ/クリスタル・スカルの王国,イ,2008,,スティーヴン・スピルバーグ,ハリソン・フォード/ケイト・ブランシェット/カレン・アレン/シャイア・ラブーフ/イゴール・ジジキン/レイ・ウィンストン/ジョン・ハート/ジム・ブロードベント,single,2026/9/26,https://res.cloudinary.com/hf9tv6vn/image/upload/11-62A.jpg,表面,portrait ,https://res.cloudinary.com/hf9tv6vn/image/upload/11-62B.jpg,裏面,portrait,,,,,,,
11-63,スター・ウォーズ エピソード1  ファントム・メナス 3D,ス,2012,,ジョージ・ルーカス,リーアム・ニーソン/ユアン・マクレガー/ナタリー・ポートマン/ジェイク・ロイド/イアン・マクダーミド/レイ・パーク/アンソニー・ダニエルズ/ケニー・ベイカー/フランク・オズ/サミュエル・L・ジャクソン/ペルニラ・アウグスト/アーメド・ベスト,single,2026/9/26,https://res.cloudinary.com/hf9tv6vn/image/upload/11-63A.jpg,表面,portrait ,https://res.cloudinary.com/hf9tv6vn/image/upload/11-63B.jpg,裏面,portrait,,,,,,,
11-64,スター・ウォーズ エピソード1  ファントム・メナス,ス,1999,,ジョージ・ルーカス,リーアム・ニーソン/ユアン・マクレガー/ナタリー・ポートマン/ジェイク・ロイド/イアン・マクダーミド/レイ・パーク/アンソニー・ダニエルズ/ケニー・ベイカー/フランク・オズ/サミュエル・L・ジャクソン/ペルニラ・アウグスト/アーメド・ベスト,single,2026/9/26,https://res.cloudinary.com/hf9tv6vn/image/upload/11-64A.jpg,表面,portrait ,https://res.cloudinary.com/hf9tv6vn/image/upload/11-64B.jpg,裏面,portrait,,,,,,,
11-65,スター・ウォーズ エピソード1  ファントム・メナス,ス,1999,,ジョージ・ルーカス,リーアム・ニーソン/ユアン・マクレガー/ナタリー・ポートマン/ジェイク・ロイド/イアン・マクダーミド/レイ・パーク/アンソニー・ダニエルズ/ケニー・ベイカー/フランク・オズ/サミュエル・L・ジャクソン/ペルニラ・アウグスト/アーメド・ベスト,single,2026/9/26,https://res.cloudinary.com/hf9tv6vn/image/upload/11-65A.jpg,表面,portrait ,https://res.cloudinary.com/hf9tv6vn/image/upload/11-65B.jpg,裏面,portrait,,,,,,,
11-66,スター・ウォーズ エピソード2  クローンの攻撃,ス,2002,,ジョージ・ルーカス,ユアン・マクレガー/ナタリー・ポートマン/ヘイデン・クリステンセン/イアン・マクダーミド/サミュエル・L・ジャクソン/ジミー・スミッツ/テムエラ・モリソン/ダニエル・ローガン/ペルニラ・アウグスト/クリストファー・リー/アンソニー・ダニエルズ/ケニー・ベイカー/フランク・オズ/アーメド・ベスト,single,2026/9/26,https://res.cloudinary.com/hf9tv6vn/image/upload/11-66A.jpg,表面,portrait ,https://res.cloudinary.com/hf9tv6vn/image/upload/11-66B.jpg,裏面,portrait,,,,,,,
11-67,スター・ウォーズ エピソード2  クローンの攻撃,ス,2002,,ジョージ・ルーカス,ユアン・マクレガー/ナタリー・ポートマン/ヘイデン・クリステンセン/イアン・マクダーミド/サミュエル・L・ジャクソン/ジミー・スミッツ/テムエラ・モリソン/ダニエル・ローガン/ペルニラ・アウグスト/クリストファー・リー/アンソニー・ダニエルズ/ケニー・ベイカー/フランク・オズ/アーメド・ベスト,single,2026/9/26,https://res.cloudinary.com/hf9tv6vn/image/upload/11-67A.jpg,表面,portrait ,https://res.cloudinary.com/hf9tv6vn/image/upload/11-67B.jpg,裏面,portrait,,,,,,,
11-68,スター・ウォーズ エピソード2  クローンの攻撃,ス,2002,,ジョージ・ルーカス,ユアン・マクレガー/ナタリー・ポートマン/ヘイデン・クリステンセン/イアン・マクダーミド/サミュエル・L・ジャクソン/ジミー・スミッツ/テムエラ・モリソン/ダニエル・ローガン/ペルニラ・アウグスト/クリストファー・リー/アンソニー・ダニエルズ/ケニー・ベイカー/フランク・オズ/アーメド・ベスト,bifold,2026/9/26,https://res.cloudinary.com/hf9tv6vn/image/upload/11-68A.jpg,表面,portrait ,https://res.cloudinary.com/hf9tv6vn/image/upload/11-68B.jpg,裏面,portrait,https://res.cloudinary.com/hf9tv6vn/image/upload/11-68C.jpg,中面,landscape,,,,
11-69,スター・ウォーズ エピソード3  シスの復讐,ス,2005,,ジョージ・ルーカス,ユアン・マクレガー/ナタリー・ポートマンヘイデン・クリステンセン/イアン・マクダーミドサミュエル・L・ジャクソン/クリストファー・リー/アンソニー・ダニエルズ/ケニー・ベイカー/フランク・オズ/ジミー・スミッツ/テムエラ・モリソン/ピーター・メイヒュー/アーメド・ベスト,single,2026/9/26,https://res.cloudinary.com/hf9tv6vn/image/upload/11-69A.jpg,表面,portrait ,https://res.cloudinary.com/hf9tv6vn/image/upload/11-69B.jpg,裏面,portrait,,,,,,,
11-70,スター・ウォーズ エピソード3  シスの復讐,ス,2005,,ジョージ・ルーカス,ユアン・マクレガー/ナタリー・ポートマンヘイデン・クリステンセン/イアン・マクダーミドサミュエル・L・ジャクソン/クリストファー・リー/アンソニー・ダニエルズ/ケニー・ベイカー/フランク・オズ/ジミー・スミッツ/テムエラ・モリソン/ピーター・メイヒュー/アーメド・ベスト,single,2026/9/26,https://res.cloudinary.com/hf9tv6vn/image/upload/11-70A.jpg,表面,portrait ,https://res.cloudinary.com/hf9tv6vn/image/upload/11-70B.jpg,裏面,portrait,,,,,,,
11-71,スター・ウォーズ エピソード3  シスの復讐,ス,2005,,ジョージ・ルーカス,ユアン・マクレガー/ナタリー・ポートマンヘイデン・クリステンセン/イアン・マクダーミドサミュエル・L・ジャクソン/クリストファー・リー/アンソニー・ダニエルズ/ケニー・ベイカー/フランク・オズ/ジミー・スミッツ/テムエラ・モリソン/ピーター・メイヒュー/アーメド・ベスト,single,2026/9/26,https://res.cloudinary.com/hf9tv6vn/image/upload/11-71A.jpg,表面,portrait ,https://res.cloudinary.com/hf9tv6vn/image/upload/11-71B.jpg,裏面,portrait,,,,,,,
11-72,スター・ウォーズ スカイウォーカーの夜明け,ス,2019,,J・J・エイブラムス,デイジー・リドリー/アダム・ドライバー/ジョン・ボイエガ/オスカー・アイザック/キャリー・フィッシャー/マーク・ハミル/イアン・マクダーミド/アンソニー・ダニエルズ/ナオミ・アッキー/ドーナル・グリーソン/リチャード・E・グラント/ルピタ・ニョン/ケリー・ラッセル/ヨーナス・スオタモ/ケリー・マリー・トラン/ビリー・ディー・ウィリアムズ,single,2026/9/26,https://res.cloudinary.com/hf9tv6vn/image/upload/11-72A.jpg,表面,portrait ,https://res.cloudinary.com/hf9tv6vn/image/upload/11-72B.jpg,裏面,portrait,,,,,,,
11-73,スター・ウォーズ スカイウォーカーの夜明け,ス,2019,,J・J・エイブラムス,デイジー・リドリー/アダム・ドライバー/ジョン・ボイエガ/オスカー・アイザック/キャリー・フィッシャー/マーク・ハミル/イアン・マクダーミド/アンソニー・ダニエルズ/ナオミ・アッキー/ドーナル・グリーソン/リチャード・E・グラント/ルピタ・ニョン/ケリー・ラッセル/ヨーナス・スオタモ/ケリー・マリー・トラン/ビリー・ディー・ウィリアムズ,single,2026/9/26,https://res.cloudinary.com/hf9tv6vn/image/upload/11-73A.jpg,表面,portrait ,https://res.cloudinary.com/hf9tv6vn/image/upload/11-73B.jpg,裏面,portrait,,,,,,,
11-74,スター・ウォーズ スカイウォーカーの夜明け/アナと雪の女王2,ス,2019,,【スター・ウォーズ スカイウォーカーの夜明け】J・J・エイブラムス：【アナと雪の女王2】クリス・バック/ジェニファー・リー,【スター・ウォーズ スカイウォーカーの夜明け】デイジー・リドリー/アダム・ドライバー/ジョン・ボイエガ/オスカー・アイザック/キャリー・フィッシャー/マーク・ハミル/イアン・マクダーミド/アンソニー・ダニエルズ/ナオミ・アッキー/ドーナル・グリーソン/リチャード・E・グラント/ルピタ・ニョン/ケリー・ラッセル/ヨーナス・スオタモ/ケリー・マリー・トラン/ビリー・ディー・ウィリアムズ：【アナと雪の女王２】クリスティン・ベル/イディナ・メンゼル/ジョナサン・グロフ/ジョシュ・ギャッド,single,2026/9/26,https://res.cloudinary.com/hf9tv6vn/image/upload/11-74A.jpg,表面,portrait ,https://res.cloudinary.com/hf9tv6vn/image/upload/11-74B.jpg,裏面,portrait,,,,,,,
11-75,スター・ウォーズ フォースの覚醒,ス,2015,,J・J・エイブラムス,デイジー・リドリー/ジョン・ボイエガ/オスカー・アイザック/アダム・ドライバー/ハリソン・フォード/キャリー・フィッシャー/マーク・ハミル,single,2026/9/26,https://res.cloudinary.com/hf9tv6vn/image/upload/11-75A.jpg,表面,portrait ,https://res.cloudinary.com/hf9tv6vn/image/upload/11-75B.jpg,裏面,portrait,,,,,,,
11-76,スター・ウォーズ フォースの覚醒,ス,2015,,J・J・エイブラムス,デイジー・リドリー/ジョン・ボイエガ/オスカー・アイザック/アダム・ドライバー/ハリソン・フォード/キャリー・フィッシャー/マーク・ハミル,single,2026/9/26,https://res.cloudinary.com/hf9tv6vn/image/upload/11-76A.jpg,表面,landscape,https://res.cloudinary.com/hf9tv6vn/image/upload/11-76B.jpg,裏面,landscape,,,,,,,
11-77,スター・ウォーズ フォースの覚醒,ス,2015,,J・J・エイブラムス,デイジー・リドリー/ジョン・ボイエガ/オスカー・アイザック/アダム・ドライバー/ハリソン・フォード/キャリー・フィッシャー/マーク・ハミル,single,2026/9/26,https://res.cloudinary.com/hf9tv6vn/image/upload/11-77A.jpg,表面,portrait ,https://res.cloudinary.com/hf9tv6vn/image/upload/11-77B.jpg,裏面,portrait,,,,,,,
11-78,スター・ウォーズ フォースの覚醒,ス,2015,,J・J・エイブラムス,デイジー・リドリー/ジョン・ボイエガ/オスカー・アイザック/アダム・ドライバー/ハリソン・フォード/キャリー・フィッシャー/マーク・ハミル,quadfold,2026/9/26,https://res.cloudinary.com/hf9tv6vn/image/upload/11-78A.jpg,表面,landscape,https://res.cloudinary.com/hf9tv6vn/image/upload/11-78B.jpg,中面,landscape,https://res.cloudinary.com/hf9tv6vn/image/upload/11-78C.jpg,中面,landscape,https://res.cloudinary.com/hf9tv6vn/image/upload/11-78D.jpg,中面,landscape,
11-79,スター・ウォーズ フォースの覚醒,ス,2015,,J・J・エイブラムス,デイジー・リドリー/ジョン・ボイエガ/オスカー・アイザック/アダム・ドライバー/ハリソン・フォード/キャリー・フィッシャー/マーク・ハミル,quadfold,2026/9/26,https://res.cloudinary.com/hf9tv6vn/image/upload/11-79A.jpg,表面,landscape,https://res.cloudinary.com/hf9tv6vn/image/upload/11-79B.jpg,中面,landscape,https://res.cloudinary.com/hf9tv6vn/image/upload/11-79C.jpg,中面,landscape,https://res.cloudinary.com/hf9tv6vn/image/upload/11-79D.jpg,中面,landscape,
53-1,ピンクパンサー2,ピ,2009,,ハラルド・ズワルト,スティーヴ・マーティン/ジャン・レノ/アルフレッド・モリーナ,single,2026/10/3,https://res.cloudinary.com/hf9tv6vn/image/upload/53-1A.jpg,表面,portrait ,https://res.cloudinary.com/hf9tv6vn/image/upload/53-1B.jpg,裏面,portrait,,,,,,,
53-2,ブッシュ,ブ,2008,,オリバー・ストーン,ジョシュ・ブローリン/エリザベス・バンクス,single,2026/10/3,https://res.cloudinary.com/hf9tv6vn/image/upload/53-2A.jpg,表面,portrait ,https://res.cloudinary.com/hf9tv6vn/image/upload/53-2B.jpg,裏面,portrait,,,,,,,
53-3,風の馬,カ,1998,,ポール・ワーグナー,ダドゥン/ジャンパ・ケルサン/リチャード・チャン/テイジェ・シルバーマン,single,2026/10/3,https://res.cloudinary.com/hf9tv6vn/image/upload/53-3A.jpg,表面,portrait ,https://res.cloudinary.com/hf9tv6vn/image/upload/53-3B.jpg,裏面,portrait,,,,,,,
53-4,フロスト×ニクソン,フ,2008,,ロン・ハワード,フランク・ランジェラ/マイケル・シーン,single,2026/10/3,https://res.cloudinary.com/hf9tv6vn/image/upload/53-4A.jpg,表面,portrait ,https://res.cloudinary.com/hf9tv6vn/image/upload/53-4B.jpg,裏面,portrait,,,,,,,
53-5,レスラー,レ,2008,,ダーレン・アロノフスキー,ミッキー・ロー/マリサ・トメイ,single,2026/10/3,https://res.cloudinary.com/hf9tv6vn/image/upload/53-5A.jpg,表面,portrait ,https://res.cloudinary.com/hf9tv6vn/image/upload/53-5B.jpg,裏面,portrait,,,,,,,
53-6,ラスト・ブラッド,ラ,2009,,クリス・ナオン,チョン・ジヒョン/小雪/アリソン・ミラー/リーアム・カニンガム/JJフェイルド/コリン・サーモン/倉田保昭,single,2026/10/3,https://res.cloudinary.com/hf9tv6vn/image/upload/53-6A.jpg,表面,portrait ,https://res.cloudinary.com/hf9tv6vn/image/upload/53-6B.jpg,裏面,portrait,,,,,,,
53-7,ボルト,ボ,2008,,クリス・ウィリアムズ/バイロン・ハワード,ジョン・トラボルタ/マイリー・サイラス/マルコム・マクダウェル,single,2026/10/3,https://res.cloudinary.com/hf9tv6vn/image/upload/53-7A.jpg,表面,portrait ,https://res.cloudinary.com/hf9tv6vn/image/upload/53-7B.jpg,裏面,portrait,,,,,,,
53-8,ザ・スピリット,ザ,2008,,フランク・ミラー,ガブリエル・マクト/サミュエル・L・ジャクソン/エヴァ・メンデス/スカーレット・ヨハンソン,single,2026/10/3,https://res.cloudinary.com/hf9tv6vn/image/upload/53-8A.jpg,表面,portrait ,https://res.cloudinary.com/hf9tv6vn/image/upload/53-8B.jpg,裏面,portrait,,,,,,,
53-9,デュプリシティ 〜スパイは/スパイに嘘をつく〜,デ,2009,,トニー・ギルロイ,クライヴ・オーウェン/ジュリア・ロバーツ/トム・ウィルキンソン/ポール・ジアマッティ,single,2026/10/3,https://res.cloudinary.com/hf9tv6vn/image/upload/53-9A.jpg,表面,portrait ,https://res.cloudinary.com/hf9tv6vn/image/upload/53-9B.jpg,裏面,portrait,,,,,,,
53-10,サンシャイン・クリーニング,サ,2009,,クリスティン・ジェフズ,エイミー・アダムス/エミリー・ブラント,single,2026/10/3,https://res.cloudinary.com/hf9tv6vn/image/upload/53-10A.jpg,表面,portrait ,https://res.cloudinary.com/hf9tv6vn/image/upload/53-10B.jpg,裏面,portrait,,,,,,,
53-11,サンシャイン・クリーニング,サ,2009,,クリスティン・ジェフズ,エイミー・アダムス/エミリー・ブラント,single,2026/10/3,https://res.cloudinary.com/hf9tv6vn/image/upload/53-11A.jpg,表面,portrait ,https://res.cloudinary.com/hf9tv6vn/image/upload/53-11B.jpg,裏面,portrait,,,,,,,
53-12,雪の下の炎,ユ,2008,,楽真琴,パルデン・ギャツォ/ダライ・ラマ14世,single,2026/10/3,https://res.cloudinary.com/hf9tv6vn/image/upload/53-12A.jpg,表面,portrait ,https://res.cloudinary.com/hf9tv6vn/image/upload/53-12B.jpg,裏面,portrait,,,,,,,
53-13,ラーメンガール,ラ,2008,,ロバート・アラン・アッカーマン,ブリタニー・マーフィ/西田敏行/余貴美子/パク・ソヒ/タミー・ブランチャード/ガブリエル・マン/ダニエル・エバンス/岡本麗/前田健/石井トミコ/石橋蓮司/山﨑努,single,2026/10/3,https://res.cloudinary.com/hf9tv6vn/image/upload/53-13A.jpg,表面,portrait ,https://res.cloudinary.com/hf9tv6vn/image/upload/53-13B.jpg,裏面,portrait,,,,,,,
53-14,それでも恋するバルセロナ,ソ,2008,,ウディ・アレン,ハビエル・バルデム/レベッカ・ホール/ペネロペ・クルス/スカーレット・ヨハンソン,single,2026/10/3,https://res.cloudinary.com/hf9tv6vn/image/upload/53-14A.jpg,表面,portrait ,https://res.cloudinary.com/hf9tv6vn/image/upload/53-14B.jpg,裏面,portrait,,,,,,,
53-15,それでも恋するバルセロナ,ソ,2008,,ウディ・アレン,ハビエル・バルデム/レベッカ・ホール/ペネロペ・クルス/スカーレット・ヨハンソン,bifold,2026/10/3,https://res.cloudinary.com/hf9tv6vn/image/upload/53-15A.jpg,表面,portrait ,https://res.cloudinary.com/hf9tv6vn/image/upload/53-15B.jpg,裏面,portrait,https://res.cloudinary.com/hf9tv6vn/image/upload/53-15C.jpg,中面,landscape,,,,
53-16,チャーリー・バートレットの男子トイレ相談室,チ,2007,,ジョン・ポール,アントン・イェルチン/ホープ・デイヴィス/カット・デニングス/ロバート・ダウニー・Jr,single,2026/10/3,https://res.cloudinary.com/hf9tv6vn/image/upload/53-16A.jpg,表面,portrait ,https://res.cloudinary.com/hf9tv6vn/image/upload/53-16B.jpg,裏面,portrait,,,,,,,
53-17,夏時間の庭,ナ,2008,,オリヴィエ・アサヤス,,single,2026/10/3,https://res.cloudinary.com/hf9tv6vn/image/upload/53-17A.jpg,表面,portrait ,https://res.cloudinary.com/hf9tv6vn/image/upload/53-17B.jpg,裏面,portrait,,,,,,,
53-18,フー・キルド・ナンシー,フ,2009,,アラン・パーカー,グレン・マトロック/ドン・レッツ/スティーヴ・ウォルシュ/ジョン・ホルムストロム/アラン・ジョーンズ/アイリーン・ポーク/ヘリン・キラー,single,2026/10/3,https://res.cloudinary.com/hf9tv6vn/image/upload/53-18A.jpg,表面,portrait ,https://res.cloudinary.com/hf9tv6vn/image/upload/53-18B.jpg,裏面,portrait,,,,,,,
53-19,チェイサー,チ,2008,,ナ・ホンジン,キム・ユンソク/ハ・ジョンウ/ソ・ヨンヒ,single,2026/10/3,https://res.cloudinary.com/hf9tv6vn/image/upload/53-19A.jpg,表面,portrait ,https://res.cloudinary.com/hf9tv6vn/image/upload/53-19B.jpg,裏面,portrait,,,,,,,
53-20,グラン・トリノ,グ,2008,,クリント・イーストウッド,クリント・イーストウッド/ビー・ヴァン/アーニー・ハー,single,2026/10/3,https://res.cloudinary.com/hf9tv6vn/image/upload/53-20A.jpg,表面,portrait ,https://res.cloudinary.com/hf9tv6vn/image/upload/53-20B.jpg,裏面,portrait,,,,,,,
53-21,グラン・トリノ,グ,2008,,クリント・イーストウッド,クリント・イーストウッド/ビー・ヴァン/アーニー・ハー,single,2026/10/3,https://res.cloudinary.com/hf9tv6vn/image/upload/53-21A.jpg,表面,portrait ,https://res.cloudinary.com/hf9tv6vn/image/upload/53-21B.jpg,裏面,portrait,,,,,,,
53-22,ストレンジャーズ/戦慄の訪問者,ス,2008,,ブライアン・ベルティノ,リヴ・タイラー/スコット・スピードマン,single,2026/10/3,https://res.cloudinary.com/hf9tv6vn/image/upload/53-22A.jpg,表面,portrait ,https://res.cloudinary.com/hf9tv6vn/image/upload/53-22B.jpg,裏面,portrait,,,,,,,
53-23,9 〜9番目の奇妙な人形〜,9,2009,,シェーン・アッカー,イライジャ・ウッド/ジェニファー・コネリー/アラン・オッペンハイマー/トム・ケイン/クリストファー・プラマー/マーティン・ランドー/ジョン・C・ライリー,single,2026/10/3,https://res.cloudinary.com/hf9tv6vn/image/upload/53-23A.jpg,表面,portrait ,https://res.cloudinary.com/hf9tv6vn/image/upload/53-23B.jpg,裏面,portrait,,,,,,,
53-24,子供の情景,コ,2007,,ハナ・マフマルバフ,ニクバクト・ノルーズ/アッバス・アリジョメ,single,2026/10/3,https://res.cloudinary.com/hf9tv6vn/image/upload/53-24A.jpg,表面,portrait ,https://res.cloudinary.com/hf9tv6vn/image/upload/53-24B.jpg,裏面,portrait,,,,,,,
53-25,ヴィニシウス　愛とボサノヴァの日々,ヴ,2005,,ミゲル・ファリア・Jr.,アントニオ・カルロス・ジョビン/ジョアン・ジルベルト/バーデン・パウエル/アントニオ・カンヂド/カエターノ・ヴェローゾ,single,2026/10/3,https://res.cloudinary.com/hf9tv6vn/image/upload/53-25A.jpg,表面,portrait ,https://res.cloudinary.com/hf9tv6vn/image/upload/53-25B.jpg,裏面,portrait,,,,,,,
53-26,ベルサイユの子,ベ,2008,,ピエール・ショレール,ギョーム・ドパルデュー/マックス・ベセット・ド・マルグレーヴ/ジュディット・シュムラ/オーレ・アッティカ/パトリック・デカン/マッテオ・ジョヴァネッティ/ブリジット・シィ/フラン・ブリュノー/フィリップ・デュパーニュ,single,2026/10/3,https://res.cloudinary.com/hf9tv6vn/image/upload/53-26A.jpg,表面,portrait ,https://res.cloudinary.com/hf9tv6vn/image/upload/53-26B.jpg,裏面,portrait,,,,,,,
53-27,キッチン～3人のレシピ～,キ,2009,,ホン・ジヨン,チュ・ジフン/シン・ミナ/キム・テウ,single,2026/10/3,https://res.cloudinary.com/hf9tv6vn/image/upload/53-27A.jpg,表面,portrait ,https://res.cloudinary.com/hf9tv6vn/image/upload/53-27B.jpg,裏面,portrait,,,,,,,
53-28,キング・コーン／世界を作る魔法の一粒,キ,2007,,アーロン・ウルフ,イアン・チーニー/カート・エリス/カール・バッツ,single,2026/10/3,https://res.cloudinary.com/hf9tv6vn/image/upload/53-28A.jpg,表面,portrait ,https://res.cloudinary.com/hf9tv6vn/image/upload/53-28B.jpg,裏面,portrait,,,,,,,
53-29,キング・コーン／世界を作る魔法の一粒,キ,2007,,アーロン・ウルフ,イアン・チーニー/カート・エリス/カール・バッツ,single,2026/10/3,https://res.cloudinary.com/hf9tv6vn/image/upload/53-29A.jpg,表面,portrait ,https://res.cloudinary.com/hf9tv6vn/image/upload/53-29B.jpg,裏面,portrait,,,,,,,
53-30,ターミネーター4,タ,2009,,マックG,クリスチャン・ベール/サム・ワーシントン/アントン・イェルチン/ムーン・ブラッドグッド/ジェイダグレイス・ベリー/ブライス・ダラス・ハワード/コモン/ジェーン・アレクサンダー/ヘレナ・ボナム＝カーター,single,2026/10/3,https://res.cloudinary.com/hf9tv6vn/image/upload/53-30A.jpg,表面,landscape,https://res.cloudinary.com/hf9tv6vn/image/upload/53-30B.jpg,裏面,portrait,,,,,,,
53-31,ターミネーター4,タ,2009,,マックG,クリスチャン・ベール/サム・ワーシントン/アントン・イェルチン/ムーン・ブラッドグッド/ジェイダグレイス・ベリー/ブライス・ダラス・ハワード/コモン/ジェーン・アレクサンダー/ヘレナ・ボナム＝カーター,single,2026/10/3,https://res.cloudinary.com/hf9tv6vn/image/upload/53-31A.jpg,表面,portrait ,https://res.cloudinary.com/hf9tv6vn/image/upload/53-31B.jpg,裏面,portrait,,,,,,,
53-32,ウォーロード/男たちの誓い,ウ,2007,,ピーター・チャン,ジェット・リー/アンディ・ラウ/金城武,single,2026/10/3,https://res.cloudinary.com/hf9tv6vn/image/upload/53-32A.jpg,表面,portrait ,https://res.cloudinary.com/hf9tv6vn/image/upload/53-32B.jpg,裏面,portrait,,,,,,,
53-33,ザ・クリーナー 消された殺人,ザ,2007,,レニー・ハーリン,サミュエル・L・ジャクソン/エド・ハリス/エヴァ・メンデス,single,2026/10/3,https://res.cloudinary.com/hf9tv6vn/image/upload/53-33A.jpg,表面,portrait ,https://res.cloudinary.com/hf9tv6vn/image/upload/53-33B.jpg,裏面,portrait,,,,,,,
53-34,サスペリア・テルザ 最後の魔女,サ,2007,,ダリオ・アルジェント,アーシア・アルジェント/クリスチャン・ソリメノ/ウド・キア/アダム・ジェームズ/モラン・アティアス/ヴァレリア・カヴァッリ/市川純/ダリア・ニコロディ/フィリップ・ルロワ/コラリーナ・C・タッソーニ,single,2026/10/3,https://res.cloudinary.com/hf9tv6vn/image/upload/53-34A.jpg,表面,portrait ,https://res.cloudinary.com/hf9tv6vn/image/upload/53-34B.jpg,裏面,portrait,,,,,,,
53-35,ウェディング・ベルを鳴らせ！,ウ,2007,,エミール・クストリッツァ,ウロシュ・ミロヴァノヴィッチ/マリヤ・ペトロニイェヴィッチ/アレクサンダル・ベルチェック/ミキ・マノイロヴィッチ/ストリボル・クストリッツァ,single,2026/10/3,https://res.cloudinary.com/hf9tv6vn/image/upload/53-35A.jpg,表面,portrait ,https://res.cloudinary.com/hf9tv6vn/image/upload/53-35B.jpg,裏面,portrait,,,,,,,
53-36,彼女の名はサビーヌ,カ,2007,,サンドリーヌ・ボネール,サビーヌ・ボネール,single,2026/10/3,https://res.cloudinary.com/hf9tv6vn/image/upload/53-36A.jpg,表面,portrait ,https://res.cloudinary.com/hf9tv6vn/image/upload/53-36B.jpg,裏面,portrait,,,,,,,
53-37,イエスマン “YES”は人生のパスワード,イ,2008,,ペイトン・リード,ジム・キャリー/デヴィッド・ハイマン/リチャード・D・ザナック,single,2026/10/3,https://res.cloudinary.com/hf9tv6vn/image/upload/53-37A.jpg,表面,portrait ,https://res.cloudinary.com/hf9tv6vn/image/upload/53-37B.jpg,裏面,portrait,,,,,,,
53-38,マーリー 世界一おバカな犬が教えてくれたこと,マ,2008,,デヴィッド・フランケル,オーウェン・ウィルソン/ジェニファー・アニストン/エリック・デイン/キャスリーン・ターナー/アラン・アーキン,single,2026/10/3,https://res.cloudinary.com/hf9tv6vn/image/upload/53-38A.jpg,表面,portrait ,https://res.cloudinary.com/hf9tv6vn/image/upload/53-38B.jpg,裏面,portrait,,,,,,,
53-39,デュプリシティ 〜スパイは/スパイに嘘をつく〜,デ,2009,,トニー・ギルロイ,クライヴ・オーウェン/ジュリア・ロバーツ/トム・ウィルキンソン/ポール・ジアマッティ,single,2026/10/3,https://res.cloudinary.com/hf9tv6vn/image/upload/53-39A.jpg,表面,portrait ,https://res.cloudinary.com/hf9tv6vn/image/upload/53-39B.jpg,裏面,portrait,,,,,,,
53-40,プラスティック・シティ,プ,2008,,ユー・リクウァイ,オダギリジョー/アンソニー・ウォン/ホァン・イー,single,2026/10/3,https://res.cloudinary.com/hf9tv6vn/image/upload/53-40A.jpg,表面,portrait ,https://res.cloudinary.com/hf9tv6vn/image/upload/53-40B.jpg,裏面,portrait,,,,,,,
53-41,ウィッチマウンテン/地図から消された山,ウ,2009,,アンディ・フィックマン,ドウェイン・ジョンソン/アナソフィア・ロブ/アレクサンダー・ルドウィグ/カーラ・グギノ/キアラン・ハインズ,single,2026/10/3,https://res.cloudinary.com/hf9tv6vn/image/upload/53-41A.jpg,表面,portrait ,https://res.cloudinary.com/hf9tv6vn/image/upload/53-41B.jpg,裏面,portrait,,,,,,,
53-42,バンコック・デンジャラス,バ,2008,,オキサイド・パン/ダニー・パン,ニコラス・ケイジ/チャーリー・ヤン/シャクリット・ヤムナーム,single,2026/10/3,https://res.cloudinary.com/hf9tv6vn/image/upload/53-42A.jpg,表面,portrait ,https://res.cloudinary.com/hf9tv6vn/image/upload/53-42B.jpg,裏面,portrait,,,,,,,
53-43,お買いもの中毒な私!,オ,2009,,P・J・ホーガン,アイラ・フィッシャー,single,2026/10/3,https://res.cloudinary.com/hf9tv6vn/image/upload/53-43A.jpg,表面,portrait ,https://res.cloudinary.com/hf9tv6vn/image/upload/53-43B.jpg,裏面,portrait,,,,,,,
53-44,アンダーカヴァー,ア,2007,,ジェームズ・グレイ,ホアキン・フェニックス/マーク・ウォールバーグ,single,2026/10/3,https://res.cloudinary.com/hf9tv6vn/image/upload/53-44A.jpg,表面,portrait ,https://res.cloudinary.com/hf9tv6vn/image/upload/53-44B.jpg,裏面,portrait,,,,,,,
53-45,太陽のかけら/失われた肌,タ,2007,,ガエル・ガルシア・ベルナル,ガエル・ガルシア・ベルナル,bifold,2026/10/3,https://res.cloudinary.com/hf9tv6vn/image/upload/53-45A.jpg,表面,portrait ,https://res.cloudinary.com/hf9tv6vn/image/upload/53-45B.jpg,裏面,portrait,https://res.cloudinary.com/hf9tv6vn/image/upload/53-45C.jpg,中面,landscape,,,,
53-46,アンダーワールド ビギンズ,ア,2009,,パトリック・タトポロス,マイケル・シーン/ビル・ナイ/ローナ・ミトラ,single,2026/10/3,https://res.cloudinary.com/hf9tv6vn/image/upload/53-46A.jpg,表面,portrait ,https://res.cloudinary.com/hf9tv6vn/image/upload/53-46B.jpg,裏面,portrait,,,,,,,
53-47,ザ・バンク 堕ちた巨像,ザ,2009,,トム・ティクヴァ,クライヴ・オーウェン/ナオミ・ワッツ/アーミン・ミューラー＝スタール,single,2026/10/3,https://res.cloudinary.com/hf9tv6vn/image/upload/53-47A.jpg,表面,portrait ,https://res.cloudinary.com/hf9tv6vn/image/upload/53-47B.jpg,裏面,portrait,,,,,,,
53-48,パニッシャー: ウォー・ゾーン,パ,2008,,レクシー・アレクサンダー,レイ・スティーヴンソン/ドミニク・ウェスト/ジュリー・ベンツ/コリン・サーモン/ダグ・ハッチソン/ダッシュ・ミホク/ウェイン・ナイト,single,2026/10/3,https://res.cloudinary.com/hf9tv6vn/image/upload/53-48A.jpg,表面,portrait ,https://res.cloudinary.com/hf9tv6vn/image/upload/53-48B.jpg,裏面,portrait,,,,,,,
53-49,いとしい人,イ,2007,,ヘレン・ハント,ヘレン・ハント/ベット・ミドラー/コリン・ファース/マシュー・ブロデリック,single,2026/10/3,https://res.cloudinary.com/hf9tv6vn/image/upload/53-49A.jpg,表面,portrait ,https://res.cloudinary.com/hf9tv6vn/image/upload/53-49B.jpg,裏面,portrait,,,,,,,
53-50,マーリー 世界一おバカな犬が教えてくれたこと,マ,2008,,デヴィッド・フランケル,オーウェン・ウィルソン/ジェニファー・アニストン/エリック・デイン/キャスリーン・ターナー/アラン・アーキン,single,2026/10/3,https://res.cloudinary.com/hf9tv6vn/image/upload/53-50A.jpg,表面,portrait ,https://res.cloudinary.com/hf9tv6vn/image/upload/53-50B.jpg,裏面,portrait,,,,,,,
53-51,メイプルソープとコレクター,メ,2007,,ジェームズ・クランプ,ジョアン・ジュリエット・バック/サム・ワグスタッフ/ロバート・メイプルソープ/ドミニク・ダン/パティ・スミス/ティモシー・グリーンフィールド＝サンダース/ジョン・シャーカフスキー/ピエール・アプラクシン/フィリップ・ガーナー,single,2026/10/3,https://res.cloudinary.com/hf9tv6vn/image/upload/53-51A.jpg,表面,portrait ,https://res.cloudinary.com/hf9tv6vn/image/upload/53-51B.jpg,裏面,portrait,,,,,,,
53-52,映画は映画だ,エ,2008,,チャン・フン,ソ・ジソブ/カン・ジファン,single,2026/10/3,https://res.cloudinary.com/hf9tv6vn/image/upload/53-52A.jpg,表面,portrait ,https://res.cloudinary.com/hf9tv6vn/image/upload/53-52B.jpg,裏面,portrait,,,,,,,
53-53,ディファイアンス,デ,2008,,エドワード・ズウィック,ダニエル・クレイグ/リーヴ・シュレイバー/ジェイミー・ベル,single,2026/10/3,https://res.cloudinary.com/hf9tv6vn/image/upload/53-53A.jpg,表面,portrait ,https://res.cloudinary.com/hf9tv6vn/image/upload/53-53B.jpg,裏面,portrait,,,,,,,
53-54,PVC-1［余命85分］,P,2007,,スピロス・スタソロプロス,メリダ・ウルキーア/ダニエル・パエス/アルベルト・ソルノサ/ウーゴ・ペレイラ/パトリシア・ルエダ,single,2026/10/3,https://res.cloudinary.com/hf9tv6vn/image/upload/53-54A.jpg,表面,portrait ,https://res.cloudinary.com/hf9tv6vn/image/upload/53-54B.jpg,裏面,portrait,,,,,,,
53-55,THIS IS ENGLAND,T,2006,,シェーン・メドウス,トーマス・ターグーズ/スティーヴン・グレアム/ジョー・ハートリー/アンドリュー・シム/ヴィッキー・マクルーア/ジョセフ・ギルガン,single,2026/10/3,https://res.cloudinary.com/hf9tv6vn/image/upload/53-55A.jpg,表面,landscape,https://res.cloudinary.com/hf9tv6vn/image/upload/53-55B.jpg,裏面,landscape,,,,,,,
53-56,マリア・カラスの真実,マ,2007,,フィリップ・コーリー,マリア・カラス/ジョヴァンニ・バッティスタ・メネギーニ/アリストテレス・オナシス/ルキノ・ヴィスコンティ/ピエル・パオロ・パゾリーニ/グレース・ケリー/ジャクリーン・ケネディ,single,2026/10/3,https://res.cloudinary.com/hf9tv6vn/image/upload/53-56A.jpg,表面,portrait ,https://res.cloudinary.com/hf9tv6vn/image/upload/53-56B.jpg,裏面,portrait,,,,,,,
53-57,エンプレス/運命の戦い,エ,2008,,チン・シウトン,ケリー・チャン/レオン・ライ/ドニー・イェン,single,2026/10/3,https://res.cloudinary.com/hf9tv6vn/image/upload/53-57A.jpg,表面,portrait ,https://res.cloudinary.com/hf9tv6vn/image/upload/53-57B.jpg,裏面,portrait,,,,,,,
53-58,カンフーシェフ,カ,2008,,イップ・ウィンキン,サモ・ハン・キンポー/ヴァネス・ウー/加護亜依/チェリー・イン/ラム・ジーチョン/ティミー・ハン・ティン・ミン/ブルース・リャン/ルイス・ファン,single,2026/10/3,https://res.cloudinary.com/hf9tv6vn/image/upload/53-58A.jpg,表面,portrait ,https://res.cloudinary.com/hf9tv6vn/image/upload/53-58B.jpg,裏面,portrait,,,,,,,
53-59,サガン -悲しみよ こんにちは-,サ,2008,,ディアーヌ・キュリス,シルヴィー・テステュー,single,2026/10/3,https://res.cloudinary.com/hf9tv6vn/image/upload/53-59A.jpg,表面,portrait ,https://res.cloudinary.com/hf9tv6vn/image/upload/53-59B.jpg,裏面,portrait,,,,,,,
53-60,ダウト〜あるカトリック学校で〜,ダ,2008,,ジョン・パトリック・シャンリー,メリル・ストリープ/フィリップ・シーモア・ホフマン/エイミー・アダムス/ヴィオラ・デイヴィス,single,2026/10/3,https://res.cloudinary.com/hf9tv6vn/image/upload/53-60A.jpg,表面,portrait ,https://res.cloudinary.com/hf9tv6vn/image/upload/53-60B.jpg,裏面,portrait,,,,,,,
53-61,ロックンローラ,ロ,2008,,ガイ・リッチー,ジェラルド・バトラー/トム・ウィルキンソン/タンディ・ニュートン/マーク・ストロング/イドリス・エルバ/トム・ハーディ/トビー・ケベル/ジェレミー・ピヴェン/クリス・ブリッジス,single,2026/10/3,https://res.cloudinary.com/hf9tv6vn/image/upload/53-61A.jpg,表面,portrait ,https://res.cloudinary.com/hf9tv6vn/image/upload/53-61B.jpg,裏面,portrait,,,,,,,
53-62,パッセンジャーズ,パ,2008,,ロドリゴ・ガルシア,アン・ハサウェイ/パトリック・ウィルソン,single,2026/10/3,https://res.cloudinary.com/hf9tv6vn/image/upload/53-62A.jpg,表面,portrait ,https://res.cloudinary.com/hf9tv6vn/image/upload/53-62B.jpg,裏面,portrait,,,,,,,
53-63,REPO！レポ,R,2008,,ダーレン・リン・バウズマン,アレクサ・ヴェガ/アンソニー・ヘッド/ポール・ソルヴィノ/パリス・ヒルトン/ビル・モーズリー/サラ・ブライトマン,single,2026/10/3,https://res.cloudinary.com/hf9tv6vn/image/upload/53-63A.jpg,表面,portrait ,https://res.cloudinary.com/hf9tv6vn/image/upload/53-63B.jpg,裏面,portrait,,,,,,,
53-64,人生に乾杯!,ジ,2007,,ガーボル・ロホニ,エミル・ケレシュ/テリ・フェルディ,single,2026/10/3,https://res.cloudinary.com/hf9tv6vn/image/upload/53-64A.jpg,表面,portrait ,https://res.cloudinary.com/hf9tv6vn/image/upload/53-64B.jpg,裏面,portrait,,,,,,,
53-65,テラー トレイン,テ,2008,,ギデオン・ラフ,ソーラ・バーチ,single,2026/10/3,https://res.cloudinary.com/hf9tv6vn/image/upload/53-65A.jpg,表面,portrait ,https://res.cloudinary.com/hf9tv6vn/image/upload/53-65B.jpg,裏面,portrait,,,,,,,
53-66,ザ・コーヴ,ザ,2009,,ルイ・シホヨス,ルイ・シホヨス/リック・オバリー/サイモン・ハッチンズ/チャールズ・ハンブルトン/ジョー・チズルム/マンディ＝レイ・クルークシャンク/カーク・クラック/C.スコット・ベイカー/ハーディー・ジョーンズ/マイケル・イリフ/イアン・キャンベル/ポール・ワトソン/ダグ・デマスター/デヴィッド・ラストヴィッチ/ロジャー・ペイン/ダン・グッドマン/ジョン・ポッター/ジョン・フラー/アサートン・マーティン/ブルック・エイトキン,single,2026/10/3,https://res.cloudinary.com/hf9tv6vn/image/upload/53-66A.jpg,表面,portrait ,https://res.cloudinary.com/hf9tv6vn/image/upload/53-66B.jpg,裏面,portrait,,,,,,,
53-67,コララインとボタンの魔女,コ,2009,,ヘンリー・セリック,ダコタ・ファニング/テリー・ハッチャー,bifold,2026/10/3,https://res.cloudinary.com/hf9tv6vn/image/upload/53-67A.jpg,表面,portrait ,https://res.cloudinary.com/hf9tv6vn/image/upload/53-67B.jpg,裏面,portrait,https://res.cloudinary.com/hf9tv6vn/image/upload/53-67C.jpg,中面,landscape,,,,
53-68,恋するベーカリー,コ,2009,,ナンシー・マイヤーズ,メリル・ストリープ/スティーヴ・マーティン/アレック・ボールドウィン,single,2026/10/3,https://res.cloudinary.com/hf9tv6vn/image/upload/53-68A.jpg,表面,portrait ,https://res.cloudinary.com/hf9tv6vn/image/upload/53-68B.jpg,裏面,portrait,,,,,,,
53-69,バレンタインデー,バ,2010,,ゲイリー・マーシャル,ジェシカ・アルバ/キャシー・ベイツ/ジェシカ・ビール/ブラッドリー・クーパー/エリック・デイン/パトリック・デンプシー/ヘクター・エリゾンド/ジェイミー・フォックス/ジェニファー・ガーナー/トファー・グレイス/アン・ハサウェイ/アシュトン・カッチャー/クィーン・ラティファ/テイラー・ロートナー/ジョージ・ロペス/シャーリー・マクレーン/エマ・ロバーツ/ジュリア・ロバーツ/テイラー・スウィフト,single,2026/10/3,https://res.cloudinary.com/hf9tv6vn/image/upload/53-69A.jpg,表面,portrait ,https://res.cloudinary.com/hf9tv6vn/image/upload/53-69B.jpg,裏面,portrait,,,,,,,
53-70,TEKKEN -鉄拳-,T,2009,,ドワイト・リトル,ジョン・フー/ケリー・オーヴァートン/ケイリー＝ヒロユキ・タガワ/イアン・アンソニー・デイル/ダリン・デウィット・ヘンソン/ルーク・ゴス/ゲイリー・ダニエルズ/カン・リー/ミルセア・モンロー/キャンディス・ヒルブランド/タムリン・トミタ/ラティフ・クロウダー,single,2026/10/3,https://res.cloudinary.com/hf9tv6vn/image/upload/53-70A.jpg,表面,portrait ,https://res.cloudinary.com/hf9tv6vn/image/upload/53-70B.jpg,裏面,portrait,,,,,,,
53-71,シスタースマイル ドミニクの歌,シ,2009,,ステイン・コニンクス,セシル・ドゥ・フランス/サンドリーヌ・ブランク,single,2026/10/3,https://res.cloudinary.com/hf9tv6vn/image/upload/53-71A.jpg,表面,portrait ,https://res.cloudinary.com/hf9tv6vn/image/upload/53-71B.jpg,裏面,portrait,,,,,,,
53-72,アバター,ア,2009,,ジェームズ・キャメロン,サム・ワーシントン/ゾーイ・サルダナ/シガニー・ウィーバー/スティーヴン・ラング/ミシェル・ロドリゲス/ジョヴァンニ・リビシ/ジョエル・デヴィッド・ムーア/ディリープ・ラオ/ラズ・アロンソ/ウェス・ステュディ/CCH・パウンダー,single,2026/10/3,https://res.cloudinary.com/hf9tv6vn/image/upload/53-72A.jpg,表面,portrait ,https://res.cloudinary.com/hf9tv6vn/image/upload/53-72B.jpg,裏面,portrait,,,,,,,
53-73,フィリップ/きみを愛してる!,フ,2009,,グレン・フィカーラ/ジョン・レクア,ジム・キャリー/ユアン・マクレガー,bifold,2026/10/3,https://res.cloudinary.com/hf9tv6vn/image/upload/53-73A.jpg,表面,portrait ,https://res.cloudinary.com/hf9tv6vn/image/upload/53-73B.jpg,裏面,portrait,https://res.cloudinary.com/hf9tv6vn/image/upload/53-73C.jpg,中面,landscape,,,,
53-74,金瓶梅,キ,2008,,チン・マンケイ,ラム・ワイキン/若菜ひかる/早川瀬里奈,single,2026/10/3,https://res.cloudinary.com/hf9tv6vn/image/upload/53-74A.jpg,表面,portrait ,https://res.cloudinary.com/hf9tv6vn/image/upload/53-74B.jpg,裏面,portrait,,,,,,,
53-75,処刑山 -デッド卐スノウ-,シ,2009,,トミー・ウィルコラ,ヴェガー・ホエル/スティグ・フロード・ヘンリクセンシャーロット・フログナー,single,2026/10/3,https://res.cloudinary.com/hf9tv6vn/image/upload/53-75A.jpg,表面,portrait ,https://res.cloudinary.com/hf9tv6vn/image/upload/53-75B.jpg,裏面,portrait,,,,,,,
53-76,第9地区,ダ,2009,,ニール・ブロムカンプ,シャールト・コプリー,single,2026/10/3,https://res.cloudinary.com/hf9tv6vn/image/upload/53-76A.jpg,表面,portrait ,https://res.cloudinary.com/hf9tv6vn/image/upload/53-76B.jpg,裏面,portrait,,,,,,,
53-77,第9地区,ダ,2009,,ニール・ブロムカンプ,シャールト・コプリー,bifold,2026/10/3,https://res.cloudinary.com/hf9tv6vn/image/upload/53-77A.jpg,表面,portrait ,https://res.cloudinary.com/hf9tv6vn/image/upload/53-77B.jpg,裏面,portrait,https://res.cloudinary.com/hf9tv6vn/image/upload/53-77C.jpg,中面,landscape,,,,
53-78,隣の家の少女,ト,2007,,グレゴリー・M・ウィルソン,ブライス・オーファース/ダニエル・マンシェ/ブランシェ・ベイカー/グラント・ショウ/グレアム・パトリック・マーティン/ベンジャミン・ロス・カプラン/オースティン・ウィリアムズ/ウィリアム・アサートン,single,2026/10/3,https://res.cloudinary.com/hf9tv6vn/image/upload/53-78A.jpg,表面,portrait ,https://res.cloudinary.com/hf9tv6vn/image/upload/53-78B.jpg,裏面,portrait,,,,,,,
53-79,隣の家の少女,ト,2007,,グレゴリー・M・ウィルソン,ブライス・オーファース/ダニエル・マンシェ/ブランシェ・ベイカー/グラント・ショウ/グレアム・パトリック・マーティン/ベンジャミン・ロス・カプラン/オースティン・ウィリアムズ/ウィリアム・アサートン,single,2026/10/3,https://res.cloudinary.com/hf9tv6vn/image/upload/53-79A.jpg,表面,portrait ,https://res.cloudinary.com/hf9tv6vn/image/upload/53-79B.jpg,裏面,portrait,,,,,,,
53-80,クロッシング,ク,2008,,キム・テギュン,チャ・インピョ/シン・ミョンチョル,single,2026/10/3,https://res.cloudinary.com/hf9tv6vn/image/upload/53-80A.jpg,表面,portrait ,https://res.cloudinary.com/hf9tv6vn/image/upload/53-80B.jpg,裏面,portrait,,,,,,,
53-81,ザ・ウォーカー,ザ,2010,,アルバート・ヒューズ/アレン・ヒューズ,デンゼル・ワシントン/ゲイリー・オールドマン,single,2026/10/3,https://res.cloudinary.com/hf9tv6vn/image/upload/53-81A.jpg,表面,portrait ,https://res.cloudinary.com/hf9tv6vn/image/upload/53-81B.jpg,裏面,landscape,,,,,,,
53-82,セックス・アンド・ザ・シティ2,セ,2008,,マイケル・パトリック・キング,サラ・ジェシカ・パーカー/キム・キャトラル/クリスティン・デイビス/シンシア・ニクソン,single,2026/10/3,https://res.cloudinary.com/hf9tv6vn/image/upload/53-82A.jpg,表面,portrait ,https://res.cloudinary.com/hf9tv6vn/image/upload/53-82B.jpg,裏面,portrait,,,,,,,
53-83,セックス・アンド・ザ・シティ2,セ,2008,,マイケル・パトリック・キング,サラ・ジェシカ・パーカー/キム・キャトラル/クリスティン・デイビス/シンシア・ニクソン,single,2026/10/3,https://res.cloudinary.com/hf9tv6vn/image/upload/53-83A.jpg,表面,portrait ,https://res.cloudinary.com/hf9tv6vn/image/upload/53-83B.jpg,裏面,portrait,,,,,,,
53-84,シェルター,シ,2010,,モンス・モーリンド/ビョルン・スタイン,ジュリアン・ムーア/ジョナサン・リース＝マイヤーズ,single,2026/10/3,https://res.cloudinary.com/hf9tv6vn/image/upload/53-84A.jpg,表面,portrait ,https://res.cloudinary.com/hf9tv6vn/image/upload/53-84B.jpg,裏面,portrait,,,,,,,
53-85,プリンス・オブ・ペルシャ/時間の砂,プ,2010,,マイク・ニューウェル,ジェイク・ジレンホール/ジェマ・アータートン/ベン・キングズレー/アルフレッド・モリーナ,single,2026/10/3,https://res.cloudinary.com/hf9tv6vn/image/upload/53-85A.jpg,表面,portrait ,https://res.cloudinary.com/hf9tv6vn/image/upload/53-85B.jpg,裏面,portrait,,,,,,,
53-86,しあわせの隠れ場所,シ,2009,,ジョン・リー・ハンコック,サンドラ・ブロック/ティム・マグロウ/クィントン・アーロン/キャシー・ベイツ,single,2026/10/3,https://res.cloudinary.com/hf9tv6vn/image/upload/53-86A.jpg,表面,portrait ,https://res.cloudinary.com/hf9tv6vn/image/upload/53-86B.jpg,裏面,portrait,,,,,,,
53-87,トイ・ストーリー3,ト,2010,,リー・アンクリッチ,トム・ハンクス/ティム・アレン/ジョーン・キューザック,single,2026/10/3,https://res.cloudinary.com/hf9tv6vn/image/upload/53-87A.jpg,表面,portrait ,https://res.cloudinary.com/hf9tv6vn/image/upload/53-87B.jpg,裏面,portrait,,,,,,,
53-88,NINE,N,2009,,ロブ・マーシャル,ダニエル・デイ＝ルイス/マリオン・コティヤール/ペネロペ・クルス/ジュディ・デンチ/ファーギー/ケイト・ハドソン/ニコール・キッドマン/ソフィア・ローレン,single,2026/10/3,https://res.cloudinary.com/hf9tv6vn/image/upload/53-88A.jpg,表面,portrait ,https://res.cloudinary.com/hf9tv6vn/image/upload/53-88B.jpg,裏面,portrait,,,,,,,
53-89,ヒックとドラゴン,ヒ,2010,,ディーン・デュボア/クリス・サンダース,ジェラルド・バトラー/ジェイ・バルチェル,single,2026/10/3,https://res.cloudinary.com/hf9tv6vn/image/upload/53-89A.jpg,表面,portrait ,https://res.cloudinary.com/hf9tv6vn/image/upload/53-89B.jpg,裏面,portrait,,,,,,,
53-90,ジョニー・マッド・ドッグ,ジ,2008,,ジャン＝ステファーヌ・ソヴェール,クリストファー・ミニー/デージ・ヴィクトリア・ヴァンディ,single,2026/10/3,https://res.cloudinary.com/hf9tv6vn/image/upload/53-90A.jpg,表面,portrait ,https://res.cloudinary.com/hf9tv6vn/image/upload/53-90B.jpg,裏面,portrait,,,,,,,
53-91,ジョニー・マッド・ドッグ,ジ,2008,,ジャン＝ステファーヌ・ソヴェール,クリストファー・ミニー/デージ・ヴィクトリア・ヴァンディ,single,2026/10/3,https://res.cloudinary.com/hf9tv6vn/image/upload/53-91A.jpg,表面,portrait ,https://res.cloudinary.com/hf9tv6vn/image/upload/53-91B.jpg,裏面,portrait,,,,,,,
53-92,ドン・ジョヴァンニ ～天才劇作家とモーツァルトの出会い～,ド,2009,,カルロス・サウラ,ロレンツォ・バルドゥッチ/リノ・グワンチャーレ/エミリア・ヴェルジネッリ,single,2026/10/3,https://res.cloudinary.com/hf9tv6vn/image/upload/53-92A.jpg,表面,portrait ,https://res.cloudinary.com/hf9tv6vn/image/upload/53-92B.jpg,裏面,portrait,,,,,,,
53-93,ハート・ロッカー,ハ,2008,,キャスリン・ビグロー,ジェレミー・レナー/アンソニー・マッキー/ブライアン・ジェラティ,bifold,2026/10/3,https://res.cloudinary.com/hf9tv6vn/image/upload/53-93A.jpg,表面,portrait ,https://res.cloudinary.com/hf9tv6vn/image/upload/53-93B.jpg,裏面,portrait,https://res.cloudinary.com/hf9tv6vn/image/upload/53-93C.jpg,中面,landscape,,,,
53-94,月に囚われた男,ツ,2009,,ダンカン・ジョーンズ,サム・ロックウェル/ロビン・チョーク/ケヴィン・スペイシー/ドミニク・マケリゴット/カヤ・スコデラリオ/ベネディクト・ウォン/マット・ベリー/マルコム・スチュワート,single,2026/10/3,https://res.cloudinary.com/hf9tv6vn/image/upload/53-94A.jpg,表面,portrait ,https://res.cloudinary.com/hf9tv6vn/image/upload/53-94B.jpg,裏面,portrait,,,,,,,
53-95,オーケストラ!,オ,2009,,ラデュ・ミヘイレアニュ,アレクセイ・グシュコフメラニー・ロラン/ミュウ＝ミュウ/フランソワ・ベルレアン/ドミトリー・ナザロフ/ヴァレリー・バリノフ/アンナ・カメンコヴァ/リオネル・アベランスキ/アレクサンダー・コミッサロフ/ラムジー・ベディア,single,2026/10/3,https://res.cloudinary.com/hf9tv6vn/image/upload/53-95A.jpg,表面,portrait ,https://res.cloudinary.com/hf9tv6vn/image/upload/53-95B.jpg,裏面,portrait,,,,,,,
53-96,17歳の肖像,1,2009,,ロネ・シェルフィグ,キャリー・マリガン/ピーター・サースガード,single,2026/10/3,https://res.cloudinary.com/hf9tv6vn/image/upload/53-96A.jpg,表面,portrait ,https://res.cloudinary.com/hf9tv6vn/image/upload/53-96B.jpg,裏面,portrait,,,,,,,
53-97,ONE SHOT ONE KILL 兵士になるということ,O,2010,,藤本幸久,,single,2026/10/3,https://res.cloudinary.com/hf9tv6vn/image/upload/53-97A.jpg,表面,portrait ,https://res.cloudinary.com/hf9tv6vn/image/upload/53-97B.jpg,裏面,portrait,,,,,,,
53-98,去年マリエンバートで HDニューマスター版,キ,2010,,アラン・レネ,デルフィーヌ・セイリグ/ジョルジュ・アルベルタッツィ/サッシャ・ピトエフ,single,2026/10/3,https://res.cloudinary.com/hf9tv6vn/image/upload/53-98A.jpg,表面,portrait ,https://res.cloudinary.com/hf9tv6vn/image/upload/53-98B.jpg,裏面,portrait,,,,,,,
53-99,シャッター アイランド,シ,2010,,マーティン・スコセッシ,レオナルド・ディカプリオ/マーク・ラファロ,bifold,2026/10/3,https://res.cloudinary.com/hf9tv6vn/image/upload/53-99A.jpg,表面,portrait ,https://res.cloudinary.com/hf9tv6vn/image/upload/53-99B.jpg,裏面,portrait,https://res.cloudinary.com/hf9tv6vn/image/upload/53-99C.jpg,中面,landscape,,,,
53-100,ウルフマン,ウ,2010,,ジョー・ジョンストン,ベニチオ・デル・トロ/アンソニー・ホプキンス,single,2026/10/3,https://res.cloudinary.com/hf9tv6vn/image/upload/53-100A.jpg,表面,portrait ,https://res.cloudinary.com/hf9tv6vn/image/upload/53-100B.jpg,裏面,portrait,,,,,,,
53-101,ウルフマン,ウ,2010,,ジョー・ジョンストン,ベニチオ・デル・トロ/アンソニー・ホプキンス,single,2026/10/3,https://res.cloudinary.com/hf9tv6vn/image/upload/53-101A.jpg,表面,portrait ,https://res.cloudinary.com/hf9tv6vn/image/upload/53-101B.jpg,裏面,portrait,,,,,,,
53-102,ゾンビ HDリマスター ディレクターズ・カット版,ゾ,2010,,ジョージ・A・ロメロ,ケン・フォリー/スコット・H・ライニガー/デヴィッド・エムゲ/ゲイラン・ロス,single,2026/10/3,https://res.cloudinary.com/hf9tv6vn/image/upload/53-102A.jpg,表面,portrait ,https://res.cloudinary.com/hf9tv6vn/image/upload/53-102B.jpg,裏面,portrait,,,,,,,
53-103,運命のボタン,ウ,2009,,リチャード・ケリー,キャメロン・ディアス/ジェームズ・マースデン/フランク・ランジェラ,single,2026/10/3,https://res.cloudinary.com/hf9tv6vn/image/upload/53-103A.jpg,表面,portrait ,https://res.cloudinary.com/hf9tv6vn/image/upload/53-103B.jpg,裏面,portrait,,,,,,,
53-104,アーマード 武装地帯,ア,2009,,ニムロッド・アーントル,マット・ディロン/ジャン・レノ/ローレンス・フィッシュバーン/アマウリー・ノラスコ/マイロ・ヴィンティミリア/スキート・ウールリッチ/コロンバス・ショート,single,2026/10/3,https://res.cloudinary.com/hf9tv6vn/image/upload/53-104A.jpg,表面,portrait ,https://res.cloudinary.com/hf9tv6vn/image/upload/53-104B.jpg,裏面,portrait,,,,,,,
53-105,やさしい嘘と贈り物,ヤ,2008,,ニコラス・ファクラー,マーティン･ランドー／エレン・バースティン／エリザベス･バンクス／アダム･スコット,single,2026/10/3,https://res.cloudinary.com/hf9tv6vn/image/upload/53-105A.jpg,表面,portrait ,https://res.cloudinary.com/hf9tv6vn/image/upload/53-105B.jpg,裏面,portrait,,,,,,,
53-106,ビルマVJ 消された革命,ビ,2008,,アンドレス・オステルガールド,,single,2026/10/3,https://res.cloudinary.com/hf9tv6vn/image/upload/53-106A.jpg,表面,portrait ,https://res.cloudinary.com/hf9tv6vn/image/upload/53-106B.jpg,裏面,portrait,,,,,,,
53-107,タイタンの戦い,タ,2010,,ルイ・レテリエ,サム・ワーシントン//リーアム・ニーソン/レイフ・ファインズ,single,2026/10/3,https://res.cloudinary.com/hf9tv6vn/image/upload/53-107A.jpg,表面,portrait ,https://res.cloudinary.com/hf9tv6vn/image/upload/53-107B.jpg,裏面,portrait,,,,,,,
53-108,ティンカー・ベルと月の石,テ,2009,,クレイ・ホール,メイ・ホイットマン/ルーシー・リュー,single,2026/10/3,https://res.cloudinary.com/hf9tv6vn/image/upload/53-108A.jpg,表面,portrait ,https://res.cloudinary.com/hf9tv6vn/image/upload/53-108B.jpg,裏面,portrait,,,,,,,
53-109,コロンブス 永遠の海,コ,2007,,マノエル・デ・オリヴェイラ,マノエル・ド・オリヴェイラ/リカルド・トレパ/レオノール・バルダック/マリア・イザベル・ド・オリヴェイラ,single,2026/10/3,https://res.cloudinary.com/hf9tv6vn/image/upload/53-109A.jpg,表面,portrait ,https://res.cloudinary.com/hf9tv6vn/image/upload/53-109B.jpg,裏面,portrait,,,,,,,
53-110,インセプション,イ,2010,,クリストファー・ノーラン,レオナルド・ディカプリオ/渡辺謙/ジョセフ・ゴードン＝レヴィット/マリオン・コティヤール/エリオット・ペイジ/トム・ハーディ/キリアン・マーフィー/トム・ベレンジャー/マイケル・ケイン,single,2026/10/3,https://res.cloudinary.com/hf9tv6vn/image/upload/53-110A.jpg,表面,portrait ,https://res.cloudinary.com/hf9tv6vn/image/upload/53-110B.jpg,裏面,portrait,,,,,,,
53-111,あの夏の子供たち,ア,2009,,ミア・ハンセン＝ラヴ,キアラ・カゼッリ/ルイ＝ドー・ド・ランクザン/アリス・ド・ランクザン/エリック・エルモスニーノ,single,2026/10/3,https://res.cloudinary.com/hf9tv6vn/image/upload/53-111A.jpg,表面,portrait ,https://res.cloudinary.com/hf9tv6vn/image/upload/53-111B.jpg,裏面,portrait,,,,,,,
53-112,処刑人II,シ,2009,,トロイ・ダフィー,ショーン・パトリック・フラナリー/ノーマン・リーダス/クリフトン・コリンズ・Jrジュリー・ベンツ/ビリー・コノリー,single,2026/10/3,https://res.cloudinary.com/hf9tv6vn/image/upload/53-112A.jpg,表面,portrait ,https://res.cloudinary.com/hf9tv6vn/image/upload/53-112B.jpg,裏面,portrait,,,,,,,
53-113,ハーツ・アンド・マインズ ベトナム戦争の真実 デジタル修復版/ウィンター・ソルジャー ベトナム帰還兵の告白,ハ,2010,,ピーター・デイヴィス,,single,2026/10/3,https://res.cloudinary.com/hf9tv6vn/image/upload/53-113A.jpg,表面,portrait ,https://res.cloudinary.com/hf9tv6vn/image/upload/53-113B.jpg,裏面,portrait,,,,,,,
53-114,ソルト,ソ,2010,,フィリップ・ノイス,アンジェリーナ・ジョリー/リーヴ・シュレイバー/キウェテル・イジョフォーダニエル・オルブリフスキー/アウグスト・ディール,single,2026/10/3,https://res.cloudinary.com/hf9tv6vn/image/upload/53-114A.jpg,表面,portrait ,https://res.cloudinary.com/hf9tv6vn/image/upload/53-114B.jpg,裏面,portrait,,,,,,,
